/*******************************************************************************
 * Size: 24 px
 * Bpp: 4
 * Opts: --no-compress --no-prefilter --bpp 4 --size 24 --font f:/my_project_2026/LVGL/lv_port_pc_vscode/lvgl/scripts/built_in_font/SourceHanSansSC-Normal.otf --range 0x20-0x7f --symbols °·–—₂₄℃−▲▼●一上下与两个中串二亮仪传位低体作保信修值光入写准减出创到前剩功势化单原参取右号名周器囊回围型增备大头子字存定实密射局层左已布常序度延建弃式当录待徽态息意感成报择持按换据描提操支改放数整文明映最期机条标栏校样格检模次正步气氢氧氮注测浏消点烷状甲界码硫确碳示种移符等签箭类系统继续编置背胶范菜行表装览言警认记设访证该语误说请调趋辑输运返还进连迟述退选逐递通道采量锁错键问阈限面页顶饰验高（），： --format lvgl --lv-font-name ui_font_CJK_24 --lv-include ../ui.h --force-fast-kern-format -o src/fonts/ui_font_CJK_24.c
 ******************************************************************************/

#ifdef __has_include
    #if __has_include("lvgl.h")
        #ifndef LV_LVGL_H_INCLUDE_SIMPLE
            #define LV_LVGL_H_INCLUDE_SIMPLE
        #endif
    #endif
#endif

#ifdef LV_LVGL_H_INCLUDE_SIMPLE
    #include "lvgl.h"
#else
    #include "../ui.h"
#endif



#ifndef UI_FONT_CJK_24
#define UI_FONT_CJK_24 1
#endif

#if UI_FONT_CJK_24

/*-----------------
 *    BITMAPS
 *----------------*/

/*Store the image of the glyphs*/
static LV_ATTRIBUTE_LARGE_CONST const uint8_t glyph_bitmap[] = {
    /* U+0020 " " */

    /* U+0021 "!" */
    0x3f, 0xb0, 0x3f, 0xb0, 0x2f, 0xb0, 0x2f, 0xa0,
    0x1f, 0xa0, 0x1f, 0x90, 0x1f, 0x90, 0x0f, 0x90,
    0x0f, 0x80, 0x0f, 0x80, 0x0f, 0x70, 0x0e, 0x70,
    0x06, 0x30, 0x00, 0x00, 0x4e, 0xb0, 0x9f, 0xf2,
    0x3d, 0xa0,

    /* U+0022 "\"" */
    0xdf, 0x30, 0x5f, 0xcd, 0xf3, 0x05, 0xfb, 0xcf,
    0x20, 0x4f, 0xba, 0xf1, 0x03, 0xf9, 0x9f, 0x00,
    0x1f, 0x77, 0xe0, 0x00, 0xf6, 0x36, 0x00, 0x07,
    0x20,

    /* U+0023 "#" */
    0x00, 0x00, 0x8c, 0x00, 0x08, 0xc0, 0x00, 0x00,
    0x0a, 0xa0, 0x00, 0xaa, 0x00, 0x00, 0x00, 0xc8,
    0x00, 0x0c, 0x80, 0x00, 0x00, 0x0e, 0x60, 0x00,
    0xe6, 0x00, 0x00, 0x11, 0xf5, 0x11, 0x2f, 0x51,
    0x00, 0x8f, 0xff, 0xff, 0xff, 0xff, 0xf6, 0x02,
    0x47, 0xf4, 0x44, 0x7f, 0x44, 0x10, 0x00, 0x6e,
    0x00, 0x06, 0xe0, 0x00, 0x00, 0x08, 0xc0, 0x00,
    0x9b, 0x00, 0x00, 0x11, 0xba, 0x11, 0x1b, 0xa1,
    0x10, 0x0f, 0xff, 0xff, 0xff, 0xff, 0xfd, 0x00,
    0x44, 0xf8, 0x44, 0x4f, 0x74, 0x30, 0x00, 0x0f,
    0x40, 0x01, 0xf3, 0x00, 0x00, 0x02, 0xf2, 0x00,
    0x3f, 0x10, 0x00, 0x00, 0x4f, 0x00, 0x04, 0xf0,
    0x00, 0x00, 0x06, 0xe0, 0x00, 0x6e, 0x00, 0x00,
    0x00, 0x8c, 0x00, 0x08, 0xc0, 0x00, 0x00,

    /* U+0024 "$" */
    0x00, 0x00, 0x02, 0x10, 0x00, 0x00, 0x00, 0x00,
    0xf6, 0x00, 0x00, 0x00, 0x00, 0x0f, 0x60, 0x00,
    0x00, 0x00, 0x16, 0xfb, 0x40, 0x00, 0x00, 0x6f,
    0xff, 0xff, 0xe3, 0x00, 0x3f, 0xe5, 0x02, 0x6e,
    0xe0, 0x0a, 0xf4, 0x00, 0x00, 0x12, 0x00, 0xcf,
    0x10, 0x00, 0x00, 0x00, 0x0b, 0xf4, 0x00, 0x00,
    0x00, 0x00, 0x6f, 0xd2, 0x00, 0x00, 0x00, 0x00,
    0x9f, 0xf8, 0x10, 0x00, 0x00, 0x00, 0x3d, 0xff,
    0x70, 0x00, 0x00, 0x00, 0x07, 0xff, 0xd2, 0x00,
    0x00, 0x00, 0x01, 0xbf, 0xc0, 0x00, 0x00, 0x00,
    0x00, 0xdf, 0x40, 0x00, 0x00, 0x00, 0x07, 0xf7,
    0x00, 0x00, 0x00, 0x00, 0x6f, 0x70, 0xa2, 0x00,
    0x00, 0x0c, 0xf4, 0x4f, 0xf9, 0x42, 0x4b, 0xfb,
    0x00, 0x2b, 0xff, 0xff, 0xfa, 0x00, 0x00, 0x00,
    0x4f, 0x91, 0x00, 0x00, 0x00, 0x00, 0xf6, 0x00,
    0x00, 0x00, 0x00, 0x0f, 0x60, 0x00, 0x00,

    /* U+0025 "%" */
    0x00, 0x2b, 0xed, 0x90, 0x00, 0x00, 0x00, 0x3f,
    0x30, 0x00, 0x00, 0x1e, 0xc4, 0x5e, 0xc0, 0x00,
    0x00, 0x0c, 0x90, 0x00, 0x00, 0x09, 0xf1, 0x00,
    0x3f, 0x50, 0x00, 0x05, 0xf1, 0x00, 0x00, 0x00,
    0xda, 0x00, 0x00, 0xd9, 0x00, 0x00, 0xe7, 0x00,
    0x00, 0x00, 0x0f, 0x80, 0x00, 0x0b, 0xc0, 0x00,
    0x7e, 0x00, 0x00, 0x00, 0x00, 0xf8, 0x00, 0x00,
    0xbc, 0x00, 0x1f, 0x50, 0x00, 0x00, 0x00, 0x0d,
    0x90, 0x00, 0x0d, 0xa0, 0x09, 0xc0, 0x09, 0xee,
    0xa1, 0x00, 0xae, 0x00, 0x02, 0xf6, 0x03, 0xf3,
    0x0c, 0xe5, 0x5d, 0xd0, 0x02, 0xfa, 0x12, 0xce,
    0x00, 0xc9, 0x05, 0xf3, 0x00, 0x2f, 0x60, 0x04,
    0xef, 0xfc, 0x20, 0x5f, 0x10, 0xad, 0x00, 0x00,
    0xcb, 0x00, 0x00, 0x11, 0x00, 0x0e, 0x70, 0x0c,
    0xa0, 0x00, 0x0a, 0xd0, 0x00, 0x00, 0x00, 0x07,
    0xe0, 0x00, 0xd9, 0x00, 0x00, 0x8e, 0x00, 0x00,
    0x00, 0x01, 0xf5, 0x00, 0x0c, 0xb0, 0x00, 0x0a,
    0xd0, 0x00, 0x00, 0x00, 0x9c, 0x00, 0x00, 0xad,
    0x00, 0x00, 0xcb, 0x00, 0x00, 0x00, 0x3f, 0x30,
    0x00, 0x04, 0xf3, 0x00, 0x2f, 0x60, 0x00, 0x00,
    0x0c, 0x90, 0x00, 0x00, 0x0c, 0xe5, 0x5d, 0xd0,
    0x00, 0x00, 0x05, 0xf1, 0x00, 0x00, 0x00, 0x09,
    0xee, 0xa1, 0x00,

    /* U+0026 "&" */
    0x00, 0x00, 0x19, 0xee, 0xb2, 0x00, 0x00, 0x00,
    0x00, 0x00, 0xef, 0x87, 0xee, 0x10, 0x00, 0x00,
    0x00, 0x07, 0xf5, 0x00, 0x5f, 0x50, 0x00, 0x00,
    0x00, 0x0b, 0xf0, 0x00, 0x3f, 0x60, 0x00, 0x00,
    0x00, 0x0a, 0xf0, 0x00, 0x7f, 0x20, 0x00, 0x00,
    0x00, 0x07, 0xf2, 0x03, 0xf8, 0x00, 0x00, 0x00,
    0x00, 0x02, 0xf8, 0x6f, 0x70, 0x00, 0x00, 0x00,
    0x00, 0x00, 0xcf, 0xe4, 0x00, 0x00, 0x00, 0x10,
    0x00, 0x08, 0xff, 0xd0, 0x00, 0x00, 0x0a, 0xf3,
    0x00, 0xbf, 0x96, 0xfa, 0x00, 0x00, 0x0f, 0xc0,
    0x08, 0xf8, 0x00, 0x9f, 0x80, 0x00, 0x7f, 0x60,
    0x0e, 0xf0, 0x00, 0x0c, 0xf9, 0x01, 0xfd, 0x00,
    0x0f, 0xd0, 0x00, 0x00, 0xbf, 0xab, 0xf3, 0x00,
    0x0e, 0xf1, 0x00, 0x00, 0x0b, 0xff, 0x90, 0x00,
    0x08, 0xfc, 0x10, 0x00, 0x2b, 0xff, 0xf9, 0x10,
    0x00, 0xbf, 0xfb, 0x9c, 0xff, 0x63, 0xcf, 0xf6,
    0x00, 0x05, 0xbe, 0xfd, 0x92, 0x00, 0x05, 0xb4,

    /* U+0027 "'" */
    0xdf, 0x3d, 0xf3, 0xcf, 0x2a, 0xf1, 0x9f, 0x07,
    0xe0, 0x36, 0x00,

    /* U+0028 "(" */
    0x00, 0x00, 0x00, 0x00, 0x9a, 0x00, 0x2f, 0x60,
    0x0a, 0xd0, 0x01, 0xf6, 0x00, 0x7f, 0x10, 0x0d,
    0xb0, 0x01, 0xf7, 0x00, 0x5f, 0x40, 0x08, 0xf1,
    0x00, 0x9f, 0x00, 0x0a, 0xe0, 0x00, 0xbe, 0x00,
    0x0b, 0xe0, 0x00, 0xaf, 0x00, 0x09, 0xf0, 0x00,
    0x6f, 0x30, 0x03, 0xf6, 0x00, 0x0f, 0x90, 0x00,
    0xae, 0x00, 0x04, 0xf4, 0x00, 0x0e, 0xa0, 0x00,
    0x6f, 0x20, 0x00, 0xda, 0x00, 0x03, 0x30,

    /* U+0029 ")" */
    0x00, 0x00, 0x00, 0x0b, 0x80, 0x00, 0x07, 0xf1,
    0x00, 0x00, 0xe9, 0x00, 0x00, 0x8f, 0x10, 0x00,
    0x2f, 0x60, 0x00, 0x0c, 0xc0, 0x00, 0x08, 0xf0,
    0x00, 0x05, 0xf4, 0x00, 0x02, 0xf7, 0x00, 0x01,
    0xf8, 0x00, 0x00, 0xfa, 0x00, 0x00, 0xfb, 0x00,
    0x00, 0xfa, 0x00, 0x00, 0xf9, 0x00, 0x01, 0xf8,
    0x00, 0x04, 0xf5, 0x00, 0x07, 0xf2, 0x00, 0x0a,
    0xe0, 0x00, 0x0f, 0x90, 0x00, 0x5f, 0x30, 0x00,
    0xbd, 0x00, 0x03, 0xf5, 0x00, 0x0b, 0xc0, 0x00,
    0x04, 0x30, 0x00,

    /* U+002A "*" */
    0x00, 0x02, 0xf2, 0x00, 0x00, 0x00, 0x3f, 0x30,
    0x00, 0x2b, 0x87, 0xf8, 0x8b, 0x21, 0x9e, 0xff,
    0xfe, 0x91, 0x00, 0x1f, 0xff, 0x10, 0x00, 0x09,
    0xf7, 0xf9, 0x00, 0x01, 0xf5, 0x05, 0xf2, 0x00,
    0x02, 0x00, 0x02, 0x00,

    /* U+002B "+" */
    0x00, 0x00, 0x02, 0xc4, 0x00, 0x00, 0x00, 0x00,
    0x00, 0x3f, 0x60, 0x00, 0x00, 0x00, 0x00, 0x03,
    0xf6, 0x00, 0x00, 0x00, 0x00, 0x00, 0x3f, 0x60,
    0x00, 0x00, 0x00, 0x00, 0x03, 0xf6, 0x00, 0x00,
    0x00, 0x11, 0x11, 0x5f, 0x71, 0x11, 0x10, 0x1f,
    0xff, 0xff, 0xff, 0xff, 0xff, 0x40, 0x44, 0x44,
    0x7f, 0x94, 0x44, 0x41, 0x00, 0x00, 0x03, 0xf6,
    0x00, 0x00, 0x00, 0x00, 0x00, 0x3f, 0x60, 0x00,
    0x00, 0x00, 0x00, 0x03, 0xf6, 0x00, 0x00, 0x00,
    0x00, 0x00, 0x3f, 0x60, 0x00, 0x00,

    /* U+002C "," */
    0x07, 0xc4, 0x01, 0xff, 0xe0, 0x0a, 0xff, 0x00,
    0x08, 0xf0, 0x00, 0xda, 0x01, 0xce, 0x20, 0x9d,
    0x20, 0x01, 0x00, 0x00,

    /* U+002D "-" */
    0x77, 0x77, 0x77, 0x1e, 0xff, 0xff, 0xf2,

    /* U+002E "." */
    0x00, 0x00, 0x0b, 0xe4, 0x2f, 0xf9, 0x0a, 0xd3,

    /* U+002F "/" */
    0x00, 0x00, 0x00, 0x07, 0xe0, 0x00, 0x00, 0x00,
    0x0c, 0xa0, 0x00, 0x00, 0x00, 0x2f, 0x40, 0x00,
    0x00, 0x00, 0x7f, 0x00, 0x00, 0x00, 0x00, 0xca,
    0x00, 0x00, 0x00, 0x02, 0xf5, 0x00, 0x00, 0x00,
    0x07, 0xf0, 0x00, 0x00, 0x00, 0x0c, 0xa0, 0x00,
    0x00, 0x00, 0x1f, 0x50, 0x00, 0x00, 0x00, 0x7f,
    0x00, 0x00, 0x00, 0x00, 0xca, 0x00, 0x00, 0x00,
    0x01, 0xf5, 0x00, 0x00, 0x00, 0x06, 0xf0, 0x00,
    0x00, 0x00, 0x0c, 0xa0, 0x00, 0x00, 0x00, 0x1f,
    0x50, 0x00, 0x00, 0x00, 0x6f, 0x00, 0x00, 0x00,
    0x00, 0xcb, 0x00, 0x00, 0x00, 0x01, 0xf5, 0x00,
    0x00, 0x00, 0x06, 0xf1, 0x00, 0x00, 0x00, 0x0b,
    0xb0, 0x00, 0x00, 0x00, 0x1f, 0x60, 0x00, 0x00,
    0x00, 0x6f, 0x10, 0x00, 0x00, 0x00, 0x56, 0x00,
    0x00, 0x00, 0x00,

    /* U+0030 "0" */
    0x00, 0x08, 0xdf, 0xe9, 0x10, 0x00, 0x0c, 0xfd,
    0x9c, 0xfe, 0x10, 0x08, 0xfa, 0x00, 0x08, 0xfb,
    0x00, 0xff, 0x00, 0x00, 0x0c, 0xf3, 0x5f, 0xa0,
    0x00, 0x00, 0x7f, 0x88, 0xf5, 0x00, 0x00, 0x02,
    0xfb, 0xaf, 0x40, 0x00, 0x00, 0x1f, 0xdb, 0xf2,
    0x00, 0x00, 0x00, 0xfe, 0xcf, 0x10, 0x00, 0x00,
    0x0f, 0xfb, 0xf2, 0x00, 0x00, 0x00, 0xfe, 0xaf,
    0x40, 0x00, 0x00, 0x1f, 0xd8, 0xf5, 0x00, 0x00,
    0x03, 0xfb, 0x5f, 0xa0, 0x00, 0x00, 0x7f, 0x70,
    0xff, 0x00, 0x00, 0x0d, 0xf2, 0x08, 0xfb, 0x00,
    0x08, 0xfb, 0x00, 0x0c, 0xfe, 0xad, 0xfe, 0x10,
    0x00, 0x08, 0xdf, 0xe9, 0x10, 0x00,

    /* U+0031 "1" */
    0x00, 0x38, 0xff, 0x00, 0x00, 0x0f, 0xff, 0xff,
    0x00, 0x00, 0x05, 0x55, 0xff, 0x00, 0x00, 0x00,
    0x00, 0xef, 0x00, 0x00, 0x00, 0x00, 0xef, 0x00,
    0x00, 0x00, 0x00, 0xef, 0x00, 0x00, 0x00, 0x00,
    0xef, 0x00, 0x00, 0x00, 0x00, 0xef, 0x00, 0x00,
    0x00, 0x00, 0xef, 0x00, 0x00, 0x00, 0x00, 0xef,
    0x00, 0x00, 0x00, 0x00, 0xef, 0x00, 0x00, 0x00,
    0x00, 0xef, 0x00, 0x00, 0x00, 0x00, 0xef, 0x00,
    0x00, 0x00, 0x00, 0xef, 0x00, 0x00, 0x00, 0x00,
    0xef, 0x00, 0x00, 0x89, 0x99, 0xff, 0xa9, 0x95,
    0xdf, 0xff, 0xff, 0xff, 0xf9,

    /* U+0032 "2" */
    0x00, 0x06, 0xce, 0xec, 0x70, 0x00, 0x01, 0xbf,
    0xda, 0xbe, 0xfc, 0x00, 0x0b, 0xf6, 0x00, 0x01,
    0xbf, 0x80, 0x01, 0x30, 0x00, 0x00, 0x2f, 0xd0,
    0x00, 0x00, 0x00, 0x00, 0x0e, 0xf0, 0x00, 0x00,
    0x00, 0x00, 0x0e, 0xf0, 0x00, 0x00, 0x00, 0x00,
    0x2f, 0xd0, 0x00, 0x00, 0x00, 0x00, 0x6f, 0x80,
    0x00, 0x00, 0x00, 0x00, 0xee, 0x10, 0x00, 0x00,
    0x00, 0x09, 0xf7, 0x00, 0x00, 0x00, 0x00, 0x5f,
    0xc0, 0x00, 0x00, 0x00, 0x04, 0xfd, 0x10, 0x00,
    0x00, 0x00, 0x3f, 0xe2, 0x00, 0x00, 0x00, 0x04,
    0xfe, 0x30, 0x00, 0x00, 0x00, 0x5f, 0xe2, 0x00,
    0x00, 0x00, 0x07, 0xff, 0xa8, 0x99, 0x99, 0x99,
    0x0e, 0xff, 0xff, 0xff, 0xff, 0xff,

    /* U+0033 "3" */
    0x00, 0x06, 0xbe, 0xfd, 0x92, 0x00, 0x02, 0xcf,
    0xeb, 0xad, 0xff, 0x30, 0x02, 0xd6, 0x00, 0x00,
    0x7f, 0xe0, 0x00, 0x00, 0x00, 0x00, 0x0e, 0xf1,
    0x00, 0x00, 0x00, 0x00, 0x0e, 0xf1, 0x00, 0x00,
    0x00, 0x00, 0x5f, 0xc0, 0x00, 0x00, 0x01, 0x39,
    0xfd, 0x20, 0x00, 0x00, 0xbf, 0xff, 0x90, 0x00,
    0x00, 0x00, 0x69, 0xbf, 0xfb, 0x10, 0x00, 0x00,
    0x00, 0x01, 0x8f, 0xd0, 0x00, 0x00, 0x00, 0x00,
    0x09, 0xf7, 0x00, 0x00, 0x00, 0x00, 0x04, 0xfb,
    0x00, 0x00, 0x00, 0x00, 0x03, 0xfb, 0x04, 0x10,
    0x00, 0x00, 0x08, 0xf8, 0x1f, 0xe4, 0x00, 0x00,
    0x5f, 0xf2, 0x05, 0xff, 0xda, 0xad, 0xff, 0x50,
    0x00, 0x17, 0xce, 0xfd, 0x91, 0x00,

    /* U+0034 "4" */
    0x00, 0x00, 0x00, 0x06, 0xff, 0x00, 0x00, 0x00,
    0x00, 0x02, 0xff, 0xf0, 0x00, 0x00, 0x00, 0x00,
    0xce, 0xcf, 0x00, 0x00, 0x00, 0x00, 0x8f, 0x6c,
    0xf0, 0x00, 0x00, 0x00, 0x3f, 0xc0, 0xdf, 0x00,
    0x00, 0x00, 0x0d, 0xf2, 0x0d, 0xf0, 0x00, 0x00,
    0x09, 0xf6, 0x00, 0xdf, 0x00, 0x00, 0x04, 0xfa,
    0x00, 0x0d, 0xf0, 0x00, 0x01, 0xee, 0x10, 0x00,
    0xdf, 0x00, 0x00, 0xaf, 0x40, 0x00, 0x0d, 0xf0,
    0x00, 0x5f, 0xd8, 0x88, 0x88, 0xef, 0x88, 0x38,
    0xff, 0xff, 0xff, 0xff, 0xff, 0xf6, 0x00, 0x00,
    0x00, 0x00, 0xdf, 0x00, 0x00, 0x00, 0x00, 0x00,
    0x0d, 0xf0, 0x00, 0x00, 0x00, 0x00, 0x00, 0xdf,
    0x00, 0x00, 0x00, 0x00, 0x00, 0x0d, 0xf0, 0x00,
    0x00, 0x00, 0x00, 0x00, 0xdf, 0x00, 0x00,

    /* U+0035 "5" */
    0x00, 0x6f, 0xff, 0xff, 0xff, 0xf0, 0x00, 0x7f,
    0xca, 0xaa, 0xaa, 0xa0, 0x00, 0x8f, 0x40, 0x00,
    0x00, 0x00, 0x00, 0x9f, 0x30, 0x00, 0x00, 0x00,
    0x00, 0xaf, 0x10, 0x00, 0x00, 0x00, 0x00, 0xcf,
    0x00, 0x10, 0x00, 0x00, 0x00, 0xdf, 0xaf, 0xff,
    0xd5, 0x00, 0x00, 0xcf, 0xa6, 0x69, 0xff, 0x90,
    0x00, 0x02, 0x00, 0x00, 0x2f, 0xf4, 0x00, 0x00,
    0x00, 0x00, 0x07, 0xf9, 0x00, 0x00, 0x00, 0x00,
    0x03, 0xfc, 0x00, 0x00, 0x00, 0x00, 0x02, 0xfd,
    0x00, 0x00, 0x00, 0x00, 0x04, 0xfa, 0x03, 0x00,
    0x00, 0x00, 0x0b, 0xf6, 0x1f, 0xd3, 0x00, 0x00,
    0x8f, 0xd0, 0x06, 0xff, 0xda, 0xbe, 0xfd, 0x20,
    0x00, 0x18, 0xce, 0xfc, 0x70, 0x00,

    /* U+0036 "6" */
    0x00, 0x01, 0x8d, 0xfd, 0xa3, 0x00, 0x00, 0x3e,
    0xfd, 0xab, 0xef, 0x60, 0x01, 0xef, 0x50, 0x00,
    0x07, 0x10, 0x09, 0xf6, 0x00, 0x00, 0x00, 0x00,
    0x0f, 0xd0, 0x00, 0x00, 0x00, 0x00, 0x4f, 0x80,
    0x00, 0x00, 0x00, 0x00, 0x7f, 0x52, 0xbf, 0xfe,
    0x90, 0x00, 0x8f, 0x8e, 0xa5, 0x6b, 0xfd, 0x00,
    0x9f, 0xf5, 0x00, 0x00, 0x9f, 0x80, 0x8f, 0x70,
    0x00, 0x00, 0x1f, 0xd0, 0x6f, 0x60, 0x00, 0x00,
    0x0d, 0xf0, 0x4f, 0x80, 0x00, 0x00, 0x0c, 0xf1,
    0x2f, 0xc0, 0x00, 0x00, 0x0e, 0xe0, 0x0a, 0xf3,
    0x00, 0x00, 0x3f, 0xb0, 0x03, 0xfd, 0x20, 0x01,
    0xcf, 0x30, 0x00, 0x7f, 0xfb, 0x9e, 0xf7, 0x00,
    0x00, 0x04, 0xbe, 0xeb, 0x40, 0x00,

    /* U+0037 "7" */
    0xdf, 0xff, 0xff, 0xff, 0xff, 0xf0, 0x8a, 0xaa,
    0xaa, 0xaa, 0xcf, 0xc0, 0x00, 0x00, 0x00, 0x00,
    0xbe, 0x10, 0x00, 0x00, 0x00, 0x06, 0xf5, 0x00,
    0x00, 0x00, 0x00, 0x1e, 0xc0, 0x00, 0x00, 0x00,
    0x00, 0x9f, 0x40, 0x00, 0x00, 0x00, 0x00, 0xfd,
    0x00, 0x00, 0x00, 0x00, 0x06, 0xf6, 0x00, 0x00,
    0x00, 0x00, 0x0d, 0xf0, 0x00, 0x00, 0x00, 0x00,
    0x1f, 0xc0, 0x00, 0x00, 0x00, 0x00, 0x5f, 0x90,
    0x00, 0x00, 0x00, 0x00, 0x8f, 0x60, 0x00, 0x00,
    0x00, 0x00, 0xcf, 0x30, 0x00, 0x00, 0x00, 0x00,
    0xdf, 0x10, 0x00, 0x00, 0x00, 0x00, 0xff, 0x00,
    0x00, 0x00, 0x00, 0x00, 0xff, 0x00, 0x00, 0x00,
    0x00, 0x02, 0xfe, 0x00, 0x00, 0x00,

    /* U+0038 "8" */
    0x00, 0x08, 0xcf, 0xdb, 0x30, 0x00, 0x01, 0xdf,
    0xb7, 0x9e, 0xf6, 0x00, 0x0a, 0xf6, 0x00, 0x01,
    0xef, 0x10, 0x0e, 0xe0, 0x00, 0x00, 0x7f, 0x40,
    0x0f, 0xd0, 0x00, 0x00, 0x4f, 0x60, 0x0b, 0xf1,
    0x00, 0x00, 0x7f, 0x30, 0x03, 0xfc, 0x00, 0x00,
    0xcb, 0x00, 0x00, 0x2e, 0xe6, 0x08, 0xd1, 0x00,
    0x00, 0x6f, 0xbf, 0xff, 0x50, 0x00, 0x09, 0xf6,
    0x01, 0x7e, 0xf7, 0x00, 0x4f, 0x70, 0x00, 0x01,
    0xdf, 0x60, 0xbf, 0x00, 0x00, 0x00, 0x2f, 0xd0,
    0xde, 0x00, 0x00, 0x00, 0x0d, 0xf0, 0xbf, 0x20,
    0x00, 0x00, 0x0f, 0xe0, 0x5f, 0xc1, 0x00, 0x00,
    0x9f, 0x90, 0x08, 0xff, 0xa8, 0x9d, 0xfb, 0x00,
    0x00, 0x3a, 0xdf, 0xdb, 0x50, 0x00,

    /* U+0039 "9" */
    0x00, 0x3b, 0xee, 0xb5, 0x00, 0x00, 0x6f, 0xe9,
    0x9d, 0xf9, 0x00, 0x2f, 0xd1, 0x00, 0x09, 0xf7,
    0x09, 0xf4, 0x00, 0x00, 0x0d, 0xe0, 0xcf, 0x00,
    0x00, 0x00, 0x6f, 0x6d, 0xf0, 0x00, 0x00, 0x03,
    0xf9, 0xbf, 0x10, 0x00, 0x00, 0x1f, 0xb8, 0xf8,
    0x00, 0x00, 0x0b, 0xfd, 0x0e, 0xf9, 0x32, 0x6d,
    0xaf, 0xc0, 0x2b, 0xff, 0xff, 0x61, 0xfc, 0x00,
    0x01, 0x33, 0x00, 0x3f, 0xa0, 0x00, 0x00, 0x00,
    0x06, 0xf6, 0x00, 0x00, 0x00, 0x00, 0xcf, 0x20,
    0x00, 0x00, 0x00, 0x4f, 0xc0, 0x0a, 0x30, 0x00,
    0x4f, 0xf3, 0x03, 0xef, 0xca, 0xdf, 0xf5, 0x00,
    0x01, 0x9c, 0xfe, 0xa2, 0x00, 0x00,

    /* U+003A ":" */
    0x0a, 0xd3, 0x2f, 0xf9, 0x0b, 0xe4, 0x00, 0x00,
    0x00, 0x00, 0x00, 0x00, 0x00, 0x00, 0x00, 0x00,
    0x00, 0x00, 0x00, 0x00, 0x0b, 0xe4, 0x2f, 0xf9,
    0x0a, 0xd3,

    /* U+003B ";" */
    0x0a, 0xd3, 0x02, 0xff, 0x90, 0x0b, 0xe4, 0x00,
    0x00, 0x00, 0x00, 0x00, 0x00, 0x00, 0x00, 0x00,
    0x00, 0x00, 0x00, 0x00, 0x00, 0x00, 0x00, 0x00,
    0x00, 0x07, 0xc4, 0x01, 0xff, 0xe0, 0x0a, 0xff,
    0x00, 0x08, 0xf0, 0x00, 0xda, 0x01, 0xce, 0x20,
    0x9d, 0x20, 0x01, 0x00, 0x00,

    /* U+003C "<" */
    0x00, 0x00, 0x00, 0x00, 0x00, 0x28, 0x30, 0x00,
    0x00, 0x00, 0x06, 0xcf, 0xf3, 0x00, 0x00, 0x03,
    0x9f, 0xfd, 0x71, 0x00, 0x01, 0x7d, 0xfe, 0x93,
    0x00, 0x00, 0x0b, 0xff, 0xa4, 0x00, 0x00, 0x00,
    0x01, 0xff, 0x71, 0x00, 0x00, 0x00, 0x00, 0x05,
    0xbf, 0xfa, 0x50, 0x00, 0x00, 0x00, 0x00, 0x17,
    0xdf, 0xe9, 0x30, 0x00, 0x00, 0x00, 0x00, 0x4a,
    0xff, 0xd7, 0x10, 0x00, 0x00, 0x00, 0x00, 0x6c,
    0xf4, 0x00, 0x00, 0x00, 0x00, 0x00, 0x02, 0x10,

    /* U+003D "=" */
    0x01, 0x11, 0x11, 0x11, 0x11, 0x11, 0x01, 0xff,
    0xff, 0xff, 0xff, 0xff, 0xf4, 0x04, 0x44, 0x44,
    0x44, 0x44, 0x44, 0x10, 0x00, 0x00, 0x00, 0x00,
    0x00, 0x00, 0x00, 0x00, 0x00, 0x00, 0x00, 0x00,
    0x00, 0x00, 0x00, 0x00, 0x00, 0x00, 0x00, 0x02,
    0x22, 0x22, 0x22, 0x22, 0x22, 0x01, 0xff, 0xff,
    0xff, 0xff, 0xff, 0xf4, 0x04, 0x44, 0x44, 0x44,
    0x44, 0x44, 0x10,

    /* U+003E ">" */
    0x19, 0x30, 0x00, 0x00, 0x00, 0x00, 0x01, 0xff,
    0xd7, 0x10, 0x00, 0x00, 0x00, 0x01, 0x6c, 0xff,
    0xb5, 0x00, 0x00, 0x00, 0x00, 0x02, 0x8d, 0xfe,
    0x82, 0x00, 0x00, 0x00, 0x00, 0x03, 0x9f, 0xfc,
    0x20, 0x00, 0x00, 0x00, 0x00, 0x6f, 0xf4, 0x00,
    0x00, 0x00, 0x49, 0xff, 0xc6, 0x00, 0x00, 0x28,
    0xef, 0xe8, 0x20, 0x00, 0x06, 0xcf, 0xfb, 0x50,
    0x00, 0x00, 0x01, 0xfd, 0x71, 0x00, 0x00, 0x00,
    0x00, 0x04, 0x00, 0x00, 0x00, 0x00, 0x00, 0x00,

    /* U+003F "?" */
    0x02, 0x9e, 0xfd, 0x91, 0x04, 0xef, 0xca, 0xdf,
    0xe2, 0x7b, 0x10, 0x00, 0x9f, 0xa0, 0x00, 0x00,
    0x01, 0xfd, 0x00, 0x00, 0x00, 0x1f, 0xd0, 0x00,
    0x00, 0x07, 0xf7, 0x00, 0x00, 0x03, 0xfc, 0x00,
    0x00, 0x01, 0xee, 0x10, 0x00, 0x00, 0xcf, 0x40,
    0x00, 0x00, 0x6f, 0x80, 0x00, 0x00, 0x0a, 0xf2,
    0x00, 0x00, 0x00, 0x9d, 0x00, 0x00, 0x00, 0x00,
    0x00, 0x00, 0x00, 0x00, 0x00, 0x00, 0x00, 0x00,
    0x0b, 0xe4, 0x00, 0x00, 0x02, 0xff, 0x90, 0x00,
    0x00, 0x0a, 0xd3, 0x00, 0x00,

    /* U+0040 "@" */
    0x00, 0x00, 0x00, 0x04, 0x8c, 0xef, 0xec, 0x82,
    0x00, 0x00, 0x00, 0x00, 0x00, 0x3c, 0xfc, 0x86,
    0x56, 0x9e, 0xf9, 0x00, 0x00, 0x00, 0x00, 0x7f,
    0xb3, 0x00, 0x00, 0x00, 0x08, 0xfc, 0x00, 0x00,
    0x00, 0x8f, 0x70, 0x00, 0x00, 0x00, 0x00, 0x03,
    0xfa, 0x00, 0x00, 0x5f, 0x70, 0x00, 0x00, 0x00,
    0x00, 0x00, 0x08, 0xf3, 0x00, 0x1f, 0xa0, 0x00,
    0x00, 0x00, 0x00, 0x00, 0x00, 0x0e, 0x90, 0x08,
    0xf1, 0x00, 0x00, 0x5c, 0xfd, 0x4e, 0x60, 0x00,
    0xbe, 0x00, 0xe9, 0x00, 0x00, 0x8f, 0x84, 0x6f,
    0xf3, 0x00, 0x08, 0xf0, 0x3f, 0x40, 0x00, 0x5f,
    0x50, 0x00, 0x9f, 0x00, 0x00, 0x6f, 0x07, 0xf0,
    0x00, 0x0e, 0xb0, 0x00, 0x0b, 0xd0, 0x00, 0x07,
    0xe0, 0x8e, 0x00, 0x03, 0xf6, 0x00, 0x00, 0xe9,
    0x00, 0x00, 0xab, 0x0a, 0xd0, 0x00, 0x5f, 0x30,
    0x00, 0x1f, 0x60, 0x00, 0x0e, 0x70, 0x9e, 0x00,
    0x04, 0xf5, 0x00, 0x06, 0xf5, 0x00, 0x08, 0xd0,
    0x08, 0xf0, 0x00, 0x0e, 0xc1, 0x17, 0xdd, 0xb1,
    0x18, 0xf4, 0x00, 0x5f, 0x30, 0x00, 0x3d, 0xff,
    0xa0, 0x4d, 0xff, 0xb2, 0x00, 0x00, 0xfa, 0x00,
    0x00, 0x01, 0x00, 0x00, 0x01, 0x00, 0x00, 0x00,
    0x09, 0xf4, 0x00, 0x00, 0x00, 0x00, 0x00, 0x00,
    0x00, 0x00, 0x00, 0x1e, 0xd0, 0x00, 0x00, 0x00,
    0x00, 0x00, 0x00, 0x00, 0x00, 0x00, 0x3f, 0xd3,
    0x00, 0x00, 0x00, 0x01, 0x10, 0x00, 0x00, 0x00,
    0x00, 0x3d, 0xfb, 0x52, 0x12, 0x59, 0xf8, 0x00,
    0x00, 0x00, 0x00, 0x00, 0x06, 0xcf, 0xff, 0xff,
    0xd6, 0x00, 0x00, 0x00, 0x00, 0x00, 0x00, 0x00,
    0x02, 0x32, 0x00, 0x00, 0x00, 0x00, 0x00,

    /* U+0041 "A" */
    0x00, 0x00, 0x01, 0xff, 0x70, 0x00, 0x00, 0x00,
    0x00, 0x00, 0x6f, 0xed, 0x00, 0x00, 0x00, 0x00,
    0x00, 0x0c, 0xd7, 0xf2, 0x00, 0x00, 0x00, 0x00,
    0x01, 0xf8, 0x2f, 0x80, 0x00, 0x00, 0x00, 0x00,
    0x7f, 0x30, 0xde, 0x00, 0x00, 0x00, 0x00, 0x0d,
    0xe0, 0x08, 0xf3, 0x00, 0x00, 0x00, 0x02, 0xf9,
    0x00, 0x3f, 0x90, 0x00, 0x00, 0x00, 0x8f, 0x40,
    0x00, 0xee, 0x00, 0x00, 0x00, 0x0d, 0xe0, 0x00,
    0x08, 0xf4, 0x00, 0x00, 0x03, 0xf9, 0x00, 0x00,
    0x3f, 0xa0, 0x00, 0x00, 0x9f, 0xff, 0xff, 0xff,
    0xff, 0x00, 0x00, 0x0e, 0xe8, 0x88, 0x88, 0x8c,
    0xf5, 0x00, 0x04, 0xf9, 0x00, 0x00, 0x00, 0x3f,
    0xb0, 0x00, 0xaf, 0x40, 0x00, 0x00, 0x00, 0xef,
    0x10, 0x0f, 0xe0, 0x00, 0x00, 0x00, 0x09, 0xf7,
    0x05, 0xf9, 0x00, 0x00, 0x00, 0x00, 0x4f, 0xc0,
    0xbf, 0x40, 0x00, 0x00, 0x00, 0x00, 0xef, 0x20,

    /* U+0042 "B" */
    0x8f, 0xff, 0xff, 0xed, 0x93, 0x00, 0x08, 0xfb,
    0x88, 0x9a, 0xdf, 0xf6, 0x00, 0x8f, 0x60, 0x00,
    0x00, 0x4f, 0xf2, 0x08, 0xf6, 0x00, 0x00, 0x00,
    0x9f, 0x60, 0x8f, 0x60, 0x00, 0x00, 0x08, 0xf7,
    0x08, 0xf6, 0x00, 0x00, 0x00, 0xcf, 0x30, 0x8f,
    0x60, 0x00, 0x15, 0xcf, 0x80, 0x08, 0xff, 0xff,
    0xff, 0xff, 0x60, 0x00, 0x8f, 0xb7, 0x78, 0x9b,
    0xff, 0xb1, 0x08, 0xf6, 0x00, 0x00, 0x00, 0x8f,
    0xd0, 0x8f, 0x60, 0x00, 0x00, 0x00, 0xbf, 0x48,
    0xf6, 0x00, 0x00, 0x00, 0x07, 0xf7, 0x8f, 0x60,
    0x00, 0x00, 0x00, 0x8f, 0x68, 0xf6, 0x00, 0x00,
    0x00, 0x0d, 0xf3, 0x8f, 0x60, 0x00, 0x00, 0x1a,
    0xfb, 0x08, 0xfb, 0x88, 0x8a, 0xcf, 0xfc, 0x00,
    0x8f, 0xff, 0xff, 0xed, 0xa4, 0x00, 0x00,

    /* U+0043 "C" */
    0x00, 0x00, 0x28, 0xde, 0xfd, 0x81, 0x00, 0x00,
    0x07, 0xff, 0xfd, 0xcf, 0xfe, 0x30, 0x00, 0x8f,
    0xf6, 0x00, 0x00, 0x5f, 0x70, 0x02, 0xff, 0x30,
    0x00, 0x00, 0x01, 0x00, 0x0b, 0xf7, 0x00, 0x00,
    0x00, 0x00, 0x00, 0x2f, 0xe0, 0x00, 0x00, 0x00,
    0x00, 0x00, 0x6f, 0xb0, 0x00, 0x00, 0x00, 0x00,
    0x00, 0x7f, 0x90, 0x00, 0x00, 0x00, 0x00, 0x00,
    0x8f, 0x70, 0x00, 0x00, 0x00, 0x00, 0x00, 0x8f,
    0x90, 0x00, 0x00, 0x00, 0x00, 0x00, 0x6f, 0xb0,
    0x00, 0x00, 0x00, 0x00, 0x00, 0x2f, 0xe0, 0x00,
    0x00, 0x00, 0x00, 0x00, 0x0c, 0xf7, 0x00, 0x00,
    0x00, 0x00, 0x00, 0x02, 0xfe, 0x20, 0x00, 0x00,
    0x01, 0x40, 0x00, 0x9f, 0xf6, 0x00, 0x00, 0x5e,
    0xf1, 0x00, 0x08, 0xff, 0xfd, 0xcf, 0xff, 0x50,
    0x00, 0x00, 0x29, 0xdf, 0xfd, 0x81, 0x00,

    /* U+0044 "D" */
    0x8f, 0xff, 0xff, 0xda, 0x50, 0x00, 0x08, 0xfc,
    0x99, 0xbe, 0xff, 0xd2, 0x00, 0x8f, 0x60, 0x00,
    0x02, 0xcf, 0xf2, 0x08, 0xf6, 0x00, 0x00, 0x00,
    0x9f, 0xc0, 0x8f, 0x60, 0x00, 0x00, 0x01, 0xff,
    0x48, 0xf6, 0x00, 0x00, 0x00, 0x08, 0xf9, 0x8f,
    0x60, 0x00, 0x00, 0x00, 0x5f, 0xc8, 0xf6, 0x00,
    0x00, 0x00, 0x03, 0xfe, 0x8f, 0x60, 0x00, 0x00,
    0x00, 0x1f, 0xf8, 0xf6, 0x00, 0x00, 0x00, 0x03,
    0xfe, 0x8f, 0x60, 0x00, 0x00, 0x00, 0x5f, 0xc8,
    0xf6, 0x00, 0x00, 0x00, 0x08, 0xf9, 0x8f, 0x60,
    0x00, 0x00, 0x01, 0xff, 0x38, 0xf6, 0x00, 0x00,
    0x00, 0xaf, 0xc0, 0x8f, 0x60, 0x00, 0x03, 0xdf,
    0xe2, 0x08, 0xfc, 0x9a, 0xcf, 0xff, 0xd2, 0x00,
    0x8f, 0xff, 0xff, 0xda, 0x50, 0x00, 0x00,

    /* U+0045 "E" */
    0x8f, 0xff, 0xff, 0xff, 0xff, 0x78, 0xfc, 0xaa,
    0xaa, 0xaa, 0xa4, 0x8f, 0x60, 0x00, 0x00, 0x00,
    0x08, 0xf6, 0x00, 0x00, 0x00, 0x00, 0x8f, 0x60,
    0x00, 0x00, 0x00, 0x08, 0xf6, 0x00, 0x00, 0x00,
    0x00, 0x8f, 0x60, 0x00, 0x00, 0x00, 0x08, 0xff,
    0xff, 0xff, 0xff, 0x20, 0x8f, 0xca, 0xaa, 0xaa,
    0xa1, 0x08, 0xf6, 0x00, 0x00, 0x00, 0x00, 0x8f,
    0x60, 0x00, 0x00, 0x00, 0x08, 0xf6, 0x00, 0x00,
    0x00, 0x00, 0x8f, 0x60, 0x00, 0x00, 0x00, 0x08,
    0xf6, 0x00, 0x00, 0x00, 0x00, 0x8f, 0x60, 0x00,
    0x00, 0x00, 0x08, 0xfc, 0xaa, 0xaa, 0xaa, 0xa7,
    0x8f, 0xff, 0xff, 0xff, 0xff, 0xb0,

    /* U+0046 "F" */
    0x8f, 0xff, 0xff, 0xff, 0xff, 0x68, 0xfc, 0xaa,
    0xaa, 0xaa, 0xa4, 0x8f, 0x60, 0x00, 0x00, 0x00,
    0x08, 0xf6, 0x00, 0x00, 0x00, 0x00, 0x8f, 0x60,
    0x00, 0x00, 0x00, 0x08, 0xf6, 0x00, 0x00, 0x00,
    0x00, 0x8f, 0x60, 0x00, 0x00, 0x00, 0x08, 0xfc,
    0xaa, 0xaa, 0xaa, 0x20, 0x8f, 0xff, 0xff, 0xff,
    0xf3, 0x08, 0xf6, 0x00, 0x00, 0x00, 0x00, 0x8f,
    0x60, 0x00, 0x00, 0x00, 0x08, 0xf6, 0x00, 0x00,
    0x00, 0x00, 0x8f, 0x60, 0x00, 0x00, 0x00, 0x08,
    0xf6, 0x00, 0x00, 0x00, 0x00, 0x8f, 0x60, 0x00,
    0x00, 0x00, 0x08, 0xf6, 0x00, 0x00, 0x00, 0x00,
    0x8f, 0x60, 0x00, 0x00, 0x00, 0x00,

    /* U+0047 "G" */
    0x00, 0x00, 0x17, 0xce, 0xfd, 0xa4, 0x00, 0x00,
    0x06, 0xff, 0xfe, 0xce, 0xff, 0x90, 0x00, 0x7f,
    0xf8, 0x10, 0x00, 0x2a, 0xd1, 0x02, 0xff, 0x30,
    0x00, 0x00, 0x00, 0x00, 0x0b, 0xf8, 0x00, 0x00,
    0x00, 0x00, 0x00, 0x2f, 0xe0, 0x00, 0x00, 0x00,
    0x00, 0x00, 0x6f, 0xb0, 0x00, 0x00, 0x00, 0x00,
    0x00, 0x7f, 0x90, 0x00, 0x00, 0x00, 0x00, 0x00,
    0x8f, 0x70, 0x00, 0x01, 0xff, 0xff, 0xf9, 0x8f,
    0x90, 0x00, 0x00, 0x99, 0x9b, 0xf9, 0x6f, 0xb0,
    0x00, 0x00, 0x00, 0x03, 0xf9, 0x2f, 0xe0, 0x00,
    0x00, 0x00, 0x03, 0xf9, 0x0b, 0xf7, 0x00, 0x00,
    0x00, 0x03, 0xf9, 0x02, 0xff, 0x30, 0x00, 0x00,
    0x03, 0xf9, 0x00, 0x8f, 0xf7, 0x10, 0x00, 0x1a,
    0xf9, 0x00, 0x07, 0xff, 0xfe, 0xcd, 0xff, 0xd2,
    0x00, 0x00, 0x28, 0xde, 0xfe, 0xb5, 0x00,

    /* U+0048 "H" */
    0x8f, 0x60, 0x00, 0x00, 0x00, 0x1f, 0xe8, 0xf6,
    0x00, 0x00, 0x00, 0x01, 0xfe, 0x8f, 0x60, 0x00,
    0x00, 0x00, 0x1f, 0xe8, 0xf6, 0x00, 0x00, 0x00,
    0x01, 0xfe, 0x8f, 0x60, 0x00, 0x00, 0x00, 0x1f,
    0xe8, 0xf6, 0x00, 0x00, 0x00, 0x01, 0xfe, 0x8f,
    0x60, 0x00, 0x00, 0x00, 0x1f, 0xe8, 0xff, 0xff,
    0xff, 0xff, 0xff, 0xfe, 0x8f, 0xda, 0xaa, 0xaa,
    0xaa, 0xbf, 0xe8, 0xf6, 0x00, 0x00, 0x00, 0x01,
    0xfe, 0x8f, 0x60, 0x00, 0x00, 0x00, 0x1f, 0xe8,
    0xf6, 0x00, 0x00, 0x00, 0x01, 0xfe, 0x8f, 0x60,
    0x00, 0x00, 0x00, 0x1f, 0xe8, 0xf6, 0x00, 0x00,
    0x00, 0x01, 0xfe, 0x8f, 0x60, 0x00, 0x00, 0x00,
    0x1f, 0xe8, 0xf6, 0x00, 0x00, 0x00, 0x01, 0xfe,
    0x8f, 0x60, 0x00, 0x00, 0x00, 0x1f, 0xe0,

    /* U+0049 "I" */
    0x8f, 0x68, 0xf6, 0x8f, 0x68, 0xf6, 0x8f, 0x68,
    0xf6, 0x8f, 0x68, 0xf6, 0x8f, 0x68, 0xf6, 0x8f,
    0x68, 0xf6, 0x8f, 0x68, 0xf6, 0x8f, 0x68, 0xf6,
    0x8f, 0x60,

    /* U+004A "J" */
    0x00, 0x00, 0x00, 0x00, 0xaf, 0x50, 0x00, 0x00,
    0x00, 0x0a, 0xf5, 0x00, 0x00, 0x00, 0x00, 0xaf,
    0x50, 0x00, 0x00, 0x00, 0x0a, 0xf5, 0x00, 0x00,
    0x00, 0x00, 0xaf, 0x50, 0x00, 0x00, 0x00, 0x0a,
    0xf5, 0x00, 0x00, 0x00, 0x00, 0xaf, 0x50, 0x00,
    0x00, 0x00, 0x0a, 0xf5, 0x00, 0x00, 0x00, 0x00,
    0xaf, 0x50, 0x00, 0x00, 0x00, 0x0a, 0xf5, 0x00,
    0x00, 0x00, 0x00, 0xaf, 0x50, 0x00, 0x00, 0x00,
    0x0a, 0xf5, 0x00, 0x00, 0x00, 0x00, 0xbf, 0x40,
    0x14, 0x00, 0x00, 0x0e, 0xf1, 0x0d, 0xf5, 0x00,
    0x08, 0xfc, 0x00, 0x3f, 0xff, 0xce, 0xfe, 0x30,
    0x00, 0x29, 0xef, 0xda, 0x10, 0x00,

    /* U+004B "K" */
    0x8f, 0x60, 0x00, 0x00, 0x05, 0xfd, 0x10, 0x8f,
    0x60, 0x00, 0x00, 0x3f, 0xe2, 0x00, 0x8f, 0x60,
    0x00, 0x02, 0xef, 0x30, 0x00, 0x8f, 0x60, 0x00,
    0x1d, 0xf5, 0x00, 0x00, 0x8f, 0x60, 0x00, 0xcf,
    0x70, 0x00, 0x00, 0x8f, 0x60, 0x0a, 0xf9, 0x00,
    0x00, 0x00, 0x8f, 0x60, 0x8f, 0xf0, 0x00, 0x00,
    0x00, 0x8f, 0x66, 0xff, 0xf7, 0x00, 0x00, 0x00,
    0x8f, 0xbf, 0xe4, 0xff, 0x10, 0x00, 0x00, 0x8f,
    0xff, 0x30, 0x7f, 0xa0, 0x00, 0x00, 0x8f, 0xf5,
    0x00, 0x0d, 0xf4, 0x00, 0x00, 0x8f, 0x80, 0x00,
    0x04, 0xfd, 0x00, 0x00, 0x8f, 0x60, 0x00, 0x00,
    0xbf, 0x70, 0x00, 0x8f, 0x60, 0x00, 0x00, 0x2f,
    0xf1, 0x00, 0x8f, 0x60, 0x00, 0x00, 0x08, 0xfa,
    0x00, 0x8f, 0x60, 0x00, 0x00, 0x00, 0xdf, 0x40,
    0x8f, 0x60, 0x00, 0x00, 0x00, 0x5f, 0xd0,

    /* U+004C "L" */
    0x8f, 0x60, 0x00, 0x00, 0x00, 0x08, 0xf6, 0x00,
    0x00, 0x00, 0x00, 0x8f, 0x60, 0x00, 0x00, 0x00,
    0x08, 0xf6, 0x00, 0x00, 0x00, 0x00, 0x8f, 0x60,
    0x00, 0x00, 0x00, 0x08, 0xf6, 0x00, 0x00, 0x00,
    0x00, 0x8f, 0x60, 0x00, 0x00, 0x00, 0x08, 0xf6,
    0x00, 0x00, 0x00, 0x00, 0x8f, 0x60, 0x00, 0x00,
    0x00, 0x08, 0xf6, 0x00, 0x00, 0x00, 0x00, 0x8f,
    0x60, 0x00, 0x00, 0x00, 0x08, 0xf6, 0x00, 0x00,
    0x00, 0x00, 0x8f, 0x60, 0x00, 0x00, 0x00, 0x08,
    0xf6, 0x00, 0x00, 0x00, 0x00, 0x8f, 0x60, 0x00,
    0x00, 0x00, 0x08, 0xfc, 0xaa, 0xaa, 0xaa, 0xa2,
    0x8f, 0xff, 0xff, 0xff, 0xff, 0x30,

    /* U+004D "M" */
    0x8f, 0xf1, 0x00, 0x00, 0x00, 0x00, 0xcf, 0xd8,
    0xff, 0x70, 0x00, 0x00, 0x00, 0x2f, 0xfd, 0x8f,
    0xdc, 0x00, 0x00, 0x00, 0x08, 0xfd, 0xd8, 0xf8,
    0xf2, 0x00, 0x00, 0x00, 0xea, 0xdd, 0x8f, 0x3f,
    0x80, 0x00, 0x00, 0x4f, 0x5e, 0xd8, 0xf3, 0xbe,
    0x00, 0x00, 0x09, 0xf0, 0xfd, 0x8f, 0x35, 0xf4,
    0x00, 0x00, 0xf9, 0x0f, 0xd8, 0xf3, 0x0f, 0xa0,
    0x00, 0x5f, 0x30, 0xfd, 0x8f, 0x30, 0x9f, 0x00,
    0x0b, 0xd0, 0x0f, 0xd8, 0xf3, 0x03, 0xf6, 0x01,
    0xf7, 0x00, 0xfd, 0x8f, 0x30, 0x0d, 0xc0, 0x6f,
    0x10, 0x0f, 0xd8, 0xf3, 0x00, 0x7f, 0x1c, 0xb0,
    0x00, 0xfd, 0x8f, 0x30, 0x01, 0xf9, 0xf5, 0x00,
    0x0f, 0xd8, 0xf3, 0x00, 0x0b, 0xfe, 0x00, 0x00,
    0xfd, 0x8f, 0x30, 0x00, 0x5f, 0x90, 0x00, 0x0f,
    0xd8, 0xf3, 0x00, 0x00, 0x31, 0x00, 0x00, 0xfd,
    0x8f, 0x30, 0x00, 0x00, 0x00, 0x00, 0x0f, 0xd0,

    /* U+004E "N" */
    0x8f, 0xc0, 0x00, 0x00, 0x00, 0x1f, 0xc8, 0xff,
    0x60, 0x00, 0x00, 0x01, 0xfc, 0x8f, 0xee, 0x10,
    0x00, 0x00, 0x1f, 0xc8, 0xf6, 0xf9, 0x00, 0x00,
    0x01, 0xfc, 0x8f, 0x2b, 0xf3, 0x00, 0x00, 0x1f,
    0xc8, 0xf3, 0x2f, 0xc0, 0x00, 0x01, 0xfc, 0x8f,
    0x40, 0x9f, 0x60, 0x00, 0x1f, 0xc8, 0xf5, 0x00,
    0xee, 0x10, 0x01, 0xfc, 0x8f, 0x50, 0x05, 0xfa,
    0x00, 0x1f, 0xc8, 0xf5, 0x00, 0x0c, 0xf3, 0x01,
    0xfc, 0x8f, 0x50, 0x00, 0x2f, 0xd0, 0x0f, 0xc8,
    0xf5, 0x00, 0x00, 0x9f, 0x60, 0xfc, 0x8f, 0x50,
    0x00, 0x01, 0xee, 0x0e, 0xc8, 0xf5, 0x00, 0x00,
    0x06, 0xf8, 0xec, 0x8f, 0x50, 0x00, 0x00, 0x0c,
    0xfe, 0xc8, 0xf5, 0x00, 0x00, 0x00, 0x3f, 0xfc,
    0x8f, 0x50, 0x00, 0x00, 0x00, 0x9f, 0xc0,

    /* U+004F "O" */
    0x00, 0x00, 0x39, 0xdf, 0xec, 0x81, 0x00, 0x00,
    0x00, 0x09, 0xff, 0xfc, 0xdf, 0xff, 0x50, 0x00,
    0x00, 0x9f, 0xe5, 0x00, 0x01, 0x8f, 0xf5, 0x00,
    0x03, 0xfe, 0x20, 0x00, 0x00, 0x05, 0xfd, 0x00,
    0x0c, 0xf6, 0x00, 0x00, 0x00, 0x00, 0xbf, 0x70,
    0x2f, 0xe0, 0x00, 0x00, 0x00, 0x00, 0x3f, 0xd0,
    0x6f, 0xb0, 0x00, 0x00, 0x00, 0x00, 0x0f, 0xf1,
    0x8f, 0x90, 0x00, 0x00, 0x00, 0x00, 0x0e, 0xf3,
    0x8f, 0x70, 0x00, 0x00, 0x00, 0x00, 0x0c, 0xf3,
    0x8f, 0x90, 0x00, 0x00, 0x00, 0x00, 0x0e, 0xf2,
    0x6f, 0xb0, 0x00, 0x00, 0x00, 0x00, 0x0f, 0xf1,
    0x2f, 0xe0, 0x00, 0x00, 0x00, 0x00, 0x4f, 0xd0,
    0x0b, 0xf7, 0x00, 0x00, 0x00, 0x00, 0xcf, 0x60,
    0x02, 0xfe, 0x20, 0x00, 0x00, 0x06, 0xfd, 0x00,
    0x00, 0x9f, 0xf5, 0x00, 0x01, 0x8f, 0xf4, 0x00,
    0x00, 0x09, 0xff, 0xfc, 0xdf, 0xff, 0x50, 0x00,
    0x00, 0x00, 0x39, 0xdf, 0xfc, 0x81, 0x00, 0x00,

    /* U+0050 "P" */
    0x8f, 0xff, 0xff, 0xec, 0x82, 0x00, 0x8f, 0xc9,
    0x9a, 0xbe, 0xff, 0x60, 0x8f, 0x60, 0x00, 0x00,
    0x4f, 0xf4, 0x8f, 0x60, 0x00, 0x00, 0x07, 0xf8,
    0x8f, 0x60, 0x00, 0x00, 0x03, 0xfc, 0x8f, 0x60,
    0x00, 0x00, 0x04, 0xfb, 0x8f, 0x60, 0x00, 0x00,
    0x08, 0xf8, 0x8f, 0x60, 0x00, 0x00, 0x5f, 0xf2,
    0x8f, 0xc9, 0x99, 0xbe, 0xff, 0x40, 0x8f, 0xff,
    0xff, 0xdc, 0x71, 0x00, 0x8f, 0x60, 0x00, 0x00,
    0x00, 0x00, 0x8f, 0x60, 0x00, 0x00, 0x00, 0x00,
    0x8f, 0x60, 0x00, 0x00, 0x00, 0x00, 0x8f, 0x60,
    0x00, 0x00, 0x00, 0x00, 0x8f, 0x60, 0x00, 0x00,
    0x00, 0x00, 0x8f, 0x60, 0x00, 0x00, 0x00, 0x00,
    0x8f, 0x60, 0x00, 0x00, 0x00, 0x00,

    /* U+0051 "Q" */
    0x00, 0x00, 0x39, 0xdf, 0xec, 0x71, 0x00, 0x00,
    0x00, 0x08, 0xff, 0xfc, 0xdf, 0xfe, 0x40, 0x00,
    0x00, 0x8f, 0xf5, 0x00, 0x01, 0x9f, 0xf4, 0x00,
    0x02, 0xfe, 0x30, 0x00, 0x00, 0x06, 0xfd, 0x00,
    0x0a, 0xf7, 0x00, 0x00, 0x00, 0x00, 0xcf, 0x60,
    0x1f, 0xf1, 0x00, 0x00, 0x00, 0x00, 0x5f, 0xc0,
    0x5f, 0xb0, 0x00, 0x00, 0x00, 0x00, 0x1f, 0xf0,
    0x7f, 0x90, 0x00, 0x00, 0x00, 0x00, 0x0e, 0xf2,
    0x8f, 0x70, 0x00, 0x00, 0x00, 0x00, 0x0c, 0xf3,
    0x7f, 0x80, 0x00, 0x00, 0x00, 0x00, 0x0d, 0xf2,
    0x5f, 0xa0, 0x00, 0x00, 0x00, 0x00, 0x0f, 0xf0,
    0x3f, 0xc0, 0x00, 0x00, 0x00, 0x00, 0x1f, 0xe0,
    0x0e, 0xf2, 0x00, 0x00, 0x00, 0x00, 0x7f, 0xa0,
    0x07, 0xfa, 0x00, 0x00, 0x00, 0x00, 0xef, 0x20,
    0x01, 0xff, 0x60, 0x00, 0x00, 0x0a, 0xfb, 0x00,
    0x00, 0x3e, 0xf9, 0x10, 0x03, 0xcf, 0xc1, 0x00,
    0x00, 0x02, 0xdf, 0xff, 0xff, 0xfa, 0x00, 0x00,
    0x00, 0x00, 0x04, 0x9f, 0xf7, 0x10, 0x00, 0x00,
    0x00, 0x00, 0x00, 0x0a, 0xfa, 0x00, 0x00, 0x00,
    0x00, 0x00, 0x00, 0x01, 0xdf, 0xc5, 0x10, 0x10,
    0x00, 0x00, 0x00, 0x00, 0x1a, 0xff, 0xff, 0xf6,
    0x00, 0x00, 0x00, 0x00, 0x00, 0x26, 0x89, 0x83,

    /* U+0052 "R" */
    0x8f, 0xff, 0xff, 0xed, 0xa3, 0x00, 0x08, 0xfc,
    0x99, 0x9a, 0xdf, 0xf9, 0x00, 0x8f, 0x60, 0x00,
    0x00, 0x3e, 0xf5, 0x08, 0xf6, 0x00, 0x00, 0x00,
    0x5f, 0xa0, 0x8f, 0x60, 0x00, 0x00, 0x02, 0xfd,
    0x08, 0xf6, 0x00, 0x00, 0x00, 0x4f, 0xb0, 0x8f,
    0x60, 0x00, 0x00, 0x0a, 0xf8, 0x08, 0xf6, 0x00,
    0x01, 0x4b, 0xfe, 0x00, 0x8f, 0xff, 0xff, 0xff,
    0xfb, 0x10, 0x08, 0xfc, 0x88, 0x9f, 0xf2, 0x00,
    0x00, 0x8f, 0x60, 0x00, 0xbf, 0x70, 0x00, 0x08,
    0xf6, 0x00, 0x02, 0xff, 0x10, 0x00, 0x8f, 0x60,
    0x00, 0x08, 0xfa, 0x00, 0x08, 0xf6, 0x00, 0x00,
    0x0e, 0xf4, 0x00, 0x8f, 0x60, 0x00, 0x00, 0x5f,
    0xd0, 0x08, 0xf6, 0x00, 0x00, 0x00, 0xcf, 0x70,
    0x8f, 0x60, 0x00, 0x00, 0x02, 0xff, 0x10,

    /* U+0053 "S" */
    0x00, 0x04, 0xbd, 0xfe, 0xa4, 0x00, 0x00, 0x0a,
    0xff, 0xdc, 0xef, 0xf9, 0x00, 0x07, 0xfd, 0x20,
    0x00, 0x2a, 0xf3, 0x00, 0xcf, 0x30, 0x00, 0x00,
    0x01, 0x00, 0x0e, 0xf1, 0x00, 0x00, 0x00, 0x00,
    0x00, 0xbf, 0x80, 0x00, 0x00, 0x00, 0x00, 0x03,
    0xff, 0xa2, 0x00, 0x00, 0x00, 0x00, 0x03, 0xdf,
    0xfb, 0x50, 0x00, 0x00, 0x00, 0x00, 0x5c, 0xff,
    0xe7, 0x00, 0x00, 0x00, 0x00, 0x03, 0x9f, 0xfc,
    0x10, 0x00, 0x00, 0x00, 0x00, 0x2c, 0xfa, 0x00,
    0x00, 0x00, 0x00, 0x00, 0x1f, 0xf0, 0x00, 0x00,
    0x00, 0x00, 0x00, 0xef, 0x11, 0x91, 0x00, 0x00,
    0x00, 0x2f, 0xe0, 0x8f, 0xe5, 0x00, 0x00, 0x3d,
    0xf7, 0x00, 0x8f, 0xff, 0xcc, 0xef, 0xf9, 0x00,
    0x00, 0x28, 0xce, 0xfd, 0xa3, 0x00, 0x00,

    /* U+0054 "T" */
    0x3f, 0xff, 0xff, 0xff, 0xff, 0xff, 0xf8, 0x2a,
    0xaa, 0xaa, 0xff, 0xba, 0xaa, 0xa5, 0x00, 0x00,
    0x00, 0xdf, 0x20, 0x00, 0x00, 0x00, 0x00, 0x00,
    0xdf, 0x20, 0x00, 0x00, 0x00, 0x00, 0x00, 0xdf,
    0x20, 0x00, 0x00, 0x00, 0x00, 0x00, 0xdf, 0x20,
    0x00, 0x00, 0x00, 0x00, 0x00, 0xdf, 0x20, 0x00,
    0x00, 0x00, 0x00, 0x00, 0xdf, 0x20, 0x00, 0x00,
    0x00, 0x00, 0x00, 0xdf, 0x20, 0x00, 0x00, 0x00,
    0x00, 0x00, 0xdf, 0x20, 0x00, 0x00, 0x00, 0x00,
    0x00, 0xdf, 0x20, 0x00, 0x00, 0x00, 0x00, 0x00,
    0xdf, 0x20, 0x00, 0x00, 0x00, 0x00, 0x00, 0xdf,
    0x20, 0x00, 0x00, 0x00, 0x00, 0x00, 0xdf, 0x20,
    0x00, 0x00, 0x00, 0x00, 0x00, 0xdf, 0x20, 0x00,
    0x00, 0x00, 0x00, 0x00, 0xdf, 0x20, 0x00, 0x00,
    0x00, 0x00, 0x00, 0xdf, 0x20, 0x00, 0x00,

    /* U+0055 "U" */
    0x9f, 0x50, 0x00, 0x00, 0x00, 0x1f, 0xc9, 0xf5,
    0x00, 0x00, 0x00, 0x01, 0xfc, 0x9f, 0x50, 0x00,
    0x00, 0x00, 0x1f, 0xc9, 0xf5, 0x00, 0x00, 0x00,
    0x01, 0xfc, 0x9f, 0x50, 0x00, 0x00, 0x00, 0x1f,
    0xc9, 0xf5, 0x00, 0x00, 0x00, 0x01, 0xfc, 0x9f,
    0x50, 0x00, 0x00, 0x00, 0x1f, 0xc9, 0xf5, 0x00,
    0x00, 0x00, 0x01, 0xfc, 0x9f, 0x50, 0x00, 0x00,
    0x00, 0x1f, 0xc9, 0xf6, 0x00, 0x00, 0x00, 0x01,
    0xfc, 0x8f, 0x60, 0x00, 0x00, 0x00, 0x2f, 0xc7,
    0xf8, 0x00, 0x00, 0x00, 0x03, 0xfb, 0x4f, 0xc0,
    0x00, 0x00, 0x00, 0x7f, 0x80, 0xff, 0x40, 0x00,
    0x00, 0x1e, 0xf3, 0x08, 0xfe, 0x40, 0x00, 0x2c,
    0xfb, 0x00, 0x09, 0xff, 0xec, 0xdf, 0xfb, 0x10,
    0x00, 0x03, 0xbd, 0xfd, 0xb5, 0x00, 0x00,

    /* U+0056 "V" */
    0xcf, 0x40, 0x00, 0x00, 0x00, 0x09, 0xf6, 0x7f,
    0x90, 0x00, 0x00, 0x00, 0x0e, 0xf1, 0x2f, 0xe0,
    0x00, 0x00, 0x00, 0x3f, 0xc0, 0x0c, 0xf3, 0x00,
    0x00, 0x00, 0x8f, 0x60, 0x07, 0xf8, 0x00, 0x00,
    0x00, 0xdf, 0x10, 0x02, 0xfd, 0x00, 0x00, 0x02,
    0xfc, 0x00, 0x00, 0xcf, 0x20, 0x00, 0x07, 0xf6,
    0x00, 0x00, 0x7f, 0x70, 0x00, 0x0c, 0xf1, 0x00,
    0x00, 0x2f, 0xc0, 0x00, 0x1f, 0xc0, 0x00, 0x00,
    0x0c, 0xf1, 0x00, 0x6f, 0x70, 0x00, 0x00, 0x07,
    0xf6, 0x00, 0xbf, 0x10, 0x00, 0x00, 0x02, 0xfb,
    0x00, 0xfc, 0x00, 0x00, 0x00, 0x00, 0xcf, 0x04,
    0xf7, 0x00, 0x00, 0x00, 0x00, 0x7f, 0x59, 0xf1,
    0x00, 0x00, 0x00, 0x00, 0x2f, 0xae, 0xc0, 0x00,
    0x00, 0x00, 0x00, 0x0c, 0xff, 0x70, 0x00, 0x00,
    0x00, 0x00, 0x07, 0xff, 0x20, 0x00, 0x00,

    /* U+0057 "W" */
    0x3f, 0xc0, 0x00, 0x00, 0x08, 0xf8, 0x00, 0x00,
    0x00, 0xcf, 0x10, 0xff, 0x00, 0x00, 0x00, 0xdf,
    0xd0, 0x00, 0x00, 0x0f, 0xe0, 0x0c, 0xf3, 0x00,
    0x00, 0x1f, 0xef, 0x10, 0x00, 0x02, 0xfa, 0x00,
    0x9f, 0x60, 0x00, 0x05, 0xf7, 0xf5, 0x00, 0x00,
    0x6f, 0x70, 0x05, 0xf9, 0x00, 0x00, 0x9f, 0x0f,
    0x90, 0x00, 0x09, 0xf4, 0x00, 0x2f, 0xc0, 0x00,
    0x0e, 0xb0, 0xce, 0x00, 0x00, 0xcf, 0x00, 0x00,
    0xef, 0x00, 0x02, 0xf7, 0x09, 0xf2, 0x00, 0x0f,
    0xd0, 0x00, 0x0a, 0xf3, 0x00, 0x6f, 0x30, 0x4f,
    0x60, 0x03, 0xf9, 0x00, 0x00, 0x7f, 0x60, 0x0a,
    0xf0, 0x01, 0xfa, 0x00, 0x6f, 0x60, 0x00, 0x03,
    0xf9, 0x00, 0xeb, 0x00, 0x0c, 0xe0, 0x0a, 0xf2,
    0x00, 0x00, 0x0f, 0xd0, 0x2f, 0x70, 0x00, 0x8f,
    0x20, 0xdf, 0x00, 0x00, 0x00, 0xcf, 0x06, 0xf2,
    0x00, 0x04, 0xf6, 0x0f, 0xb0, 0x00, 0x00, 0x09,
    0xf3, 0x9e, 0x00, 0x00, 0x0f, 0xa3, 0xf8, 0x00,
    0x00, 0x00, 0x5f, 0x6d, 0xa0, 0x00, 0x00, 0xce,
    0x5f, 0x40, 0x00, 0x00, 0x01, 0xfb, 0xf6, 0x00,
    0x00, 0x07, 0xfb, 0xf1, 0x00, 0x00, 0x00, 0x0e,
    0xff, 0x20, 0x00, 0x00, 0x3f, 0xfd, 0x00, 0x00,
    0x00, 0x00, 0xaf, 0xe0, 0x00, 0x00, 0x00, 0xff,
    0xa0, 0x00, 0x00,

    /* U+0058 "X" */
    0x0e, 0xf3, 0x00, 0x00, 0x00, 0x9f, 0x70, 0x05,
    0xfc, 0x00, 0x00, 0x02, 0xfd, 0x00, 0x00, 0xcf,
    0x50, 0x00, 0x0a, 0xf4, 0x00, 0x00, 0x3f, 0xd0,
    0x00, 0x3f, 0xb0, 0x00, 0x00, 0x09, 0xf7, 0x00,
    0xcf, 0x20, 0x00, 0x00, 0x01, 0xef, 0x15, 0xf9,
    0x00, 0x00, 0x00, 0x00, 0x6f, 0x9d, 0xe1, 0x00,
    0x00, 0x00, 0x00, 0x0d, 0xff, 0x60, 0x00, 0x00,
    0x00, 0x00, 0x09, 0xff, 0x10, 0x00, 0x00, 0x00,
    0x00, 0x2f, 0xdf, 0xa0, 0x00, 0x00, 0x00, 0x00,
    0xbf, 0x1c, 0xf3, 0x00, 0x00, 0x00, 0x05, 0xf8,
    0x03, 0xfd, 0x00, 0x00, 0x00, 0x0e, 0xf1, 0x00,
    0xaf, 0x60, 0x00, 0x00, 0x8f, 0x70, 0x00, 0x1f,
    0xf1, 0x00, 0x02, 0xfd, 0x00, 0x00, 0x07, 0xf9,
    0x00, 0x0a, 0xf5, 0x00, 0x00, 0x00, 0xef, 0x30,
    0x4f, 0xc0, 0x00, 0x00, 0x00, 0x5f, 0xc0,

    /* U+0059 "Y" */
    0xbf, 0x50, 0x00, 0x00, 0x00, 0xcf, 0x43, 0xfd,
    0x00, 0x00, 0x00, 0x3f, 0xc0, 0x0b, 0xf4, 0x00,
    0x00, 0x0b, 0xf4, 0x00, 0x3f, 0xc0, 0x00, 0x03,
    0xfb, 0x00, 0x00, 0xbf, 0x40, 0x00, 0xbf, 0x30,
    0x00, 0x03, 0xfb, 0x00, 0x2f, 0xb0, 0x00, 0x00,
    0x0a, 0xf3, 0x0a, 0xf3, 0x00, 0x00, 0x00, 0x2f,
    0xa2, 0xfb, 0x00, 0x00, 0x00, 0x00, 0xaf, 0xcf,
    0x30, 0x00, 0x00, 0x00, 0x02, 0xff, 0xa0, 0x00,
    0x00, 0x00, 0x00, 0x0b, 0xf4, 0x00, 0x00, 0x00,
    0x00, 0x00, 0xbf, 0x30, 0x00, 0x00, 0x00, 0x00,
    0x0b, 0xf3, 0x00, 0x00, 0x00, 0x00, 0x00, 0xbf,
    0x30, 0x00, 0x00, 0x00, 0x00, 0x0b, 0xf3, 0x00,
    0x00, 0x00, 0x00, 0x00, 0xbf, 0x30, 0x00, 0x00,
    0x00, 0x00, 0x0b, 0xf3, 0x00, 0x00, 0x00,

    /* U+005A "Z" */
    0x0e, 0xff, 0xff, 0xff, 0xff, 0xff, 0x20, 0x9a,
    0xaa, 0xaa, 0xaa, 0xcf, 0xd0, 0x00, 0x00, 0x00,
    0x00, 0x0d, 0xf4, 0x00, 0x00, 0x00, 0x00, 0x08,
    0xf9, 0x00, 0x00, 0x00, 0x00, 0x03, 0xfd, 0x00,
    0x00, 0x00, 0x00, 0x00, 0xdf, 0x40, 0x00, 0x00,
    0x00, 0x00, 0x8f, 0x90, 0x00, 0x00, 0x00, 0x00,
    0x3f, 0xe0, 0x00, 0x00, 0x00, 0x00, 0x0d, 0xf4,
    0x00, 0x00, 0x00, 0x00, 0x08, 0xf9, 0x00, 0x00,
    0x00, 0x00, 0x03, 0xfe, 0x00, 0x00, 0x00, 0x00,
    0x00, 0xdf, 0x40, 0x00, 0x00, 0x00, 0x00, 0x8f,
    0x90, 0x00, 0x00, 0x00, 0x00, 0x3f, 0xe0, 0x00,
    0x00, 0x00, 0x00, 0x0d, 0xf4, 0x00, 0x00, 0x00,
    0x00, 0x08, 0xfe, 0xaa, 0xaa, 0xaa, 0xaa, 0xa2,
    0xcf, 0xff, 0xff, 0xff, 0xff, 0xff, 0x30,

    /* U+005B "[" */
    0x7f, 0xff, 0xf2, 0x7f, 0x21, 0x10, 0x7f, 0x00,
    0x00, 0x7f, 0x00, 0x00, 0x7f, 0x00, 0x00, 0x7f,
    0x00, 0x00, 0x7f, 0x00, 0x00, 0x7f, 0x00, 0x00,
    0x7f, 0x00, 0x00, 0x7f, 0x00, 0x00, 0x7f, 0x00,
    0x00, 0x7f, 0x00, 0x00, 0x7f, 0x00, 0x00, 0x7f,
    0x00, 0x00, 0x7f, 0x00, 0x00, 0x7f, 0x00, 0x00,
    0x7f, 0x00, 0x00, 0x7f, 0x00, 0x00, 0x7f, 0x00,
    0x00, 0x7f, 0x00, 0x00, 0x7f, 0x00, 0x00, 0x7f,
    0xff, 0xf2, 0x12, 0x22, 0x20,

    /* U+005C "\\" */
    0x8e, 0x00, 0x00, 0x00, 0x00, 0x3f, 0x30, 0x00,
    0x00, 0x00, 0x0d, 0x90, 0x00, 0x00, 0x00, 0x08,
    0xe0, 0x00, 0x00, 0x00, 0x03, 0xf3, 0x00, 0x00,
    0x00, 0x00, 0xe8, 0x00, 0x00, 0x00, 0x00, 0x8e,
    0x00, 0x00, 0x00, 0x00, 0x3f, 0x30, 0x00, 0x00,
    0x00, 0x0e, 0x80, 0x00, 0x00, 0x00, 0x09, 0xe0,
    0x00, 0x00, 0x00, 0x03, 0xf3, 0x00, 0x00, 0x00,
    0x00, 0xe8, 0x00, 0x00, 0x00, 0x00, 0x9d, 0x00,
    0x00, 0x00, 0x00, 0x4f, 0x30, 0x00, 0x00, 0x00,
    0x0e, 0x80, 0x00, 0x00, 0x00, 0x09, 0xd0, 0x00,
    0x00, 0x00, 0x04, 0xf3, 0x00, 0x00, 0x00, 0x00,
    0xe8, 0x00, 0x00, 0x00, 0x00, 0x9d, 0x00, 0x00,
    0x00, 0x00, 0x4f, 0x20, 0x00, 0x00, 0x00, 0x0e,
    0x80, 0x00, 0x00, 0x00, 0x0a, 0xd0, 0x00, 0x00,
    0x00, 0x03, 0x70,

    /* U+005D "]" */
    0x3f, 0xff, 0xf6, 0x01, 0x12, 0xf6, 0x00, 0x00,
    0xf6, 0x00, 0x00, 0xf6, 0x00, 0x00, 0xf6, 0x00,
    0x00, 0xf6, 0x00, 0x00, 0xf6, 0x00, 0x00, 0xf6,
    0x00, 0x00, 0xf6, 0x00, 0x00, 0xf6, 0x00, 0x00,
    0xf6, 0x00, 0x00, 0xf6, 0x00, 0x00, 0xf6, 0x00,
    0x00, 0xf6, 0x00, 0x00, 0xf6, 0x00, 0x00, 0xf6,
    0x00, 0x00, 0xf6, 0x00, 0x00, 0xf6, 0x00, 0x00,
    0xf6, 0x00, 0x00, 0xf6, 0x00, 0x00, 0xf6, 0x3f,
    0xff, 0xf6, 0x02, 0x22, 0x20,

    /* U+005E "^" */
    0x00, 0x00, 0x7f, 0xa0, 0x00, 0x00, 0x00, 0x0e,
    0xff, 0x10, 0x00, 0x00, 0x04, 0xf5, 0xf7, 0x00,
    0x00, 0x00, 0xbd, 0x0b, 0xd0, 0x00, 0x00, 0x1f,
    0x70, 0x5f, 0x40, 0x00, 0x08, 0xf1, 0x00, 0xeb,
    0x00, 0x00, 0xeb, 0x00, 0x08, 0xf1, 0x00, 0x5f,
    0x50, 0x00, 0x2f, 0x80, 0x0b, 0xe0, 0x00, 0x00,
    0xce, 0x02, 0xf9, 0x00, 0x00, 0x06, 0xf4,

    /* U+005F "_" */
    0x00, 0x00, 0x00, 0x00, 0x00, 0x00, 0x00, 0xaf,
    0xff, 0xff, 0xff, 0xff, 0xff, 0xf0, 0x23, 0x33,
    0x33, 0x33, 0x33, 0x33, 0x30,

    /* U+0060 "`" */
    0x00, 0x00, 0x00, 0x1c, 0xa0, 0x00, 0x1d, 0xf8,
    0x00, 0x01, 0xcf, 0x60, 0x00, 0x1c, 0xf4, 0x00,
    0x00, 0xb4,

    /* U+0061 "a" */
    0x00, 0x28, 0xcf, 0xeb, 0x40, 0x00, 0x8f, 0xfd,
    0xac, 0xff, 0x50, 0x07, 0x91, 0x00, 0x04, 0xfe,
    0x00, 0x00, 0x00, 0x00, 0x0b, 0xf3, 0x00, 0x00,
    0x00, 0x00, 0x9f, 0x50, 0x00, 0x16, 0xad, 0xff,
    0xf6, 0x01, 0xaf, 0xfa, 0x64, 0x9f, 0x60, 0xdf,
    0x80, 0x00, 0x08, 0xf6, 0x4f, 0x90, 0x00, 0x00,
    0x8f, 0x68, 0xf6, 0x00, 0x00, 0x09, 0xf6, 0x5f,
    0xb0, 0x00, 0x09, 0xff, 0x60, 0xdf, 0xd9, 0xbf,
    0xd8, 0xf6, 0x01, 0xae, 0xfc, 0x70, 0x3f, 0x60,

    /* U+0062 "b" */
    0xbf, 0x30, 0x00, 0x00, 0x00, 0x00, 0xbf, 0x30,
    0x00, 0x00, 0x00, 0x00, 0xbf, 0x30, 0x00, 0x00,
    0x00, 0x00, 0xbf, 0x30, 0x00, 0x00, 0x00, 0x00,
    0xbf, 0x30, 0x00, 0x00, 0x00, 0x00, 0xbf, 0x21,
    0x9e, 0xfc, 0x70, 0x00, 0xbf, 0x8f, 0xfb, 0xcf,
    0xfc, 0x10, 0xbf, 0xf7, 0x00, 0x01, 0xcf, 0x80,
    0xbf, 0x50, 0x00, 0x00, 0x2f, 0xf1, 0xbf, 0x30,
    0x00, 0x00, 0x0c, 0xf3, 0xbf, 0x30, 0x00, 0x00,
    0x0a, 0xf5, 0xbf, 0x30, 0x00, 0x00, 0x09, 0xf6,
    0xbf, 0x30, 0x00, 0x00, 0x0b, 0xf4, 0xbf, 0x30,
    0x00, 0x00, 0x0e, 0xf1, 0xbf, 0x30, 0x00, 0x00,
    0x6f, 0xc0, 0xbf, 0xc3, 0x00, 0x04, 0xff, 0x30,
    0xbf, 0xaf, 0xda, 0xdf, 0xf6, 0x00, 0xbd, 0x04,
    0xbe, 0xda, 0x30, 0x00,

    /* U+0063 "c" */
    0x00, 0x03, 0xad, 0xfc, 0x81, 0x00, 0x08, 0xff,
    0xda, 0xdf, 0xe0, 0x06, 0xfe, 0x30, 0x00, 0x45,
    0x01, 0xff, 0x30, 0x00, 0x00, 0x00, 0x5f, 0xa0,
    0x00, 0x00, 0x00, 0x08, 0xf7, 0x00, 0x00, 0x00,
    0x00, 0xbf, 0x50, 0x00, 0x00, 0x00, 0x09, 0xf6,
    0x00, 0x00, 0x00, 0x00, 0x6f, 0x90, 0x00, 0x00,
    0x00, 0x02, 0xff, 0x20, 0x00, 0x00, 0x00, 0x07,
    0xfd, 0x20, 0x00, 0x3a, 0x00, 0x0a, 0xff, 0xca,
    0xdf, 0xe3, 0x00, 0x04, 0xad, 0xfc, 0x81, 0x00,

    /* U+0064 "d" */
    0x00, 0x00, 0x00, 0x00, 0x06, 0xf7, 0x00, 0x00,
    0x00, 0x00, 0x06, 0xf7, 0x00, 0x00, 0x00, 0x00,
    0x06, 0xf7, 0x00, 0x00, 0x00, 0x00, 0x06, 0xf7,
    0x00, 0x00, 0x00, 0x00, 0x06, 0xf7, 0x00, 0x05,
    0xbe, 0xeb, 0x36, 0xf7, 0x00, 0x9f, 0xfc, 0xad,
    0xfd, 0xf7, 0x07, 0xfe, 0x30, 0x00, 0x5e, 0xf7,
    0x1f, 0xf2, 0x00, 0x00, 0x06, 0xf7, 0x5f, 0xa0,
    0x00, 0x00, 0x06, 0xf7, 0x8f, 0x70, 0x00, 0x00,
    0x06, 0xf7, 0xaf, 0x50, 0x00, 0x00, 0x06, 0xf7,
    0x9f, 0x60, 0x00, 0x00, 0x06, 0xf7, 0x6f, 0x90,
    0x00, 0x00, 0x06, 0xf7, 0x3f, 0xf1, 0x00, 0x00,
    0x08, 0xf7, 0x0a, 0xfb, 0x10, 0x00, 0x9f, 0xf7,
    0x02, 0xdf, 0xfb, 0xbf, 0xe8, 0xf7, 0x00, 0x08,
    0xcf, 0xe9, 0x12, 0xf7,

    /* U+0065 "e" */
    0x00, 0x04, 0xae, 0xeb, 0x60, 0x00, 0x00, 0x9f,
    0xea, 0x9d, 0xfc, 0x00, 0x06, 0xf8, 0x00, 0x00,
    0x7f, 0x70, 0x1f, 0xb0, 0x00, 0x00, 0x0d, 0xe0,
    0x5f, 0x61, 0x11, 0x11, 0x1a, 0xf0, 0x8f, 0xff,
    0xff, 0xff, 0xff, 0xf2, 0xbf, 0x74, 0x44, 0x44,
    0x44, 0x40, 0x9f, 0x60, 0x00, 0x00, 0x00, 0x00,
    0x6f, 0xa0, 0x00, 0x00, 0x00, 0x00, 0x1f, 0xf3,
    0x00, 0x00, 0x00, 0x00, 0x07, 0xfe, 0x30, 0x00,
    0x07, 0x10, 0x00, 0x9f, 0xfc, 0x9b, 0xef, 0x60,
    0x00, 0x03, 0xad, 0xfd, 0xa4, 0x00,

    /* U+0066 "f" */
    0x00, 0x01, 0x9e, 0xeb, 0x20, 0x00, 0xcf, 0xc9,
    0xc0, 0x00, 0x3f, 0xd0, 0x00, 0x00, 0x06, 0xf9,
    0x00, 0x00, 0x00, 0x6f, 0x80, 0x00, 0x00, 0x06,
    0xf8, 0x00, 0x00, 0x3f, 0xff, 0xff, 0xf5, 0x01,
    0x8b, 0xfc, 0x88, 0x30, 0x00, 0x6f, 0x80, 0x00,
    0x00, 0x06, 0xf8, 0x00, 0x00, 0x00, 0x6f, 0x80,
    0x00, 0x00, 0x06, 0xf8, 0x00, 0x00, 0x00, 0x6f,
    0x80, 0x00, 0x00, 0x06, 0xf8, 0x00, 0x00, 0x00,
    0x6f, 0x80, 0x00, 0x00, 0x06, 0xf8, 0x00, 0x00,
    0x00, 0x6f, 0x80, 0x00, 0x00, 0x06, 0xf8, 0x00,
    0x00, 0x00, 0x6f, 0x80, 0x00, 0x00,

    /* U+0067 "g" */
    0x00, 0x19, 0xdf, 0xff, 0xff, 0xfd, 0x00, 0x2f,
    0xfa, 0x79, 0xff, 0xa7, 0x60, 0x0d, 0xf4, 0x00,
    0x03, 0xfc, 0x00, 0x01, 0xfc, 0x00, 0x00, 0x0a,
    0xf1, 0x00, 0x3f, 0xb0, 0x00, 0x00, 0x9f, 0x20,
    0x00, 0xee, 0x10, 0x00, 0x0e, 0xe0, 0x00, 0x04,
    0xfd, 0x41, 0x4c, 0xf5, 0x00, 0x00, 0x0c, 0xef,
    0xff, 0xd5, 0x00, 0x00, 0x08, 0xf1, 0x03, 0x10,
    0x00, 0x00, 0x00, 0xdb, 0x00, 0x00, 0x00, 0x00,
    0x00, 0x0d, 0xd0, 0x00, 0x00, 0x00, 0x00, 0x00,
    0x8f, 0xea, 0x99, 0x98, 0x61, 0x00, 0x02, 0xfe,
    0xff, 0xff, 0xff, 0xf6, 0x02, 0xe9, 0x00, 0x00,
    0x01, 0x6f, 0xe0, 0xaf, 0x10, 0x00, 0x00, 0x00,
    0xfe, 0x09, 0xf5, 0x00, 0x00, 0x00, 0x7f, 0x80,
    0x2e, 0xfb, 0x75, 0x68, 0xdf, 0x90, 0x00, 0x17,
    0xce, 0xfe, 0xc9, 0x20, 0x00,

    /* U+0068 "h" */
    0xbf, 0x30, 0x00, 0x00, 0x00, 0x0b, 0xf3, 0x00,
    0x00, 0x00, 0x00, 0xbf, 0x30, 0x00, 0x00, 0x00,
    0x0b, 0xf3, 0x00, 0x00, 0x00, 0x00, 0xbf, 0x30,
    0x00, 0x00, 0x00, 0x0b, 0xf3, 0x08, 0xdf, 0xd7,
    0x00, 0xbf, 0x5d, 0xfb, 0xcf, 0xf9, 0x0b, 0xff,
    0xa0, 0x00, 0x4f, 0xf1, 0xbf, 0x80, 0x00, 0x00,
    0xbf, 0x4b, 0xf3, 0x00, 0x00, 0x09, 0xf6, 0xbf,
    0x30, 0x00, 0x00, 0x8f, 0x7b, 0xf3, 0x00, 0x00,
    0x08, 0xf7, 0xbf, 0x30, 0x00, 0x00, 0x8f, 0x7b,
    0xf3, 0x00, 0x00, 0x08, 0xf7, 0xbf, 0x30, 0x00,
    0x00, 0x8f, 0x7b, 0xf3, 0x00, 0x00, 0x08, 0xf7,
    0xbf, 0x30, 0x00, 0x00, 0x8f, 0x7b, 0xf3, 0x00,
    0x00, 0x08, 0xf7,

    /* U+0069 "i" */
    0x0a, 0xe3, 0x0f, 0xf7, 0x04, 0x81, 0x00, 0x00,
    0x00, 0x00, 0x0b, 0xf3, 0x0b, 0xf3, 0x0b, 0xf3,
    0x0b, 0xf3, 0x0b, 0xf3, 0x0b, 0xf3, 0x0b, 0xf3,
    0x0b, 0xf3, 0x0b, 0xf3, 0x0b, 0xf3, 0x0b, 0xf3,
    0x0b, 0xf3, 0x0b, 0xf3,

    /* U+006A "j" */
    0x00, 0x00, 0xae, 0x30, 0x00, 0x0f, 0xf7, 0x00,
    0x00, 0x48, 0x10, 0x00, 0x00, 0x00, 0x00, 0x00,
    0x00, 0x00, 0x00, 0x0b, 0xf3, 0x00, 0x00, 0xbf,
    0x30, 0x00, 0x0b, 0xf3, 0x00, 0x00, 0xbf, 0x30,
    0x00, 0x0b, 0xf3, 0x00, 0x00, 0xbf, 0x30, 0x00,
    0x0b, 0xf3, 0x00, 0x00, 0xbf, 0x30, 0x00, 0x0b,
    0xf3, 0x00, 0x00, 0xbf, 0x30, 0x00, 0x0b, 0xf3,
    0x00, 0x00, 0xbf, 0x30, 0x00, 0x0b, 0xf3, 0x00,
    0x00, 0xbf, 0x30, 0x00, 0x0c, 0xf3, 0x00, 0x00,
    0xef, 0x10, 0x89, 0xcf, 0xa0, 0x0c, 0xfe, 0x90,
    0x00,

    /* U+006B "k" */
    0xbf, 0x30, 0x00, 0x00, 0x00, 0x0b, 0xf3, 0x00,
    0x00, 0x00, 0x00, 0xbf, 0x30, 0x00, 0x00, 0x00,
    0x0b, 0xf3, 0x00, 0x00, 0x00, 0x00, 0xbf, 0x30,
    0x00, 0x00, 0x00, 0x0b, 0xf3, 0x00, 0x00, 0x6f,
    0xb0, 0xbf, 0x30, 0x00, 0x3f, 0xd1, 0x0b, 0xf3,
    0x00, 0x1e, 0xf2, 0x00, 0xbf, 0x30, 0x0c, 0xf4,
    0x00, 0x0b, 0xf3, 0x0a, 0xf7, 0x00, 0x00, 0xbf,
    0x37, 0xff, 0x10, 0x00, 0x0b, 0xf7, 0xfd, 0xfa,
    0x00, 0x00, 0xbf, 0xfd, 0x1b, 0xf4, 0x00, 0x0b,
    0xfe, 0x20, 0x2f, 0xe0, 0x00, 0xbf, 0x50, 0x00,
    0x7f, 0x90, 0x0b, 0xf3, 0x00, 0x00, 0xdf, 0x30,
    0xbf, 0x30, 0x00, 0x04, 0xfc, 0x0b, 0xf3, 0x00,
    0x00, 0x0a, 0xf7,

    /* U+006C "l" */
    0xbf, 0x30, 0xbf, 0x30, 0xbf, 0x30, 0xbf, 0x30,
    0xbf, 0x30, 0xbf, 0x30, 0xbf, 0x30, 0xbf, 0x30,
    0xbf, 0x30, 0xbf, 0x30, 0xbf, 0x30, 0xbf, 0x30,
    0xbf, 0x30, 0xbf, 0x30, 0xbf, 0x30, 0xbf, 0x30,
    0x9f, 0xc3, 0x2c, 0xf6,

    /* U+006D "m" */
    0xbe, 0x01, 0x9e, 0xfc, 0x40, 0x01, 0x9e, 0xeb,
    0x20, 0xbf, 0x2d, 0xeb, 0xdf, 0xf3, 0x3e, 0xeb,
    0xef, 0xf2, 0xbf, 0xf8, 0x00, 0x09, 0xfd, 0xf7,
    0x00, 0x0a, 0xf9, 0xbf, 0x70, 0x00, 0x01, 0xff,
    0x50, 0x00, 0x02, 0xfc, 0xbf, 0x30, 0x00, 0x00,
    0xef, 0x10, 0x00, 0x00, 0xfe, 0xbf, 0x30, 0x00,
    0x00, 0xdf, 0x10, 0x00, 0x00, 0xff, 0xbf, 0x30,
    0x00, 0x00, 0xdf, 0x10, 0x00, 0x00, 0xff, 0xbf,
    0x30, 0x00, 0x00, 0xdf, 0x10, 0x00, 0x00, 0xff,
    0xbf, 0x30, 0x00, 0x00, 0xdf, 0x10, 0x00, 0x00,
    0xff, 0xbf, 0x30, 0x00, 0x00, 0xdf, 0x10, 0x00,
    0x00, 0xff, 0xbf, 0x30, 0x00, 0x00, 0xdf, 0x10,
    0x00, 0x00, 0xff, 0xbf, 0x30, 0x00, 0x00, 0xdf,
    0x10, 0x00, 0x00, 0xff, 0xbf, 0x30, 0x00, 0x00,
    0xdf, 0x10, 0x00, 0x00, 0xff,

    /* U+006E "n" */
    0xbe, 0x00, 0x8d, 0xfd, 0x70, 0x0b, 0xf2, 0xdf,
    0xbc, 0xff, 0x90, 0xbf, 0xfa, 0x00, 0x04, 0xff,
    0x1b, 0xf8, 0x00, 0x00, 0x0b, 0xf4, 0xbf, 0x30,
    0x00, 0x00, 0x9f, 0x6b, 0xf3, 0x00, 0x00, 0x08,
    0xf7, 0xbf, 0x30, 0x00, 0x00, 0x8f, 0x7b, 0xf3,
    0x00, 0x00, 0x08, 0xf7, 0xbf, 0x30, 0x00, 0x00,
    0x8f, 0x7b, 0xf3, 0x00, 0x00, 0x08, 0xf7, 0xbf,
    0x30, 0x00, 0x00, 0x8f, 0x7b, 0xf3, 0x00, 0x00,
    0x08, 0xf7, 0xbf, 0x30, 0x00, 0x00, 0x8f, 0x70,

    /* U+006F "o" */
    0x00, 0x04, 0xad, 0xeb, 0x70, 0x00, 0x00, 0x09,
    0xff, 0xcb, 0xef, 0xd3, 0x00, 0x07, 0xfd, 0x20,
    0x00, 0x8f, 0xd0, 0x01, 0xff, 0x20, 0x00, 0x00,
    0xaf, 0x80, 0x6f, 0x90, 0x00, 0x00, 0x02, 0xfd,
    0x08, 0xf6, 0x00, 0x00, 0x00, 0x0f, 0xf0, 0xbf,
    0x50, 0x00, 0x00, 0x00, 0xdf, 0x29, 0xf6, 0x00,
    0x00, 0x00, 0x0f, 0xf0, 0x6f, 0x90, 0x00, 0x00,
    0x02, 0xfd, 0x01, 0xff, 0x10, 0x00, 0x00, 0x9f,
    0x80, 0x07, 0xfc, 0x20, 0x00, 0x7f, 0xd0, 0x00,
    0x09, 0xff, 0xca, 0xef, 0xd3, 0x00, 0x00, 0x04,
    0xad, 0xfc, 0x80, 0x00, 0x00,

    /* U+0070 "p" */
    0xbe, 0x01, 0x9e, 0xfc, 0x70, 0x00, 0xbf, 0x7f,
    0xfb, 0xcf, 0xfc, 0x10, 0xbf, 0xf7, 0x00, 0x01,
    0xcf, 0x80, 0xbf, 0x50, 0x00, 0x00, 0x2f, 0xf0,
    0xbf, 0x30, 0x00, 0x00, 0x0c, 0xf3, 0xbf, 0x30,
    0x00, 0x00, 0x0a, 0xf5, 0xbf, 0x30, 0x00, 0x00,
    0x09, 0xf6, 0xbf, 0x30, 0x00, 0x00, 0x0b, 0xf4,
    0xbf, 0x30, 0x00, 0x00, 0x0e, 0xf1, 0xbf, 0x30,
    0x00, 0x00, 0x6f, 0xc0, 0xbf, 0xc3, 0x00, 0x04,
    0xff, 0x30, 0xbf, 0xcf, 0xda, 0xdf, 0xf6, 0x00,
    0xbf, 0x34, 0xbe, 0xda, 0x30, 0x00, 0xbf, 0x30,
    0x00, 0x00, 0x00, 0x00, 0xbf, 0x30, 0x00, 0x00,
    0x00, 0x00, 0xbf, 0x30, 0x00, 0x00, 0x00, 0x00,
    0xbf, 0x30, 0x00, 0x00, 0x00, 0x00, 0xbf, 0x30,
    0x00, 0x00, 0x00, 0x00,

    /* U+0071 "q" */
    0x00, 0x05, 0xbe, 0xeb, 0x42, 0xf7, 0x00, 0x9f,
    0xfc, 0xad, 0xfc, 0xf7, 0x07, 0xfe, 0x30, 0x00,
    0x5e, 0xf7, 0x1f, 0xf2, 0x00, 0x00, 0x06, 0xf7,
    0x5f, 0xa0, 0x00, 0x00, 0x06, 0xf7, 0x8f, 0x70,
    0x00, 0x00, 0x06, 0xf7, 0xaf, 0x50, 0x00, 0x00,
    0x06, 0xf7, 0x9f, 0x60, 0x00, 0x00, 0x06, 0xf7,
    0x6f, 0x90, 0x00, 0x00, 0x06, 0xf7, 0x3f, 0xf1,
    0x00, 0x00, 0x08, 0xf7, 0x0a, 0xfb, 0x10, 0x00,
    0x9f, 0xf7, 0x02, 0xdf, 0xfb, 0xbf, 0xe9, 0xf7,
    0x00, 0x08, 0xcf, 0xe9, 0x16, 0xf7, 0x00, 0x00,
    0x00, 0x00, 0x06, 0xf7, 0x00, 0x00, 0x00, 0x00,
    0x06, 0xf7, 0x00, 0x00, 0x00, 0x00, 0x06, 0xf7,
    0x00, 0x00, 0x00, 0x00, 0x06, 0xf7, 0x00, 0x00,
    0x00, 0x00, 0x06, 0xf7,

    /* U+0072 "r" */
    0xbe, 0x01, 0xaf, 0xf1, 0xbf, 0x2e, 0xfc, 0xc0,
    0xbf, 0xcb, 0x10, 0x00, 0xbf, 0xd0, 0x00, 0x00,
    0xbf, 0x50, 0x00, 0x00, 0xbf, 0x30, 0x00, 0x00,
    0xbf, 0x30, 0x00, 0x00, 0xbf, 0x30, 0x00, 0x00,
    0xbf, 0x30, 0x00, 0x00, 0xbf, 0x30, 0x00, 0x00,
    0xbf, 0x30, 0x00, 0x00, 0xbf, 0x30, 0x00, 0x00,
    0xbf, 0x30, 0x00, 0x00,

    /* U+0073 "s" */
    0x00, 0x07, 0xcf, 0xeb, 0x50, 0x00, 0x0b, 0xfd,
    0x9a, 0xdf, 0x80, 0x04, 0xfb, 0x00, 0x00, 0x61,
    0x00, 0x7f, 0x70, 0x00, 0x00, 0x00, 0x03, 0xfd,
    0x20, 0x00, 0x00, 0x00, 0x08, 0xff, 0xb4, 0x00,
    0x00, 0x00, 0x02, 0x9f, 0xfc, 0x50, 0x00, 0x00,
    0x00, 0x18, 0xef, 0x70, 0x00, 0x00, 0x00, 0x02,
    0xef, 0x00, 0x00, 0x00, 0x00, 0x0b, 0xf2, 0x09,
    0x80, 0x00, 0x01, 0xef, 0x00, 0xaf, 0xfb, 0x9a,
    0xff, 0x50, 0x00, 0x3a, 0xef, 0xdb, 0x30, 0x00,

    /* U+0074 "t" */
    0x00, 0x07, 0x40, 0x00, 0x00, 0x01, 0xf9, 0x00,
    0x00, 0x00, 0x2f, 0x90, 0x00, 0x00, 0x03, 0xf9,
    0x00, 0x00, 0x5f, 0xff, 0xff, 0xff, 0x22, 0x8b,
    0xfc, 0x88, 0x81, 0x00, 0x5f, 0x90, 0x00, 0x00,
    0x05, 0xf9, 0x00, 0x00, 0x00, 0x5f, 0x90, 0x00,
    0x00, 0x05, 0xf9, 0x00, 0x00, 0x00, 0x5f, 0x90,
    0x00, 0x00, 0x05, 0xf9, 0x00, 0x00, 0x00, 0x5f,
    0x90, 0x00, 0x00, 0x04, 0xfa, 0x00, 0x00, 0x00,
    0x2f, 0xe0, 0x00, 0x00, 0x00, 0xbf, 0xda, 0xc4,
    0x00, 0x01, 0xae, 0xeb, 0x40,

    /* U+0075 "u" */
    0xef, 0x00, 0x00, 0x00, 0xbf, 0x2e, 0xf0, 0x00,
    0x00, 0x0b, 0xf2, 0xef, 0x00, 0x00, 0x00, 0xbf,
    0x2e, 0xf0, 0x00, 0x00, 0x0b, 0xf2, 0xef, 0x00,
    0x00, 0x00, 0xbf, 0x2e, 0xf0, 0x00, 0x00, 0x0b,
    0xf2, 0xef, 0x00, 0x00, 0x00, 0xbf, 0x2e, 0xf0,
    0x00, 0x00, 0x0b, 0xf2, 0xef, 0x10, 0x00, 0x00,
    0xbf, 0x2c, 0xf3, 0x00, 0x00, 0x2f, 0xf2, 0x8f,
    0xb0, 0x00, 0x4e, 0xef, 0x21, 0xff, 0xeb, 0xdf,
    0x68, 0xf2, 0x02, 0xbe, 0xeb, 0x30, 0x7f, 0x20,

    /* U+0076 "v" */
    0x8f, 0x80, 0x00, 0x00, 0x02, 0xfc, 0x2f, 0xd0,
    0x00, 0x00, 0x07, 0xf6, 0x0c, 0xf3, 0x00, 0x00,
    0x0d, 0xf1, 0x06, 0xf8, 0x00, 0x00, 0x2f, 0xb0,
    0x01, 0xfd, 0x00, 0x00, 0x7f, 0x50, 0x00, 0xaf,
    0x30, 0x00, 0xdf, 0x00, 0x00, 0x5f, 0x80, 0x02,
    0xfa, 0x00, 0x00, 0x0e, 0xd0, 0x07, 0xf4, 0x00,
    0x00, 0x09, 0xf2, 0x0d, 0xe0, 0x00, 0x00, 0x03,
    0xf8, 0x2f, 0x80, 0x00, 0x00, 0x00, 0xdd, 0x7f,
    0x30, 0x00, 0x00, 0x00, 0x8f, 0xed, 0x00, 0x00,
    0x00, 0x00, 0x2f, 0xf7, 0x00, 0x00,

    /* U+0077 "w" */
    0x3f, 0xc0, 0x00, 0x00, 0x9f, 0xa0, 0x00, 0x00,
    0xaf, 0x30, 0xef, 0x00, 0x00, 0x0d, 0xfe, 0x00,
    0x00, 0x0e, 0xe0, 0x0a, 0xf4, 0x00, 0x01, 0xfa,
    0xf3, 0x00, 0x02, 0xfa, 0x00, 0x5f, 0x90, 0x00,
    0x6f, 0x2f, 0x70, 0x00, 0x6f, 0x60, 0x01, 0xfd,
    0x00, 0x0a, 0xc0, 0xdc, 0x00, 0x0a, 0xf2, 0x00,
    0x0c, 0xf1, 0x00, 0xe9, 0x09, 0xf0, 0x00, 0xed,
    0x00, 0x00, 0x8f, 0x50, 0x3f, 0x40, 0x5f, 0x40,
    0x3f, 0x90, 0x00, 0x03, 0xfa, 0x07, 0xf0, 0x01,
    0xf9, 0x07, 0xf4, 0x00, 0x00, 0x0f, 0xd0, 0xbc,
    0x00, 0x0d, 0xd0, 0xaf, 0x00, 0x00, 0x00, 0xaf,
    0x1f, 0x80, 0x00, 0x8f, 0x1e, 0xc0, 0x00, 0x00,
    0x06, 0xf8, 0xf3, 0x00, 0x04, 0xf8, 0xf7, 0x00,
    0x00, 0x00, 0x1f, 0xff, 0x00, 0x00, 0x0f, 0xff,
    0x30, 0x00, 0x00, 0x00, 0xdf, 0xb0, 0x00, 0x00,
    0xbf, 0xe0, 0x00, 0x00,

    /* U+0078 "x" */
    0x1e, 0xf2, 0x00, 0x00, 0x5f, 0xa0, 0x05, 0xfb,
    0x00, 0x00, 0xef, 0x10, 0x00, 0xbf, 0x50, 0x07,
    0xf6, 0x00, 0x00, 0x1f, 0xe0, 0x1f, 0xc0, 0x00,
    0x00, 0x07, 0xf9, 0x9f, 0x30, 0x00, 0x00, 0x00,
    0xcf, 0xf9, 0x00, 0x00, 0x00, 0x00, 0x8f, 0xf2,
    0x00, 0x00, 0x00, 0x02, 0xfc, 0xfb, 0x00, 0x00,
    0x00, 0x0c, 0xf1, 0xaf, 0x50, 0x00, 0x00, 0x6f,
    0x70, 0x1f, 0xe1, 0x00, 0x01, 0xfd, 0x00, 0x06,
    0xfa, 0x00, 0x0b, 0xf4, 0x00, 0x00, 0xcf, 0x50,
    0x5f, 0xb0, 0x00, 0x00, 0x2f, 0xe1,

    /* U+0079 "y" */
    0x7f, 0x80, 0x00, 0x00, 0x01, 0xfc, 0x1f, 0xe0,
    0x00, 0x00, 0x07, 0xf6, 0x0a, 0xf5, 0x00, 0x00,
    0x0c, 0xf1, 0x03, 0xfb, 0x00, 0x00, 0x2f, 0xb0,
    0x00, 0xdf, 0x10, 0x00, 0x7f, 0x50, 0x00, 0x6f,
    0x70, 0x00, 0xcf, 0x00, 0x00, 0x0f, 0xd0, 0x02,
    0xfa, 0x00, 0x00, 0x09, 0xf3, 0x07, 0xf4, 0x00,
    0x00, 0x02, 0xf9, 0x0c, 0xe0, 0x00, 0x00, 0x00,
    0xbe, 0x2f, 0x80, 0x00, 0x00, 0x00, 0x5f, 0xcf,
    0x20, 0x00, 0x00, 0x00, 0x0e, 0xfd, 0x00, 0x00,
    0x00, 0x00, 0x08, 0xf7, 0x00, 0x00, 0x00, 0x00,
    0x0c, 0xf1, 0x00, 0x00, 0x00, 0x00, 0x2f, 0xa0,
    0x00, 0x00, 0x00, 0x01, 0xdf, 0x30, 0x00, 0x00,
    0x0a, 0xae, 0xf7, 0x00, 0x00, 0x00, 0x0d, 0xfc,
    0x40, 0x00, 0x00, 0x00,

    /* U+007A "z" */
    0x06, 0xff, 0xff, 0xff, 0xff, 0x40, 0x38, 0x88,
    0x88, 0xbf, 0xe1, 0x00, 0x00, 0x00, 0x0c, 0xf5,
    0x00, 0x00, 0x00, 0x07, 0xfa, 0x00, 0x00, 0x00,
    0x02, 0xfe, 0x10, 0x00, 0x00, 0x00, 0xcf, 0x40,
    0x00, 0x00, 0x00, 0x7f, 0x90, 0x00, 0x00, 0x00,
    0x3f, 0xe0, 0x00, 0x00, 0x00, 0x0d, 0xf4, 0x00,
    0x00, 0x00, 0x08, 0xf9, 0x00, 0x00, 0x00, 0x03,
    0xfd, 0x00, 0x00, 0x00, 0x00, 0xdf, 0xc9, 0x99,
    0x99, 0x95, 0x2f, 0xff, 0xff, 0xff, 0xff, 0x80,

    /* U+007B "{" */
    0x00, 0x01, 0xae, 0xf2, 0x00, 0x0a, 0xf5, 0x20,
    0x00, 0x0e, 0xb0, 0x00, 0x00, 0x0f, 0x90, 0x00,
    0x00, 0x0f, 0x90, 0x00, 0x00, 0x0f, 0xa0, 0x00,
    0x00, 0x0e, 0xa0, 0x00, 0x00, 0x0d, 0xb0, 0x00,
    0x00, 0x0c, 0xb0, 0x00, 0x00, 0x0e, 0xa0, 0x00,
    0x01, 0x8f, 0x60, 0x00, 0x0f, 0xf9, 0x00, 0x00,
    0x04, 0xaf, 0x50, 0x00, 0x00, 0x0e, 0xa0, 0x00,
    0x00, 0x0c, 0xb0, 0x00, 0x00, 0x0d, 0xb0, 0x00,
    0x00, 0x0e, 0xa0, 0x00, 0x00, 0x0f, 0x90, 0x00,
    0x00, 0x0f, 0x90, 0x00, 0x00, 0x0f, 0xa0, 0x00,
    0x00, 0x0c, 0xe2, 0x00, 0x00, 0x03, 0xdf, 0xf2,
    0x00, 0x00, 0x01, 0x20,

    /* U+007C "|" */
    0x8d, 0x8d, 0x8d, 0x8d, 0x8d, 0x8d, 0x8d, 0x8d,
    0x8d, 0x8d, 0x8d, 0x8d, 0x8d, 0x8d, 0x8d, 0x8d,
    0x8d, 0x8d, 0x8d, 0x8d, 0x8d, 0x8d, 0x8d, 0x8d,
    0x8d, 0x8d,

    /* U+007D "}" */
    0x3f, 0xea, 0x10, 0x00, 0x02, 0x6f, 0x90, 0x00,
    0x00, 0x0c, 0xd0, 0x00, 0x00, 0x0a, 0xf0, 0x00,
    0x00, 0x0a, 0xe0, 0x00, 0x00, 0x0b, 0xe0, 0x00,
    0x00, 0x0b, 0xd0, 0x00, 0x00, 0x0c, 0xc0, 0x00,
    0x00, 0x0c, 0xc0, 0x00, 0x00, 0x0b, 0xd0, 0x00,
    0x00, 0x06, 0xf7, 0x10, 0x00, 0x00, 0x8f, 0xf0,
    0x00, 0x05, 0xfa, 0x40, 0x00, 0x0b, 0xd0, 0x00,
    0x00, 0x0c, 0xc0, 0x00, 0x00, 0x0b, 0xc0, 0x00,
    0x00, 0x0b, 0xd0, 0x00, 0x00, 0x0a, 0xe0, 0x00,
    0x00, 0x0a, 0xf0, 0x00, 0x00, 0x0b, 0xe0, 0x00,
    0x00, 0x3f, 0xb0, 0x00, 0x3f, 0xfd, 0x20, 0x00,
    0x02, 0x10, 0x00, 0x00,

    /* U+007E "~" */
    0x00, 0x00, 0x00, 0x00, 0x00, 0x00, 0x08, 0xff,
    0xd5, 0x00, 0x01, 0x30, 0xaf, 0x86, 0xcf, 0xb4,
    0x4c, 0xe0, 0x44, 0x00, 0x06, 0xef, 0xfd, 0x20,
    0x00, 0x00, 0x00, 0x03, 0x20, 0x00,

    /* U+00B0 "°" */
    0x05, 0xce, 0xb3, 0x06, 0xe5, 0x37, 0xf2, 0xc7,
    0x00, 0x0b, 0x8d, 0x60, 0x00, 0xa9, 0x8d, 0x20,
    0x4f, 0x30, 0x8f, 0xfe, 0x50, 0x00, 0x01, 0x00,
    0x00,

    /* U+00B7 "·" */
    0x04, 0xbb, 0x40, 0x2f, 0xff, 0xf2, 0x6f, 0xff,
    0xf6, 0x3f, 0xff, 0xf3, 0x06, 0xee, 0x60,

    /* U+2013 "–" */
    0x11, 0x11, 0x11, 0x11, 0x11, 0x0e, 0xff, 0xff,
    0xff, 0xff, 0xfb, 0x34, 0x44, 0x44, 0x44, 0x44,
    0x30,

    /* U+2014 "—" */
    0x11, 0x11, 0x11, 0x11, 0x11, 0x11, 0x11, 0x11,
    0x11, 0x10, 0xef, 0xff, 0xff, 0xff, 0xff, 0xff,
    0xff, 0xff, 0xff, 0xf4, 0x34, 0x44, 0x44, 0x44,
    0x44, 0x44, 0x44, 0x44, 0x44, 0x41,

    /* U+2103 "℃" */
    0x00, 0x02, 0x00, 0x00, 0x00, 0x00, 0x00, 0x00,
    0x00, 0x00, 0x00, 0x08, 0xff, 0xf8, 0x00, 0x00,
    0x00, 0x02, 0x7b, 0xcb, 0x82, 0x00, 0x5f, 0x30,
    0x3e, 0x60, 0x00, 0x00, 0x9f, 0xff, 0xff, 0xff,
    0x60, 0xb9, 0x00, 0x08, 0xb0, 0x00, 0x0b, 0xff,
    0x84, 0x02, 0x5e, 0xf3, 0xb8, 0x00, 0x08, 0xb0,
    0x00, 0x8f, 0xe3, 0x00, 0x00, 0x00, 0x30, 0x6e,
    0x20, 0x2e, 0x60, 0x01, 0xff, 0x50, 0x00, 0x00,
    0x00, 0x00, 0x09, 0xfe, 0xf9, 0x00, 0x07, 0xfd,
    0x00, 0x00, 0x00, 0x00, 0x00, 0x00, 0x14, 0x10,
    0x00, 0x0b, 0xf7, 0x00, 0x00, 0x00, 0x00, 0x00,
    0x00, 0x00, 0x00, 0x00, 0x0e, 0xf5, 0x00, 0x00,
    0x00, 0x00, 0x00, 0x00, 0x00, 0x00, 0x00, 0x0f,
    0xf3, 0x00, 0x00, 0x00, 0x00, 0x00, 0x00, 0x00,
    0x00, 0x00, 0x0f, 0xf2, 0x00, 0x00, 0x00, 0x00,
    0x00, 0x00, 0x00, 0x00, 0x00, 0x0f, 0xf4, 0x00,
    0x00, 0x00, 0x00, 0x00, 0x00, 0x00, 0x00, 0x00,
    0x0d, 0xf6, 0x00, 0x00, 0x00, 0x00, 0x00, 0x00,
    0x00, 0x00, 0x00, 0x09, 0xfb, 0x00, 0x00, 0x00,
    0x00, 0x00, 0x00, 0x00, 0x00, 0x00, 0x03, 0xff,
    0x20, 0x00, 0x00, 0x00, 0x00, 0x00, 0x00, 0x00,
    0x00, 0x00, 0xcf, 0xc0, 0x00, 0x00, 0x00, 0x60,
    0x00, 0x00, 0x00, 0x00, 0x00, 0x2e, 0xfd, 0x20,
    0x00, 0x1a, 0xfa, 0x00, 0x00, 0x00, 0x00, 0x00,
    0x02, 0xef, 0xfe, 0xbe, 0xff, 0xd1, 0x00, 0x00,
    0x00, 0x00, 0x00, 0x00, 0x07, 0xdf, 0xff, 0xd7,
    0x00, 0x00, 0x00, 0x00, 0x00, 0x00, 0x00, 0x00,
    0x00, 0x10, 0x00, 0x00,

    /* U+2212 "−" */
    0x08, 0x88, 0x88, 0x88, 0x88, 0x88, 0x21, 0xff,
    0xff, 0xff, 0xff, 0xff, 0xf4,

    /* U+25B2 "▲" */
    0x00, 0x00, 0x00, 0x00, 0x00, 0x03, 0x30, 0x00,
    0x00, 0x00, 0x00, 0x00, 0x00, 0x00, 0x00, 0x00,
    0x00, 0x0c, 0xc0, 0x00, 0x00, 0x00, 0x00, 0x00,
    0x00, 0x00, 0x00, 0x00, 0x00, 0x5f, 0xf5, 0x00,
    0x00, 0x00, 0x00, 0x00, 0x00, 0x00, 0x00, 0x00,
    0x00, 0xef, 0xfe, 0x00, 0x00, 0x00, 0x00, 0x00,
    0x00, 0x00, 0x00, 0x00, 0x07, 0xff, 0xff, 0x70,
    0x00, 0x00, 0x00, 0x00, 0x00, 0x00, 0x00, 0x00,
    0x1f, 0xff, 0xff, 0xf1, 0x00, 0x00, 0x00, 0x00,
    0x00, 0x00, 0x00, 0x00, 0xaf, 0xff, 0xff, 0xfa,
    0x00, 0x00, 0x00, 0x00, 0x00, 0x00, 0x00, 0x03,
    0xff, 0xff, 0xff, 0xff, 0x30, 0x00, 0x00, 0x00,
    0x00, 0x00, 0x00, 0x0c, 0xff, 0xff, 0xff, 0xff,
    0xc0, 0x00, 0x00, 0x00, 0x00, 0x00, 0x00, 0x6f,
    0xff, 0xff, 0xff, 0xff, 0xf6, 0x00, 0x00, 0x00,
    0x00, 0x00, 0x00, 0xef, 0xff, 0xff, 0xff, 0xff,
    0xfe, 0x00, 0x00, 0x00, 0x00, 0x00, 0x08, 0xff,
    0xff, 0xff, 0xff, 0xff, 0xff, 0x80, 0x00, 0x00,
    0x00, 0x00, 0x2f, 0xff, 0xff, 0xff, 0xff, 0xff,
    0xff, 0xf2, 0x00, 0x00, 0x00, 0x00, 0xbf, 0xff,
    0xff, 0xff, 0xff, 0xff, 0xff, 0xfb, 0x00, 0x00,
    0x00, 0x04, 0xff, 0xff, 0xff, 0xff, 0xff, 0xff,
    0xff, 0xff, 0x40, 0x00, 0x00, 0x0d, 0xff, 0xff,
    0xff, 0xff, 0xff, 0xff, 0xff, 0xff, 0xd0, 0x00,
    0x00, 0x6f, 0xff, 0xff, 0xff, 0xff, 0xff, 0xff,
    0xff, 0xff, 0xf6, 0x00, 0x01, 0xef, 0xff, 0xff,
    0xff, 0xff, 0xff, 0xff, 0xff, 0xff, 0xfe, 0x10,
    0x09, 0xff, 0xff, 0xff, 0xff, 0xff, 0xff, 0xff,
    0xff, 0xff, 0xff, 0x90, 0x1b, 0xbb, 0xbb, 0xbb,
    0xbb, 0xbb, 0xbb, 0xbb, 0xbb, 0xbb, 0xbb, 0xb1,

    /* U+25BC "▼" */
    0x1e, 0xff, 0xff, 0xff, 0xff, 0xff, 0xff, 0xff,
    0xff, 0xff, 0xff, 0xe1, 0x07, 0xff, 0xff, 0xff,
    0xff, 0xff, 0xff, 0xff, 0xff, 0xff, 0xff, 0x70,
    0x00, 0xdf, 0xff, 0xff, 0xff, 0xff, 0xff, 0xff,
    0xff, 0xff, 0xfd, 0x00, 0x00, 0x4f, 0xff, 0xff,
    0xff, 0xff, 0xff, 0xff, 0xff, 0xff, 0xf4, 0x00,
    0x00, 0x0b, 0xff, 0xff, 0xff, 0xff, 0xff, 0xff,
    0xff, 0xff, 0xb0, 0x00, 0x00, 0x02, 0xff, 0xff,
    0xff, 0xff, 0xff, 0xff, 0xff, 0xff, 0x20, 0x00,
    0x00, 0x00, 0x8f, 0xff, 0xff, 0xff, 0xff, 0xff,
    0xff, 0xf8, 0x00, 0x00, 0x00, 0x00, 0x0e, 0xff,
    0xff, 0xff, 0xff, 0xff, 0xff, 0xe0, 0x00, 0x00,
    0x00, 0x00, 0x06, 0xff, 0xff, 0xff, 0xff, 0xff,
    0xff, 0x60, 0x00, 0x00, 0x00, 0x00, 0x00, 0xcf,
    0xff, 0xff, 0xff, 0xff, 0xfc, 0x00, 0x00, 0x00,
    0x00, 0x00, 0x00, 0x3f, 0xff, 0xff, 0xff, 0xff,
    0xf3, 0x00, 0x00, 0x00, 0x00, 0x00, 0x00, 0x0a,
    0xff, 0xff, 0xff, 0xff, 0xa0, 0x00, 0x00, 0x00,
    0x00, 0x00, 0x00, 0x01, 0xff, 0xff, 0xff, 0xff,
    0x10, 0x00, 0x00, 0x00, 0x00, 0x00, 0x00, 0x00,
    0x8f, 0xff, 0xff, 0xf8, 0x00, 0x00, 0x00, 0x00,
    0x00, 0x00, 0x00, 0x00, 0x0e, 0xff, 0xff, 0xe0,
    0x00, 0x00, 0x00, 0x00, 0x00, 0x00, 0x00, 0x00,
    0x05, 0xff, 0xff, 0x50, 0x00, 0x00, 0x00, 0x00,
    0x00, 0x00, 0x00, 0x00, 0x00, 0xcf, 0xfc, 0x00,
    0x00, 0x00, 0x00, 0x00, 0x00, 0x00, 0x00, 0x00,
    0x00, 0x3f, 0xf3, 0x00, 0x00, 0x00, 0x00, 0x00,
    0x00, 0x00, 0x00, 0x00, 0x00, 0x09, 0x90, 0x00,
    0x00, 0x00, 0x00, 0x00, 0x00, 0x00, 0x00, 0x00,
    0x00, 0x01, 0x10, 0x00, 0x00, 0x00, 0x00, 0x00,

    /* U+25CF "●" */
    0x00, 0x00, 0x00, 0x00, 0x47, 0x88, 0x74, 0x00,
    0x00, 0x00, 0x00, 0x00, 0x00, 0x01, 0x9f, 0xff,
    0xff, 0xff, 0xf9, 0x10, 0x00, 0x00, 0x00, 0x00,
    0x6f, 0xff, 0xff, 0xff, 0xff, 0xff, 0xf6, 0x00,
    0x00, 0x00, 0x08, 0xff, 0xff, 0xff, 0xff, 0xff,
    0xff, 0xff, 0x80, 0x00, 0x00, 0x6f, 0xff, 0xff,
    0xff, 0xff, 0xff, 0xff, 0xff, 0xf6, 0x00, 0x02,
    0xff, 0xff, 0xff, 0xff, 0xff, 0xff, 0xff, 0xff,
    0xff, 0x20, 0x0b, 0xff, 0xff, 0xff, 0xff, 0xff,
    0xff, 0xff, 0xff, 0xff, 0xa0, 0x1f, 0xff, 0xff,
    0xff, 0xff, 0xff, 0xff, 0xff, 0xff, 0xff, 0xf1,
    0x6f, 0xff, 0xff, 0xff, 0xff, 0xff, 0xff, 0xff,
    0xff, 0xff, 0xf6, 0xaf, 0xff, 0xff, 0xff, 0xff,
    0xff, 0xff, 0xff, 0xff, 0xff, 0xf9, 0xbf, 0xff,
    0xff, 0xff, 0xff, 0xff, 0xff, 0xff, 0xff, 0xff,
    0xfb, 0xcf, 0xff, 0xff, 0xff, 0xff, 0xff, 0xff,
    0xff, 0xff, 0xff, 0xfc, 0xaf, 0xff, 0xff, 0xff,
    0xff, 0xff, 0xff, 0xff, 0xff, 0xff, 0xfa, 0x8f,
    0xff, 0xff, 0xff, 0xff, 0xff, 0xff, 0xff, 0xff,
    0xff, 0xf8, 0x3f, 0xff, 0xff, 0xff, 0xff, 0xff,
    0xff, 0xff, 0xff, 0xff, 0xf3, 0x0d, 0xff, 0xff,
    0xff, 0xff, 0xff, 0xff, 0xff, 0xff, 0xff, 0xd0,
    0x05, 0xff, 0xff, 0xff, 0xff, 0xff, 0xff, 0xff,
    0xff, 0xff, 0x50, 0x00, 0xbf, 0xff, 0xff, 0xff,
    0xff, 0xff, 0xff, 0xff, 0xfb, 0x00, 0x00, 0x1d,
    0xff, 0xff, 0xff, 0xff, 0xff, 0xff, 0xff, 0xd1,
    0x00, 0x00, 0x01, 0xcf, 0xff, 0xff, 0xff, 0xff,
    0xff, 0xfc, 0x10, 0x00, 0x00, 0x00, 0x07, 0xef,
    0xff, 0xff, 0xff, 0xfe, 0x70, 0x00, 0x00, 0x00,
    0x00, 0x00, 0x05, 0xad, 0xff, 0xda, 0x50, 0x00,
    0x00, 0x00,

    /* U+4E00 "一" */
    0x00, 0x00, 0x00, 0x00, 0x00, 0x00, 0x00, 0x00,
    0x00, 0x00, 0x00, 0x0e, 0xff, 0xff, 0xff, 0xff,
    0xff, 0xff, 0xff, 0xff, 0xff, 0xff, 0xf0, 0xab,
    0xbb, 0xbb, 0xbb, 0xbb, 0xbb, 0xbb, 0xbb, 0xbb,
    0xbb, 0xbb, 0x00,

    /* U+4E0A "上" */
    0x00, 0x00, 0x00, 0x00, 0x07, 0xd1, 0x00, 0x00,
    0x00, 0x00, 0x00, 0x00, 0x00, 0x00, 0x00, 0x08,
    0xf1, 0x00, 0x00, 0x00, 0x00, 0x00, 0x00, 0x00,
    0x00, 0x00, 0x08, 0xf1, 0x00, 0x00, 0x00, 0x00,
    0x00, 0x00, 0x00, 0x00, 0x00, 0x08, 0xf1, 0x00,
    0x00, 0x00, 0x00, 0x00, 0x00, 0x00, 0x00, 0x00,
    0x08, 0xf1, 0x00, 0x00, 0x00, 0x00, 0x00, 0x00,
    0x00, 0x00, 0x00, 0x08, 0xf1, 0x00, 0x00, 0x00,
    0x00, 0x00, 0x00, 0x00, 0x00, 0x00, 0x08, 0xf1,
    0x00, 0x00, 0x00, 0x00, 0x00, 0x00, 0x00, 0x00,
    0x00, 0x08, 0xf2, 0x00, 0x00, 0x00, 0x00, 0x00,
    0x00, 0x00, 0x00, 0x00, 0x08, 0xff, 0xff, 0xff,
    0xff, 0xff, 0x10, 0x00, 0x00, 0x00, 0x00, 0x08,
    0xf9, 0x88, 0x88, 0x88, 0x88, 0x10, 0x00, 0x00,
    0x00, 0x00, 0x08, 0xf1, 0x00, 0x00, 0x00, 0x00,
    0x00, 0x00, 0x00, 0x00, 0x00, 0x08, 0xf1, 0x00,
    0x00, 0x00, 0x00, 0x00, 0x00, 0x00, 0x00, 0x00,
    0x08, 0xf1, 0x00, 0x00, 0x00, 0x00, 0x00, 0x00,
    0x00, 0x00, 0x00, 0x08, 0xf1, 0x00, 0x00, 0x00,
    0x00, 0x00, 0x00, 0x00, 0x00, 0x00, 0x08, 0xf1,
    0x00, 0x00, 0x00, 0x00, 0x00, 0x00, 0x00, 0x00,
    0x00, 0x08, 0xf1, 0x00, 0x00, 0x00, 0x00, 0x00,
    0x00, 0x00, 0x00, 0x00, 0x08, 0xf1, 0x00, 0x00,
    0x00, 0x00, 0x00, 0x00, 0x00, 0x00, 0x00, 0x08,
    0xf1, 0x00, 0x00, 0x00, 0x00, 0x00, 0x00, 0x00,
    0x00, 0x00, 0x08, 0xf1, 0x00, 0x00, 0x00, 0x00,
    0x00, 0x8f, 0xff, 0xff, 0xff, 0xff, 0xff, 0xff,
    0xff, 0xff, 0xff, 0xfe, 0x5a, 0xaa, 0xaa, 0xaa,
    0xaa, 0xaa, 0xaa, 0xaa, 0xaa, 0xaa, 0xa9,

    /* U+4E0B "下" */
    0x38, 0x88, 0x88, 0x88, 0x88, 0x88, 0x88, 0x88,
    0x88, 0x88, 0x88, 0x6f, 0xff, 0xff, 0xff, 0xff,
    0xff, 0xff, 0xff, 0xff, 0xff, 0xfe, 0x00, 0x00,
    0x00, 0x00, 0x01, 0xfa, 0x00, 0x00, 0x00, 0x00,
    0x00, 0x00, 0x00, 0x00, 0x00, 0x01, 0xf9, 0x00,
    0x00, 0x00, 0x00, 0x00, 0x00, 0x00, 0x00, 0x00,
    0x01, 0xf9, 0x00, 0x00, 0x00, 0x00, 0x00, 0x00,
    0x00, 0x00, 0x00, 0x01, 0xf9, 0x00, 0x00, 0x00,
    0x00, 0x00, 0x00, 0x00, 0x00, 0x00, 0x01, 0xfe,
    0x80, 0x00, 0x00, 0x00, 0x00, 0x00, 0x00, 0x00,
    0x00, 0x01, 0xff, 0xfe, 0x60, 0x00, 0x00, 0x00,
    0x00, 0x00, 0x00, 0x00, 0x01, 0xf9, 0x5e, 0xfd,
    0x50, 0x00, 0x00, 0x00, 0x00, 0x00, 0x00, 0x01,
    0xf9, 0x00, 0x8f, 0xfb, 0x20, 0x00, 0x00, 0x00,
    0x00, 0x00, 0x01, 0xf9, 0x00, 0x02, 0xbf, 0xf6,
    0x00, 0x00, 0x00, 0x00, 0x00, 0x01, 0xf9, 0x00,
    0x00, 0x06, 0xff, 0x40, 0x00, 0x00, 0x00, 0x00,
    0x01, 0xf9, 0x00, 0x00, 0x00, 0x28, 0x00, 0x00,
    0x00, 0x00, 0x00, 0x01, 0xf9, 0x00, 0x00, 0x00,
    0x00, 0x00, 0x00, 0x00, 0x00, 0x00, 0x01, 0xf9,
    0x00, 0x00, 0x00, 0x00, 0x00, 0x00, 0x00, 0x00,
    0x00, 0x01, 0xf9, 0x00, 0x00, 0x00, 0x00, 0x00,
    0x00, 0x00, 0x00, 0x00, 0x01, 0xf9, 0x00, 0x00,
    0x00, 0x00, 0x00, 0x00, 0x00, 0x00, 0x00, 0x01,
    0xf9, 0x00, 0x00, 0x00, 0x00, 0x00, 0x00, 0x00,
    0x00, 0x00, 0x01, 0xf9, 0x00, 0x00, 0x00, 0x00,
    0x00, 0x00, 0x00, 0x00, 0x00, 0x01, 0xf9, 0x00,
    0x00, 0x00, 0x00, 0x00, 0x00, 0x00, 0x00, 0x00,
    0x01, 0xf9, 0x00, 0x00, 0x00, 0x00, 0x00,

    /* U+4E0E "与" */
    0x00, 0x00, 0x05, 0x30, 0x00, 0x00, 0x00, 0x00,
    0x00, 0x00, 0x00, 0x00, 0x01, 0xf8, 0x00, 0x00,
    0x00, 0x00, 0x00, 0x00, 0x00, 0x00, 0x00, 0x4f,
    0x50, 0x00, 0x00, 0x00, 0x00, 0x00, 0x00, 0x00,
    0x00, 0x07, 0xfa, 0x99, 0x99, 0x99, 0x99, 0x99,
    0x99, 0x70, 0x00, 0x00, 0xbf, 0xff, 0xff, 0xff,
    0xff, 0xff, 0xff, 0xfb, 0x00, 0x00, 0x0e, 0xb0,
    0x00, 0x00, 0x00, 0x00, 0x00, 0x00, 0x00, 0x00,
    0x02, 0xf8, 0x00, 0x00, 0x00, 0x00, 0x00, 0x00,
    0x00, 0x00, 0x00, 0x5f, 0x40, 0x00, 0x00, 0x00,
    0x00, 0x00, 0x00, 0x00, 0x00, 0x09, 0xf0, 0x00,
    0x00, 0x00, 0x00, 0x00, 0x00, 0x00, 0x00, 0x00,
    0xdf, 0x99, 0x99, 0x99, 0x99, 0x99, 0x99, 0x99,
    0x90, 0x00, 0x1f, 0xff, 0xff, 0xff, 0xff, 0xff,
    0xff, 0xff, 0xff, 0x00, 0x00, 0x00, 0x00, 0x00,
    0x00, 0x00, 0x00, 0x00, 0x0c, 0xd0, 0x00, 0x00,
    0x00, 0x00, 0x00, 0x00, 0x00, 0x00, 0x00, 0xec,
    0x00, 0x00, 0x00, 0x00, 0x00, 0x00, 0x00, 0x00,
    0x00, 0x0f, 0xa0, 0x79, 0x99, 0x99, 0x99, 0x99,
    0x99, 0x99, 0x91, 0x02, 0xf8, 0x0c, 0xff, 0xff,
    0xff, 0xff, 0xff, 0xff, 0xff, 0x20, 0x4f, 0x50,
    0x00, 0x00, 0x00, 0x00, 0x00, 0x00, 0x00, 0x00,
    0x07, 0xf3, 0x00, 0x00, 0x00, 0x00, 0x00, 0x00,
    0x00, 0x00, 0x00, 0xbf, 0x00, 0x00, 0x00, 0x00,
    0x00, 0x00, 0x00, 0x00, 0x00, 0x0f, 0xc0, 0x00,
    0x00, 0x00, 0x00, 0x00, 0x00, 0x00, 0x00, 0x06,
    0xf7, 0x00, 0x00, 0x00, 0x00, 0x00, 0x00, 0x3a,
    0x98, 0x78, 0xfe, 0x10, 0x00, 0x00, 0x00, 0x00,
    0x00, 0x01, 0xef, 0xff, 0xfc, 0x30, 0x00, 0x00,
    0x00, 0x00, 0x00, 0x00, 0x00, 0x00, 0x00, 0x00,
    0x00, 0x00,

    /* U+4E24 "两" */
    0x28, 0x88, 0x88, 0x88, 0x88, 0x88, 0x88, 0x88,
    0x88, 0x88, 0x86, 0x5f, 0xff, 0xff, 0xff, 0xff,
    0xff, 0xff, 0xff, 0xff, 0xff, 0xfc, 0x00, 0x00,
    0x00, 0x0b, 0xd0, 0x00, 0x09, 0xf0, 0x00, 0x00,
    0x00, 0x00, 0x00, 0x00, 0x0b, 0xd0, 0x00, 0x08,
    0xf0, 0x00, 0x00, 0x00, 0x00, 0x00, 0x00, 0x0b,
    0xd0, 0x00, 0x08, 0xf0, 0x00, 0x00, 0x00, 0x02,
    0x77, 0x77, 0x7d, 0xe7, 0x77, 0x7c, 0xf7, 0x77,
    0x77, 0x60, 0x04, 0xff, 0xff, 0xff, 0xff, 0xff,
    0xff, 0xff, 0xff, 0xff, 0xc0, 0x04, 0xf5, 0x00,
    0x0c, 0xc0, 0x00, 0x0a, 0xe0, 0x00, 0x0d, 0xc0,
    0x04, 0xf4, 0x00, 0x0e, 0xa0, 0x00, 0x0b, 0xd0,
    0x00, 0x0c, 0xc0, 0x04, 0xf4, 0x00, 0x0f, 0xa0,
    0x00, 0x0d, 0xd0, 0x00, 0x0c, 0xc0, 0x04, 0xf4,
    0x00, 0x3f, 0xf4, 0x00, 0x1f, 0xf7, 0x00, 0x0c,
    0xc0, 0x04, 0xf4, 0x00, 0x7f, 0xde, 0x10, 0x5f,
    0xbf, 0x40, 0x0c, 0xc0, 0x04, 0xf4, 0x00, 0xdc,
    0x2f, 0xa0, 0xbe, 0x0c, 0xf2, 0x0c, 0xc0, 0x04,
    0xf4, 0x05, 0xf5, 0x07, 0xd2, 0xf8, 0x01, 0xec,
    0x0c, 0xc0, 0x04, 0xf4, 0x0d, 0xe0, 0x00, 0x2b,
    0xf2, 0x00, 0x5f, 0x6c, 0xc0, 0x04, 0xf4, 0xaf,
    0x60, 0x00, 0x8f, 0x80, 0x00, 0x0b, 0x6c, 0xc0,
    0x04, 0xf6, 0xea, 0x00, 0x00, 0xdc, 0x00, 0x00,
    0x00, 0x0c, 0xc0, 0x04, 0xf4, 0x20, 0x00, 0x00,
    0x11, 0x00, 0x00, 0x00, 0x0c, 0xc0, 0x04, 0xf4,
    0x00, 0x00, 0x00, 0x00, 0x00, 0x00, 0x00, 0x0d,
    0xc0, 0x04, 0xf4, 0x00, 0x00, 0x00, 0x00, 0x00,
    0x1a, 0x99, 0x9f, 0xa0, 0x04, 0xf4, 0x00, 0x00,
    0x00, 0x00, 0x00, 0x0d, 0xff, 0xeb, 0x20,

    /* U+4E2A "个" */
    0x00, 0x00, 0x00, 0x00, 0x00, 0x04, 0xc3, 0x00,
    0x00, 0x00, 0x00, 0x00, 0x00, 0x00, 0x00, 0x00,
    0x00, 0x1e, 0xf1, 0x00, 0x00, 0x00, 0x00, 0x00,
    0x00, 0x00, 0x00, 0x00, 0x00, 0xbf, 0xf9, 0x00,
    0x00, 0x00, 0x00, 0x00, 0x00, 0x00, 0x00, 0x00,
    0x0a, 0xf7, 0x9f, 0x70, 0x00, 0x00, 0x00, 0x00,
    0x00, 0x00, 0x00, 0x00, 0xaf, 0x90, 0x0a, 0xf7,
    0x00, 0x00, 0x00, 0x00, 0x00, 0x00, 0x00, 0x0a,
    0xfa, 0x00, 0x00, 0xbf, 0x90, 0x00, 0x00, 0x00,
    0x00, 0x00, 0x02, 0xdf, 0x90, 0x00, 0x00, 0x0a,
    0xfc, 0x20, 0x00, 0x00, 0x00, 0x00, 0x6f, 0xf7,
    0x00, 0x0e, 0xb0, 0x00, 0x8f, 0xf6, 0x00, 0x00,
    0x00, 0x4c, 0xfe, 0x40, 0x00, 0x0e, 0xb0, 0x00,
    0x04, 0xef, 0xc3, 0x00, 0x0b, 0xff, 0xa1, 0x00,
    0x00, 0x0e, 0xb0, 0x00, 0x00, 0x1a, 0xff, 0xa0,
    0x07, 0xc3, 0x00, 0x00, 0x00, 0x0e, 0xb0, 0x00,
    0x00, 0x00, 0x4d, 0x60, 0x00, 0x00, 0x00, 0x00,
    0x00, 0x0e, 0xb0, 0x00, 0x00, 0x00, 0x00, 0x00,
    0x00, 0x00, 0x00, 0x00, 0x00, 0x0e, 0xb0, 0x00,
    0x00, 0x00, 0x00, 0x00, 0x00, 0x00, 0x00, 0x00,
    0x00, 0x0e, 0xb0, 0x00, 0x00, 0x00, 0x00, 0x00,
    0x00, 0x00, 0x00, 0x00, 0x00, 0x0e, 0xb0, 0x00,
    0x00, 0x00, 0x00, 0x00, 0x00, 0x00, 0x00, 0x00,
    0x00, 0x0e, 0xb0, 0x00, 0x00, 0x00, 0x00, 0x00,
    0x00, 0x00, 0x00, 0x00, 0x00, 0x0e, 0xb0, 0x00,
    0x00, 0x00, 0x00, 0x00, 0x00, 0x00, 0x00, 0x00,
    0x00, 0x0e, 0xb0, 0x00, 0x00, 0x00, 0x00, 0x00,
    0x00, 0x00, 0x00, 0x00, 0x00, 0x0e, 0xb0, 0x00,
    0x00, 0x00, 0x00, 0x00, 0x00, 0x00, 0x00, 0x00,
    0x00, 0x0e, 0xb0, 0x00, 0x00, 0x00, 0x00, 0x00,
    0x00, 0x00, 0x00, 0x00, 0x00, 0x0e, 0xb0, 0x00,
    0x00, 0x00, 0x00, 0x00, 0x00, 0x00, 0x00, 0x00,
    0x00, 0x0e, 0xb0, 0x00, 0x00, 0x00, 0x00, 0x00,

    /* U+4E2D "中" */
    0x00, 0x00, 0x00, 0x00, 0x0e, 0xb0, 0x00, 0x00,
    0x00, 0x00, 0x00, 0x00, 0x00, 0x00, 0x0e, 0xb0,
    0x00, 0x00, 0x00, 0x00, 0x00, 0x00, 0x00, 0x00,
    0x0e, 0xb0, 0x00, 0x00, 0x00, 0x00, 0x00, 0x00,
    0x00, 0x00, 0x0e, 0xb0, 0x00, 0x00, 0x00, 0x00,
    0x9f, 0xff, 0xff, 0xff, 0xff, 0xff, 0xff, 0xff,
    0xff, 0xf6, 0xaf, 0x99, 0x99, 0x99, 0x9f, 0xe9,
    0x99, 0x99, 0x9b, 0xf7, 0xae, 0x00, 0x00, 0x00,
    0x0e, 0xb0, 0x00, 0x00, 0x03, 0xf7, 0xae, 0x00,
    0x00, 0x00, 0x0e, 0xb0, 0x00, 0x00, 0x03, 0xf7,
    0xae, 0x00, 0x00, 0x00, 0x0e, 0xb0, 0x00, 0x00,
    0x03, 0xf7, 0xae, 0x00, 0x00, 0x00, 0x0e, 0xb0,
    0x00, 0x00, 0x03, 0xf7, 0xae, 0x00, 0x00, 0x00,
    0x0e, 0xb0, 0x00, 0x00, 0x03, 0xf7, 0xae, 0x00,
    0x00, 0x00, 0x0e, 0xb0, 0x00, 0x00, 0x03, 0xf7,
    0xaf, 0x99, 0x99, 0x99, 0x9f, 0xe9, 0x99, 0x99,
    0x9b, 0xf7, 0xaf, 0xff, 0xff, 0xff, 0xff, 0xff,
    0xff, 0xff, 0xff, 0xf7, 0xae, 0x00, 0x00, 0x00,
    0x0e, 0xb0, 0x00, 0x00, 0x03, 0xf7, 0x34, 0x00,
    0x00, 0x00, 0x0e, 0xb0, 0x00, 0x00, 0x00, 0x31,
    0x00, 0x00, 0x00, 0x00, 0x0e, 0xb0, 0x00, 0x00,
    0x00, 0x00, 0x00, 0x00, 0x00, 0x00, 0x0e, 0xb0,
    0x00, 0x00, 0x00, 0x00, 0x00, 0x00, 0x00, 0x00,
    0x0e, 0xb0, 0x00, 0x00, 0x00, 0x00, 0x00, 0x00,
    0x00, 0x00, 0x0e, 0xb0, 0x00, 0x00, 0x00, 0x00,
    0x00, 0x00, 0x00, 0x00, 0x0e, 0xb0, 0x00, 0x00,
    0x00, 0x00, 0x00, 0x00, 0x00, 0x00, 0x0e, 0xb0,
    0x00, 0x00, 0x00, 0x00,

    /* U+4E32 "串" */
    0x00, 0x00, 0x00, 0x00, 0x0f, 0x90, 0x00, 0x00,
    0x00, 0x00, 0x00, 0x00, 0x00, 0x00, 0x0f, 0xa0,
    0x00, 0x00, 0x00, 0x00, 0x03, 0x55, 0x55, 0x55,
    0x5f, 0xc5, 0x55, 0x55, 0x55, 0x00, 0x09, 0xff,
    0xff, 0xff, 0xff, 0xff, 0xff, 0xff, 0xff, 0x10,
    0x09, 0xf2, 0x22, 0x22, 0x2f, 0xb2, 0x22, 0x22,
    0xaf, 0x10, 0x09, 0xf0, 0x00, 0x00, 0x0f, 0xa0,
    0x00, 0x00, 0x9f, 0x10, 0x09, 0xf0, 0x00, 0x00,
    0x0f, 0xa0, 0x00, 0x00, 0x9f, 0x10, 0x09, 0xf5,
    0x55, 0x55, 0x5f, 0xc5, 0x55, 0x55, 0xbf, 0x10,
    0x09, 0xff, 0xff, 0xff, 0xff, 0xff, 0xff, 0xff,
    0xff, 0x10, 0x01, 0x11, 0x11, 0x11, 0x2f, 0xa1,
    0x11, 0x11, 0x11, 0x00, 0x00, 0x00, 0x00, 0x00,
    0x0f, 0xa0, 0x00, 0x00, 0x00, 0x00, 0x8f, 0xff,
    0xff, 0xff, 0xff, 0xff, 0xff, 0xff, 0xff, 0xf2,
    0x8f, 0x98, 0x88, 0x88, 0x9f, 0xd8, 0x88, 0x88,
    0x8c, 0xf2, 0x8f, 0x10, 0x00, 0x00, 0x0f, 0xa0,
    0x00, 0x00, 0x07, 0xf2, 0x8f, 0x10, 0x00, 0x00,
    0x0f, 0xa0, 0x00, 0x00, 0x07, 0xf2, 0x8f, 0x10,
    0x00, 0x00, 0x0f, 0xa0, 0x00, 0x00, 0x07, 0xf2,
    0x8f, 0x87, 0x77, 0x77, 0x8f, 0xd7, 0x77, 0x77,
    0x7b, 0xf2, 0x8f, 0xff, 0xff, 0xff, 0xff, 0xff,
    0xff, 0xff, 0xff, 0xf2, 0x6b, 0x00, 0x00, 0x00,
    0x0f, 0xa0, 0x00, 0x00, 0x05, 0xa2, 0x00, 0x00,
    0x00, 0x00, 0x0f, 0xa0, 0x00, 0x00, 0x00, 0x00,
    0x00, 0x00, 0x00, 0x00, 0x0f, 0xa0, 0x00, 0x00,
    0x00, 0x00, 0x00, 0x00, 0x00, 0x00, 0x0f, 0xa0,
    0x00, 0x00, 0x00, 0x00,

    /* U+4E8C "二" */
    0x00, 0x3a, 0xaa, 0xaa, 0xaa, 0xaa, 0xaa, 0xaa,
    0xaa, 0xa8, 0x00, 0x00, 0x5f, 0xff, 0xff, 0xff,
    0xff, 0xff, 0xff, 0xff, 0xfd, 0x00, 0x00, 0x00,
    0x00, 0x00, 0x00, 0x00, 0x00, 0x00, 0x00, 0x00,
    0x00, 0x00, 0x00, 0x00, 0x00, 0x00, 0x00, 0x00,
    0x00, 0x00, 0x00, 0x00, 0x00, 0x00, 0x00, 0x00,
    0x00, 0x00, 0x00, 0x00, 0x00, 0x00, 0x00, 0x00,
    0x00, 0x00, 0x00, 0x00, 0x00, 0x00, 0x00, 0x00,
    0x00, 0x00, 0x00, 0x00, 0x00, 0x00, 0x00, 0x00,
    0x00, 0x00, 0x00, 0x00, 0x00, 0x00, 0x00, 0x00,
    0x00, 0x00, 0x00, 0x00, 0x00, 0x00, 0x00, 0x00,
    0x00, 0x00, 0x00, 0x00, 0x00, 0x00, 0x00, 0x00,
    0x00, 0x00, 0x00, 0x00, 0x00, 0x00, 0x00, 0x00,
    0x00, 0x00, 0x00, 0x00, 0x00, 0x00, 0x00, 0x00,
    0x00, 0x00, 0x00, 0x00, 0x00, 0x00, 0x00, 0x00,
    0x00, 0x00, 0x00, 0x00, 0x00, 0x00, 0x00, 0x00,
    0x00, 0x00, 0x00, 0x00, 0x00, 0x00, 0x00, 0x00,
    0x00, 0x00, 0x00, 0x00, 0x00, 0x00, 0x00, 0x00,
    0x00, 0x00, 0x00, 0x00, 0x00, 0x00, 0x00, 0x00,
    0x00, 0x00, 0x12, 0x22, 0x22, 0x22, 0x22, 0x22,
    0x22, 0x22, 0x22, 0x22, 0x22, 0x6f, 0xff, 0xff,
    0xff, 0xff, 0xff, 0xff, 0xff, 0xff, 0xff, 0xfd,
    0x49, 0x99, 0x99, 0x99, 0x99, 0x99, 0x99, 0x99,
    0x99, 0x99, 0x98,

    /* U+4EAE "亮" */
    0x00, 0x00, 0x00, 0x00, 0x00, 0x41, 0x00, 0x00,
    0x00, 0x00, 0x00, 0x00, 0x00, 0x00, 0x00, 0x03,
    0xf9, 0x00, 0x00, 0x00, 0x00, 0x00, 0x00, 0x00,
    0x00, 0x00, 0x00, 0xaf, 0x20, 0x00, 0x00, 0x00,
    0x00, 0xbf, 0xff, 0xff, 0xff, 0xff, 0xff, 0xff,
    0xff, 0xff, 0xff, 0xf3, 0x56, 0x66, 0x66, 0x66,
    0x66, 0x66, 0x66, 0x66, 0x66, 0x66, 0x61, 0x00,
    0x00, 0x00, 0x00, 0x00, 0x00, 0x00, 0x00, 0x00,
    0x00, 0x00, 0x00, 0x03, 0xff, 0xff, 0xff, 0xff,
    0xff, 0xff, 0xff, 0x10, 0x00, 0x00, 0x03, 0xf9,
    0x33, 0x33, 0x33, 0x33, 0x33, 0xaf, 0x10, 0x00,
    0x00, 0x03, 0xf7, 0x00, 0x00, 0x00, 0x00, 0x00,
    0x8f, 0x10, 0x00, 0x00, 0x03, 0xfa, 0x55, 0x55,
    0x55, 0x55, 0x55, 0xbf, 0x10, 0x00, 0x00, 0x02,
    0xdd, 0xdd, 0xdd, 0xdd, 0xdd, 0xdd, 0xdd, 0x10,
    0x00, 0x00, 0x00, 0x00, 0x00, 0x00, 0x00, 0x00,
    0x00, 0x00, 0x00, 0x00, 0x4f, 0xff, 0xff, 0xff,
    0xff, 0xff, 0xff, 0xff, 0xff, 0xff, 0xc0, 0x4f,
    0x95, 0x55, 0x55, 0x55, 0x55, 0x55, 0x55, 0x55,
    0x5d, 0xc0, 0x4f, 0x50, 0x00, 0x00, 0x00, 0x00,
    0x00, 0x00, 0x00, 0x0c, 0xc0, 0x3e, 0x50, 0x00,
    0xaf, 0xff, 0xff, 0xff, 0xf6, 0x00, 0x0b, 0xb0,
    0x00, 0x00, 0x00, 0xce, 0x66, 0x66, 0x69, 0xf6,
    0x00, 0x00, 0x00, 0x00, 0x00, 0x00, 0xea, 0x00,
    0x00, 0x03, 0xf6, 0x00, 0x00, 0x00, 0x00, 0x00,
    0x03, 0xf7, 0x00, 0x00, 0x03, 0xf6, 0x00, 0x01,
    0x20, 0x00, 0x00, 0x0a, 0xf2, 0x00, 0x00, 0x03,
    0xf6, 0x00, 0x04, 0xf2, 0x00, 0x00, 0x8f, 0x80,
    0x00, 0x00, 0x03, 0xf6, 0x00, 0x06, 0xf1, 0x03,
    0x8e, 0xf8, 0x00, 0x00, 0x00, 0x02, 0xfc, 0x66,
    0x6c, 0xd0, 0x7f, 0xfb, 0x30, 0x00, 0x00, 0x00,
    0x00, 0xaf, 0xff, 0xfe, 0x50, 0x04, 0x00, 0x00,
    0x00, 0x00, 0x00, 0x00, 0x00, 0x00, 0x00, 0x00,

    /* U+4EEA "仪" */
    0x00, 0x00, 0x00, 0x98, 0x00, 0x00, 0x00, 0x20,
    0x00, 0x00, 0x00, 0x00, 0x00, 0x00, 0x01, 0xf9,
    0x01, 0x10, 0x0b, 0xd0, 0x00, 0x00, 0x64, 0x00,
    0x00, 0x00, 0x08, 0xf1, 0x1f, 0x70, 0x03, 0xf8,
    0x00, 0x00, 0xfa, 0x00, 0x00, 0x00, 0x1f, 0x90,
    0x0e, 0xa0, 0x00, 0x9f, 0x20, 0x03, 0xf7, 0x00,
    0x00, 0x00, 0x9f, 0x20, 0x0b, 0xe0, 0x00, 0x1f,
    0x90, 0x06, 0xf3, 0x00, 0x00, 0x02, 0xfa, 0x00,
    0x07, 0xf1, 0x00, 0x09, 0xc0, 0x0a, 0xf0, 0x00,
    0x00, 0x0d, 0xf7, 0x00, 0x03, 0xf6, 0x00, 0x00,
    0x00, 0x0e, 0xb0, 0x00, 0x00, 0x8f, 0xf7, 0x00,
    0x00, 0xeb, 0x00, 0x00, 0x00, 0x3f, 0x60, 0x00,
    0x06, 0xfb, 0xf7, 0x00, 0x00, 0x9f, 0x00, 0x00,
    0x00, 0x8f, 0x10, 0x00, 0x4f, 0xd1, 0xf7, 0x00,
    0x00, 0x5f, 0x60, 0x00, 0x00, 0xec, 0x00, 0x00,
    0x2e, 0x20, 0xf7, 0x00, 0x00, 0x0e, 0xd0, 0x00,
    0x06, 0xf5, 0x00, 0x00, 0x01, 0x00, 0xf7, 0x00,
    0x00, 0x07, 0xf3, 0x00, 0x0d, 0xd0, 0x00, 0x00,
    0x00, 0x00, 0xf7, 0x00, 0x00, 0x01, 0xfc, 0x00,
    0x6f, 0x60, 0x00, 0x00, 0x00, 0x00, 0xf7, 0x00,
    0x00, 0x00, 0x8f, 0x51, 0xfc, 0x00, 0x00, 0x00,
    0x00, 0x00, 0xf7, 0x00, 0x00, 0x00, 0x0e, 0xeb,
    0xf2, 0x00, 0x00, 0x00, 0x00, 0x00, 0xf7, 0x00,
    0x00, 0x00, 0x05, 0xff, 0x70, 0x00, 0x00, 0x00,
    0x00, 0x00, 0xf7, 0x00, 0x00, 0x00, 0x08, 0xff,
    0xa0, 0x00, 0x00, 0x00, 0x00, 0x00, 0xf7, 0x00,
    0x00, 0x00, 0xbf, 0xab, 0xfc, 0x10, 0x00, 0x00,
    0x00, 0x00, 0xf7, 0x00, 0x00, 0x2d, 0xf7, 0x00,
    0x9f, 0xd2, 0x00, 0x00, 0x00, 0x00, 0xf7, 0x00,
    0x19, 0xff, 0x40, 0x00, 0x07, 0xff, 0x92, 0x00,
    0x00, 0x00, 0xf7, 0x29, 0xff, 0x81, 0x00, 0x00,
    0x00, 0x3c, 0xff, 0x90, 0x00, 0x00, 0xf7, 0x1d,
    0x91, 0x00, 0x00, 0x00, 0x00, 0x00, 0x4d, 0x70,
    0x00, 0x00, 0x00, 0x00, 0x00, 0x00, 0x00, 0x00,
    0x00, 0x00, 0x00, 0x00,

    /* U+4F20 "传" */
    0x00, 0x00, 0x00, 0x00, 0x00, 0x00, 0x00, 0x00,
    0x00, 0x00, 0x00, 0x00, 0x00, 0x00, 0x0b, 0xa0,
    0x00, 0x00, 0x4e, 0x40, 0x00, 0x00, 0x00, 0x00,
    0x00, 0x02, 0xf8, 0x00, 0x00, 0x08, 0xf1, 0x00,
    0x00, 0x00, 0x00, 0x00, 0x00, 0x9f, 0x12, 0x44,
    0x44, 0xce, 0x44, 0x44, 0x44, 0x30, 0x00, 0x00,
    0x2f, 0x80, 0x9f, 0xff, 0xff, 0xff, 0xff, 0xff,
    0xfc, 0x00, 0x00, 0x0a, 0xf1, 0x02, 0x33, 0x37,
    0xf6, 0x33, 0x33, 0x33, 0x20, 0x00, 0x03, 0xf9,
    0x00, 0x00, 0x00, 0x9f, 0x00, 0x00, 0x00, 0x00,
    0x00, 0x00, 0xdf, 0x70, 0x00, 0x00, 0x0d, 0xc0,
    0x00, 0x00, 0x00, 0x00, 0x00, 0x9f, 0xf7, 0x08,
    0x88, 0x89, 0xfd, 0x88, 0x88, 0x88, 0x88, 0x70,
    0x6f, 0xcf, 0x70, 0xff, 0xff, 0xff, 0xff, 0xff,
    0xff, 0xff, 0xfd, 0x4f, 0xd2, 0xf7, 0x00, 0x00,
    0x0b, 0xe0, 0x00, 0x00, 0x00, 0x00, 0x01, 0xe2,
    0x1f, 0x70, 0x00, 0x00, 0xf9, 0x00, 0x00, 0x00,
    0x00, 0x00, 0x01, 0x01, 0xf7, 0x00, 0x00, 0x5f,
    0x50, 0x00, 0x00, 0x00, 0x00, 0x00, 0x00, 0x1f,
    0x70, 0x00, 0x0b, 0xff, 0xff, 0xff, 0xff, 0xfe,
    0x20, 0x00, 0x01, 0xf7, 0x00, 0x00, 0x67, 0x77,
    0x77, 0x77, 0xcf, 0x90, 0x00, 0x00, 0x1f, 0x70,
    0x00, 0x00, 0x00, 0x00, 0x00, 0x4f, 0xb0, 0x00,
    0x00, 0x01, 0xf7, 0x00, 0x00, 0x00, 0x00, 0x00,
    0x3f, 0xc0, 0x00, 0x00, 0x00, 0x1f, 0x70, 0x00,
    0x00, 0x1a, 0x30, 0x2e, 0xd1, 0x00, 0x00, 0x00,
    0x01, 0xf7, 0x00, 0x00, 0x03, 0xdf, 0x9d, 0xe2,
    0x00, 0x00, 0x00, 0x00, 0x1f, 0x70, 0x00, 0x00,
    0x00, 0xaf, 0xf5, 0x00, 0x00, 0x00, 0x00, 0x01,
    0xf7, 0x00, 0x00, 0x00, 0x00, 0x5f, 0xf4, 0x00,
    0x00, 0x00, 0x00, 0x1f, 0x70, 0x00, 0x00, 0x00,
    0x00, 0x3e, 0xf6, 0x00, 0x00, 0x00, 0x01, 0xf7,
    0x00, 0x00, 0x00, 0x00, 0x00, 0x2c, 0x30, 0x00,
    0x00, 0x00, 0x00, 0x00, 0x00, 0x00, 0x00, 0x00,
    0x00, 0x00, 0x00, 0x00,

    /* U+4F4D "位" */
    0x00, 0x00, 0x00, 0x00, 0x00, 0x00, 0x00, 0x00,
    0x00, 0x00, 0x00, 0x00, 0x00, 0x00, 0x02, 0xc3,
    0x00, 0x00, 0x1e, 0x80, 0x00, 0x00, 0x00, 0x00,
    0x00, 0x00, 0x9f, 0x10, 0x00, 0x00, 0xce, 0x00,
    0x00, 0x00, 0x00, 0x00, 0x00, 0x1f, 0x90, 0x00,
    0x00, 0x07, 0xf3, 0x00, 0x00, 0x00, 0x00, 0x00,
    0x09, 0xf1, 0x00, 0x00, 0x00, 0x3e, 0x40, 0x00,
    0x00, 0x00, 0x00, 0x02, 0xf9, 0x00, 0x99, 0x99,
    0x99, 0x99, 0x99, 0x99, 0x80, 0x00, 0x00, 0xbf,
    0x20, 0x1f, 0xff, 0xff, 0xff, 0xff, 0xff, 0xfe,
    0x00, 0x00, 0x6f, 0xf0, 0x00, 0x00, 0x00, 0x00,
    0x00, 0x00, 0x00, 0x00, 0x00, 0x2f, 0xff, 0x00,
    0x00, 0x15, 0x00, 0x00, 0x00, 0x38, 0x20, 0x00,
    0x1d, 0xfc, 0xf0, 0x00, 0x05, 0xf2, 0x00, 0x00,
    0x07, 0xf3, 0x00, 0x0c, 0xf5, 0x9f, 0x00, 0x00,
    0x2f, 0x60, 0x00, 0x00, 0xaf, 0x00, 0x00, 0x98,
    0x09, 0xf0, 0x00, 0x00, 0xf9, 0x00, 0x00, 0x0c,
    0xd0, 0x00, 0x00, 0x00, 0x9f, 0x00, 0x00, 0x0c,
    0xc0, 0x00, 0x00, 0xfa, 0x00, 0x00, 0x00, 0x09,
    0xf0, 0x00, 0x00, 0x9f, 0x00, 0x00, 0x2f, 0x70,
    0x00, 0x00, 0x00, 0x9f, 0x00, 0x00, 0x06, 0xf2,
    0x00, 0x05, 0xf3, 0x00, 0x00, 0x00, 0x09, 0xf0,
    0x00, 0x00, 0x4f, 0x50, 0x00, 0x8f, 0x00, 0x00,
    0x00, 0x00, 0x9f, 0x00, 0x00, 0x01, 0xf8, 0x00,
    0x0b, 0xc0, 0x00, 0x00, 0x00, 0x09, 0xf0, 0x00,
    0x00, 0x0f, 0xa0, 0x00, 0xf9, 0x00, 0x00, 0x00,
    0x00, 0x9f, 0x00, 0x00, 0x00, 0xea, 0x00, 0x3f,
    0x50, 0x00, 0x00, 0x00, 0x09, 0xf0, 0x00, 0x00,
    0x01, 0x00, 0x07, 0xf1, 0x00, 0x00, 0x00, 0x00,
    0x9f, 0x01, 0x99, 0x99, 0x99, 0x99, 0xdf, 0x99,
    0x99, 0x80, 0x00, 0x09, 0xf0, 0x2f, 0xff, 0xff,
    0xff, 0xff, 0xff, 0xff, 0xfe, 0x00, 0x00, 0x9f,
    0x00, 0x00, 0x00, 0x00, 0x00, 0x00, 0x00, 0x00,
    0x00,

    /* U+4F4E "低" */
    0x00, 0x00, 0x00, 0x00, 0x00, 0x00, 0x00, 0x00,
    0x00, 0x00, 0x00, 0x00, 0x00, 0x00, 0x00, 0xcb,
    0x00, 0x00, 0x00, 0x00, 0x14, 0x9e, 0xd2, 0x00,
    0x00, 0x00, 0x03, 0xf7, 0x00, 0x01, 0x36, 0x9d,
    0xff, 0xfc, 0x72, 0x00, 0x00, 0x00, 0x09, 0xe0,
    0x0a, 0xef, 0xff, 0xed, 0xf6, 0x00, 0x00, 0x00,
    0x00, 0x00, 0x2f, 0x80, 0x0e, 0xc6, 0x31, 0x04,
    0xf4, 0x00, 0x00, 0x00, 0x00, 0x00, 0xaf, 0x10,
    0x0e, 0x90, 0x00, 0x03, 0xf4, 0x00, 0x00, 0x00,
    0x00, 0x03, 0xfa, 0x00, 0x0e, 0x90, 0x00, 0x02,
    0xf5, 0x00, 0x00, 0x00, 0x00, 0x0d, 0xf9, 0x00,
    0x0e, 0x90, 0x00, 0x01, 0xf6, 0x00, 0x00, 0x00,
    0x00, 0x9f, 0xf9, 0x00, 0x0e, 0x90, 0x00, 0x00,
    0xf7, 0x00, 0x00, 0x00, 0x06, 0xfb, 0xe9, 0x00,
    0x0e, 0x90, 0x00, 0x00, 0xf9, 0x00, 0x00, 0x00,
    0x3f, 0xe1, 0xe9, 0x00, 0x0e, 0xff, 0xff, 0xff,
    0xff, 0xff, 0xff, 0xc0, 0x1e, 0x30, 0xe9, 0x00,
    0x0e, 0xc8, 0x88, 0x88, 0xde, 0x88, 0x88, 0x60,
    0x01, 0x00, 0xe9, 0x00, 0x0e, 0x90, 0x00, 0x00,
    0x9e, 0x00, 0x00, 0x00, 0x00, 0x00, 0xe9, 0x00,
    0x0e, 0x90, 0x00, 0x00, 0x7f, 0x10, 0x00, 0x00,
    0x00, 0x00, 0xe9, 0x00, 0x0e, 0x90, 0x00, 0x00,
    0x5f, 0x30, 0x00, 0x00, 0x00, 0x00, 0xe9, 0x00,
    0x0e, 0x90, 0x00, 0x00, 0x2f, 0x60, 0x00, 0x00,
    0x00, 0x00, 0xe9, 0x00, 0x0e, 0x90, 0x00, 0x00,
    0x0f, 0xa0, 0x00, 0x00, 0x00, 0x00, 0xe9, 0x00,
    0x0e, 0x90, 0x00, 0x31, 0x0b, 0xe0, 0x01, 0x50,
    0x00, 0x00, 0xe9, 0x00, 0x0e, 0x90, 0x00, 0xc9,
    0x07, 0xf2, 0x02, 0xf1, 0x00, 0x00, 0xe9, 0x00,
    0x0e, 0x90, 0x00, 0x5f, 0x22, 0xf9, 0x05, 0xe0,
    0x00, 0x00, 0xe9, 0x00, 0x0f, 0xa5, 0xae, 0x2c,
    0x90, 0xbf, 0x4a, 0xb0, 0x00, 0x00, 0xe9, 0x00,
    0x8f, 0xff, 0xd8, 0x16, 0xf1, 0x2f, 0xff, 0x50,
    0x00, 0x00, 0xe9, 0x00, 0x9c, 0x72, 0x00, 0x00,
    0x71, 0x03, 0xb9, 0x00, 0x00, 0x00, 0x00, 0x00,
    0x00, 0x00, 0x00, 0x00, 0x00, 0x00, 0x00, 0x00,

    /* U+4F53 "体" */
    0x00, 0x00, 0x00, 0xb4, 0x00, 0x00, 0x00, 0xd7,
    0x00, 0x00, 0x00, 0x00, 0x00, 0x00, 0x06, 0xf3,
    0x00, 0x00, 0x00, 0xf8, 0x00, 0x00, 0x00, 0x00,
    0x00, 0x00, 0x0c, 0xc0, 0x00, 0x00, 0x00, 0xf8,
    0x00, 0x00, 0x00, 0x00, 0x00, 0x00, 0x3f, 0x60,
    0x00, 0x00, 0x00, 0xf8, 0x00, 0x00, 0x00, 0x00,
    0x00, 0x00, 0xbe, 0x00, 0x00, 0x00, 0x01, 0xf8,
    0x00, 0x00, 0x00, 0x00, 0x00, 0x03, 0xf8, 0x0e,
    0xff, 0xff, 0xff, 0xff, 0xff, 0xff, 0xff, 0xc0,
    0x00, 0x0d, 0xf7, 0x07, 0x77, 0x77, 0x9f, 0xff,
    0xd7, 0x77, 0x77, 0x60, 0x00, 0x7f, 0xf7, 0x00,
    0x00, 0x00, 0x7e, 0xfe, 0xf1, 0x00, 0x00, 0x00,
    0x03, 0xfd, 0xf7, 0x00, 0x00, 0x00, 0xe8, 0xf8,
    0xf7, 0x00, 0x00, 0x00, 0x0e, 0xf3, 0xf7, 0x00,
    0x00, 0x05, 0xf2, 0xf8, 0x9d, 0x00, 0x00, 0x00,
    0x0b, 0x60, 0xf7, 0x00, 0x00, 0x0d, 0xa0, 0xf8,
    0x2f, 0x60, 0x00, 0x00, 0x01, 0x00, 0xf7, 0x00,
    0x00, 0x7f, 0x20, 0xf8, 0x0a, 0xe1, 0x00, 0x00,
    0x00, 0x00, 0xf7, 0x00, 0x01, 0xf9, 0x00, 0xf8,
    0x02, 0xf9, 0x00, 0x00, 0x00, 0x00, 0xf7, 0x00,
    0x0c, 0xf1, 0x00, 0xf8, 0x00, 0x8f, 0x50, 0x00,
    0x00, 0x00, 0xf7, 0x00, 0x8f, 0x50, 0x00, 0xf8,
    0x00, 0x0d, 0xe2, 0x00, 0x00, 0x00, 0xf7, 0x06,
    0xfa, 0x00, 0x01, 0xf8, 0x00, 0x03, 0xfd, 0x10,
    0x00, 0x00, 0xf7, 0x6f, 0xc3, 0xff, 0xff, 0xff,
    0xff, 0xf8, 0x6f, 0xe1, 0x00, 0x00, 0xf7, 0x3c,
    0x11, 0x77, 0x77, 0xfb, 0x77, 0x73, 0x07, 0x80,
    0x00, 0x00, 0xf7, 0x00, 0x00, 0x00, 0x00, 0xf8,
    0x00, 0x00, 0x00, 0x00, 0x00, 0x00, 0xf7, 0x00,
    0x00, 0x00, 0x00, 0xf8, 0x00, 0x00, 0x00, 0x00,
    0x00, 0x00, 0xf7, 0x00, 0x00, 0x00, 0x00, 0xf8,
    0x00, 0x00, 0x00, 0x00, 0x00, 0x00, 0xf7, 0x00,
    0x00, 0x00, 0x00, 0xe7, 0x00, 0x00, 0x00, 0x00,

    /* U+4F5C "作" */
    0x00, 0x00, 0x00, 0x00, 0x00, 0x00, 0x00, 0x00,
    0x00, 0x00, 0x00, 0x00, 0x00, 0x00, 0x00, 0x3d,
    0x40, 0x00, 0x59, 0x10, 0x00, 0x00, 0x00, 0x00,
    0x00, 0x00, 0x00, 0xaf, 0x10, 0x00, 0xce, 0x00,
    0x00, 0x00, 0x00, 0x00, 0x00, 0x00, 0x01, 0xf8,
    0x00, 0x03, 0xf7, 0x00, 0x00, 0x00, 0x00, 0x00,
    0x00, 0x00, 0x0a, 0xf1, 0x00, 0x0a, 0xf2, 0x00,
    0x00, 0x00, 0x00, 0x00, 0x00, 0x00, 0x3f, 0x90,
    0x00, 0x3f, 0xff, 0xff, 0xff, 0xff, 0xff, 0xf1,
    0x00, 0x00, 0xcf, 0x20, 0x00, 0xbf, 0x78, 0xfc,
    0x77, 0x77, 0x77, 0x70, 0x00, 0x07, 0xff, 0x00,
    0x06, 0xf7, 0x01, 0xf8, 0x00, 0x00, 0x00, 0x00,
    0x00, 0x3f, 0xff, 0x00, 0x2f, 0xd0, 0x01, 0xf8,
    0x00, 0x00, 0x00, 0x00, 0x02, 0xef, 0xbf, 0x00,
    0xdf, 0x30, 0x01, 0xf8, 0x00, 0x00, 0x00, 0x00,
    0x0d, 0xf4, 0x9f, 0x05, 0xf6, 0x00, 0x01, 0xff,
    0xff, 0xff, 0xff, 0x80, 0x08, 0x70, 0x9f, 0x00,
    0x30, 0x00, 0x01, 0xfc, 0x88, 0x88, 0x88, 0x40,
    0x00, 0x00, 0x9f, 0x00, 0x00, 0x00, 0x01, 0xf8,
    0x00, 0x00, 0x00, 0x00, 0x00, 0x00, 0x9f, 0x00,
    0x00, 0x00, 0x01, 0xf8, 0x00, 0x00, 0x00, 0x00,
    0x00, 0x00, 0x9f, 0x00, 0x00, 0x00, 0x01, 0xf8,
    0x00, 0x00, 0x00, 0x00, 0x00, 0x00, 0x9f, 0x00,
    0x00, 0x00, 0x01, 0xfc, 0x88, 0x88, 0x88, 0x80,
    0x00, 0x00, 0x9f, 0x00, 0x00, 0x00, 0x01, 0xff,
    0xff, 0xff, 0xff, 0xd0, 0x00, 0x00, 0x9f, 0x00,
    0x00, 0x00, 0x01, 0xf8, 0x00, 0x00, 0x00, 0x00,
    0x00, 0x00, 0x9f, 0x00, 0x00, 0x00, 0x01, 0xf8,
    0x00, 0x00, 0x00, 0x00, 0x00, 0x00, 0x9f, 0x00,
    0x00, 0x00, 0x01, 0xf8, 0x00, 0x00, 0x00, 0x00,
    0x00, 0x00, 0x9f, 0x00, 0x00, 0x00, 0x01, 0xf8,
    0x00, 0x00, 0x00, 0x00, 0x00, 0x00, 0x9f, 0x00,
    0x00, 0x00, 0x01, 0xf8, 0x00, 0x00, 0x00, 0x00,
    0x00, 0x00, 0x9f, 0x00, 0x00, 0x00, 0x01, 0xf8,
    0x00, 0x00, 0x00, 0x00,

    /* U+4FDD "保" */
    0x00, 0x00, 0x00, 0x00, 0x00, 0x00, 0x00, 0x00,
    0x00, 0x00, 0x00, 0x00, 0x00, 0x00, 0x00, 0xab,
    0x00, 0x00, 0x00, 0x00, 0x00, 0x00, 0x00, 0x00,
    0x00, 0x00, 0x02, 0xf8, 0x1f, 0xff, 0xff, 0xff,
    0xff, 0xff, 0xf4, 0x00, 0x00, 0x00, 0x09, 0xf1,
    0x1f, 0xb7, 0x77, 0x77, 0x77, 0x79, 0xf4, 0x00,
    0x00, 0x00, 0x2f, 0x90, 0x1f, 0x60, 0x00, 0x00,
    0x00, 0x04, 0xf4, 0x00, 0x00, 0x00, 0xaf, 0x10,
    0x1f, 0x60, 0x00, 0x00, 0x00, 0x04, 0xf4, 0x00,
    0x00, 0x04, 0xfa, 0x00, 0x1f, 0x60, 0x00, 0x00,
    0x00, 0x04, 0xf4, 0x00, 0x00, 0x1e, 0xfa, 0x00,
    0x1f, 0x60, 0x00, 0x00, 0x00, 0x04, 0xf4, 0x00,
    0x00, 0xbf, 0xfa, 0x00, 0x1f, 0xff, 0xff, 0xff,
    0xff, 0xff, 0xf4, 0x00, 0x0a, 0xf8, 0xea, 0x00,
    0x07, 0x77, 0x77, 0xee, 0x77, 0x77, 0x72, 0x00,
    0x6f, 0xa0, 0xea, 0x00, 0x00, 0x00, 0x00, 0xcd,
    0x00, 0x00, 0x00, 0x00, 0x1b, 0x00, 0xea, 0x00,
    0x00, 0x00, 0x00, 0xcd, 0x00, 0x00, 0x00, 0x00,
    0x00, 0x00, 0xea, 0x04, 0x44, 0x44, 0x44, 0xde,
    0x44, 0x44, 0x44, 0x30, 0x00, 0x00, 0xea, 0x0e,
    0xff, 0xff, 0xff, 0xff, 0xff, 0xff, 0xff, 0xa0,
    0x00, 0x00, 0xea, 0x02, 0x22, 0x22, 0x4f, 0xff,
    0xf4, 0x22, 0x22, 0x20, 0x00, 0x00, 0xea, 0x00,
    0x00, 0x00, 0xbe, 0xde, 0xdb, 0x00, 0x00, 0x00,
    0x00, 0x00, 0xea, 0x00, 0x00, 0x08, 0xf4, 0xcd,
    0x2f, 0x80, 0x00, 0x00, 0x00, 0x00, 0xea, 0x00,
    0x00, 0x7f, 0x80, 0xcd, 0x05, 0xf6, 0x00, 0x00,
    0x00, 0x00, 0xea, 0x00, 0x08, 0xfa, 0x00, 0xcd,
    0x00, 0x9f, 0x60, 0x00, 0x00, 0x00, 0xea, 0x01,
    0xbf, 0x90, 0x00, 0xcd, 0x00, 0x0b, 0xf9, 0x00,
    0x00, 0x00, 0xea, 0x3f, 0xf8, 0x00, 0x00, 0xcd,
    0x00, 0x00, 0xaf, 0xd1, 0x00, 0x00, 0xea, 0x0a,
    0x30, 0x00, 0x00, 0xcd, 0x00, 0x00, 0x06, 0x80,
    0x00, 0x00, 0xd9, 0x00, 0x00, 0x00, 0x00, 0xcd,
    0x00, 0x00, 0x00, 0x00,

    /* U+4FE1 "信" */
    0x00, 0x00, 0x00, 0x00, 0x00, 0x00, 0x00, 0x00,
    0x00, 0x00, 0x00, 0x00, 0x00, 0x00, 0x0d, 0x80,
    0x00, 0x00, 0x8e, 0x10, 0x00, 0x00, 0x00, 0x00,
    0x00, 0x04, 0xf5, 0x00, 0x00, 0x03, 0xf9, 0x00,
    0x00, 0x00, 0x00, 0x00, 0x00, 0xad, 0x00, 0x00,
    0x00, 0x0a, 0xf1, 0x00, 0x00, 0x00, 0x00, 0x00,
    0x2f, 0x60, 0x11, 0x11, 0x11, 0x47, 0x21, 0x11,
    0x11, 0x10, 0x00, 0x0a, 0xe0, 0x5f, 0xff, 0xff,
    0xff, 0xff, 0xff, 0xff, 0xfd, 0x00, 0x03, 0xf9,
    0x01, 0x44, 0x44, 0x44, 0x44, 0x44, 0x44, 0x44,
    0x30, 0x00, 0xdf, 0x80, 0x00, 0x00, 0x00, 0x00,
    0x00, 0x00, 0x00, 0x00, 0x00, 0x8f, 0xf8, 0x00,
    0x09, 0xee, 0xee, 0xee, 0xee, 0xee, 0xe0, 0x00,
    0x5f, 0x8e, 0x80, 0x00, 0x46, 0x66, 0x66, 0x66,
    0x66, 0x66, 0x00, 0x1f, 0xc0, 0xe8, 0x00, 0x00,
    0x00, 0x00, 0x00, 0x00, 0x00, 0x00, 0x00, 0xa2,
    0x0e, 0x80, 0x00, 0x34, 0x44, 0x44, 0x44, 0x44,
    0x44, 0x00, 0x00, 0x00, 0xe8, 0x00, 0x0a, 0xff,
    0xff, 0xff, 0xff, 0xff, 0xf0, 0x00, 0x00, 0x0e,
    0x80, 0x00, 0x00, 0x00, 0x00, 0x00, 0x00, 0x00,
    0x00, 0x00, 0x00, 0xe8, 0x00, 0x00, 0x00, 0x00,
    0x00, 0x00, 0x00, 0x00, 0x00, 0x00, 0x0e, 0x80,
    0x00, 0xef, 0xff, 0xff, 0xff, 0xff, 0xff, 0x20,
    0x00, 0x00, 0xe8, 0x00, 0x0f, 0xa6, 0x66, 0x66,
    0x66, 0x68, 0xf2, 0x00, 0x00, 0x0e, 0x80, 0x00,
    0xf7, 0x00, 0x00, 0x00, 0x00, 0x4f, 0x20, 0x00,
    0x00, 0xe8, 0x00, 0x0f, 0x70, 0x00, 0x00, 0x00,
    0x04, 0xf2, 0x00, 0x00, 0x0e, 0x80, 0x00, 0xf7,
    0x00, 0x00, 0x00, 0x00, 0x4f, 0x20, 0x00, 0x00,
    0xe8, 0x00, 0x0f, 0xa6, 0x66, 0x66, 0x66, 0x68,
    0xf2, 0x00, 0x00, 0x0e, 0x80, 0x00, 0xff, 0xff,
    0xff, 0xff, 0xff, 0xff, 0x20, 0x00, 0x00, 0xe8,
    0x00, 0x0f, 0x70, 0x00, 0x00, 0x00, 0x03, 0xe2,
    0x00, 0x00, 0x00, 0x00, 0x00, 0x00, 0x00, 0x00,
    0x00, 0x00, 0x00, 0x00,

    /* U+4FEE "修" */
    0x00, 0x00, 0x00, 0x00, 0x00, 0x00, 0x00, 0x00,
    0x00, 0x00, 0x00, 0x00, 0x00, 0x00, 0x03, 0xc2,
    0x00, 0x00, 0x09, 0xe1, 0x00, 0x00, 0x00, 0x00,
    0x00, 0x00, 0x09, 0xe0, 0x00, 0x00, 0x2f, 0xa0,
    0x00, 0x00, 0x00, 0x00, 0x00, 0x00, 0x0f, 0x80,
    0x00, 0x00, 0xaf, 0x96, 0x66, 0x66, 0x66, 0x00,
    0x00, 0x00, 0x6f, 0x20, 0x00, 0x03, 0xff, 0xee,
    0xee, 0xee, 0xff, 0x10, 0x00, 0x00, 0xeb, 0x00,
    0x00, 0x1e, 0xfb, 0x00, 0x00, 0x03, 0xf6, 0x00,
    0x00, 0x06, 0xf7, 0x00, 0x01, 0xce, 0x5f, 0x90,
    0x00, 0x1e, 0xc0, 0x00, 0x00, 0x1e, 0xf7, 0x03,
    0x7a, 0xf3, 0x04, 0xfa, 0x03, 0xec, 0x10, 0x00,
    0x00, 0x9f, 0xf7, 0x07, 0xe1, 0x30, 0x00, 0x3e,
    0xdf, 0xb0, 0x00, 0x00, 0x04, 0xfa, 0xf7, 0x07,
    0xe0, 0x00, 0x01, 0x7e, 0xff, 0xa3, 0x00, 0x00,
    0x1e, 0xd1, 0xf7, 0x07, 0xe0, 0x26, 0xaf, 0xe8,
    0x15, 0xdf, 0xc7, 0x30, 0x0e, 0x31, 0xf7, 0x07,
    0xea, 0xff, 0xb6, 0x00, 0x11, 0x05, 0xaf, 0xf2,
    0x01, 0x01, 0xf7, 0x07, 0xe2, 0x40, 0x00, 0x04,
    0xeb, 0x00, 0x00, 0x20, 0x00, 0x01, 0xf7, 0x07,
    0xe0, 0x00, 0x03, 0xaf, 0x80, 0x00, 0x00, 0x00,
    0x00, 0x01, 0xf7, 0x07, 0xe0, 0x06, 0xdf, 0x92,
    0x00, 0x5c, 0x20, 0x00, 0x00, 0x01, 0xf7, 0x07,
    0xe0, 0x04, 0x71, 0x00, 0x19, 0xf6, 0x00, 0x00,
    0x00, 0x01, 0xf7, 0x07, 0xe0, 0x00, 0x00, 0x38,
    0xfc, 0x30, 0x02, 0x00, 0x00, 0x01, 0xf7, 0x07,
    0xe0, 0x02, 0x8d, 0xfb, 0x50, 0x00, 0x6f, 0x90,
    0x00, 0x01, 0xf7, 0x07, 0xe0, 0x02, 0xc7, 0x10,
    0x00, 0x1a, 0xf9, 0x00, 0x00, 0x01, 0xf7, 0x00,
    0x00, 0x00, 0x00, 0x00, 0x19, 0xfe, 0x60, 0x00,
    0x00, 0x01, 0xf7, 0x00, 0x00, 0x00, 0x02, 0x7c,
    0xff, 0x80, 0x00, 0x00, 0x00, 0x01, 0xf7, 0x00,
    0x00, 0x7b, 0xef, 0xfb, 0x50, 0x00, 0x00, 0x00,
    0x00, 0x01, 0xf7, 0x00, 0x00, 0x5c, 0x85, 0x10,
    0x00, 0x00, 0x00, 0x00,

    /* U+503C "值" */
    0x00, 0x00, 0x00, 0xa9, 0x00, 0x00, 0x00, 0x9e,
    0x10, 0x00, 0x00, 0x00, 0x00, 0x00, 0x2f, 0x70,
    0x00, 0x00, 0x0c, 0xe0, 0x00, 0x00, 0x00, 0x00,
    0x00, 0x08, 0xf1, 0x77, 0x77, 0x77, 0xee, 0x77,
    0x77, 0x77, 0x10, 0x00, 0x01, 0xf8, 0x1f, 0xff,
    0xff, 0xff, 0xff, 0xff, 0xff, 0xf3, 0x00, 0x00,
    0x8f, 0x10, 0x00, 0x00, 0x04, 0xf4, 0x00, 0x00,
    0x00, 0x00, 0x00, 0x2f, 0x90, 0x00, 0x00, 0x00,
    0x8f, 0x00, 0x00, 0x00, 0x00, 0x00, 0x0b, 0xf6,
    0x00, 0x0c, 0xff, 0xff, 0xff, 0xff, 0xff, 0xb0,
    0x00, 0x06, 0xff, 0x60, 0x00, 0xcc, 0x55, 0x55,
    0x55, 0x55, 0xdc, 0x00, 0x03, 0xfd, 0xf6, 0x00,
    0x0c, 0xa0, 0x00, 0x00, 0x00, 0x0b, 0xc0, 0x00,
    0xee, 0x3f, 0x60, 0x00, 0xcc, 0x44, 0x44, 0x44,
    0x44, 0xcc, 0x00, 0x0b, 0x41, 0xf6, 0x00, 0x0c,
    0xff, 0xff, 0xff, 0xff, 0xff, 0xc0, 0x00, 0x00,
    0x1f, 0x60, 0x00, 0xca, 0x00, 0x00, 0x00, 0x00,
    0xbc, 0x00, 0x00, 0x01, 0xf6, 0x00, 0x0c, 0xa0,
    0x00, 0x00, 0x00, 0x0b, 0xc0, 0x00, 0x00, 0x1f,
    0x60, 0x00, 0xcf, 0xff, 0xff, 0xff, 0xff, 0xfc,
    0x00, 0x00, 0x01, 0xf6, 0x00, 0x0c, 0xb3, 0x33,
    0x33, 0x33, 0x3c, 0xc0, 0x00, 0x00, 0x1f, 0x60,
    0x00, 0xca, 0x00, 0x00, 0x00, 0x00, 0xbc, 0x00,
    0x00, 0x01, 0xf6, 0x00, 0x0c, 0xc5, 0x55, 0x55,
    0x55, 0x5d, 0xc0, 0x00, 0x00, 0x1f, 0x60, 0x00,
    0xcf, 0xdd, 0xdd, 0xdd, 0xdd, 0xfc, 0x00, 0x00,
    0x01, 0xf6, 0x00, 0x0c, 0xa0, 0x00, 0x00, 0x00,
    0x0b, 0xc0, 0x00, 0x00, 0x1f, 0x60, 0x44, 0xdc,
    0x44, 0x44, 0x44, 0x44, 0xcd, 0x44, 0x00, 0x01,
    0xf6, 0x1f, 0xff, 0xff, 0xff, 0xff, 0xff, 0xff,
    0xff, 0xf0, 0x00, 0x1f, 0x60, 0x11, 0x11, 0x11,
    0x11, 0x11, 0x11, 0x11, 0x11,

    /* U+5149 "光" */
    0x00, 0x00, 0x00, 0x00, 0x00, 0x23, 0x00, 0x00,
    0x00, 0x00, 0x00, 0x00, 0x00, 0x00, 0x00, 0x00,
    0x0b, 0xe0, 0x00, 0x00, 0x01, 0x00, 0x00, 0x00,
    0x2c, 0x50, 0x00, 0x00, 0xbe, 0x00, 0x00, 0x00,
    0xec, 0x00, 0x00, 0x00, 0xdd, 0x00, 0x00, 0x0b,
    0xe0, 0x00, 0x00, 0x6f, 0x70, 0x00, 0x00, 0x05,
    0xf7, 0x00, 0x00, 0xbe, 0x00, 0x00, 0x0d, 0xe0,
    0x00, 0x00, 0x00, 0x0c, 0xf1, 0x00, 0x0b, 0xe0,
    0x00, 0x05, 0xf6, 0x00, 0x00, 0x00, 0x00, 0x4f,
    0x70, 0x00, 0xbe, 0x00, 0x00, 0xdd, 0x00, 0x00,
    0x00, 0x00, 0x00, 0xed, 0x00, 0x0b, 0xe0, 0x00,
    0x6f, 0x40, 0x00, 0x00, 0x00, 0x00, 0x04, 0x20,
    0x00, 0xbe, 0x00, 0x00, 0x40, 0x00, 0x00, 0x00,
    0x00, 0x00, 0x00, 0x00, 0x0b, 0xe0, 0x00, 0x00,
    0x00, 0x00, 0x00, 0x7f, 0xff, 0xff, 0xff, 0xff,
    0xff, 0xff, 0xff, 0xff, 0xff, 0xfe, 0x04, 0x88,
    0x88, 0x89, 0xfd, 0x88, 0x88, 0xdf, 0x88, 0x88,
    0x88, 0x80, 0x00, 0x00, 0x00, 0x1f, 0x90, 0x00,
    0x09, 0xf0, 0x00, 0x00, 0x00, 0x00, 0x00, 0x00,
    0x03, 0xf7, 0x00, 0x00, 0x9f, 0x00, 0x00, 0x00,
    0x00, 0x00, 0x00, 0x00, 0x6f, 0x40, 0x00, 0x09,
    0xf0, 0x00, 0x00, 0x00, 0x00, 0x00, 0x00, 0x0a,
    0xf2, 0x00, 0x00, 0x9f, 0x00, 0x00, 0x00, 0x00,
    0x00, 0x00, 0x01, 0xfc, 0x00, 0x00, 0x09, 0xf0,
    0x00, 0x00, 0x00, 0x00, 0x00, 0x00, 0x6f, 0x60,
    0x00, 0x00, 0x9f, 0x00, 0x00, 0x03, 0x40, 0x00,
    0x00, 0x2f, 0xe0, 0x00, 0x00, 0x09, 0xf0, 0x00,
    0x00, 0x5f, 0x20, 0x00, 0x2d, 0xf5, 0x00, 0x00,
    0x00, 0x9f, 0x00, 0x00, 0x06, 0xf0, 0x00, 0x7f,
    0xf6, 0x00, 0x00, 0x00, 0x09, 0xf0, 0x00, 0x00,
    0x9e, 0x07, 0xef, 0xe4, 0x00, 0x00, 0x00, 0x00,
    0x8f, 0xb8, 0x88, 0x9f, 0xa0, 0x5d, 0x60, 0x00,
    0x00, 0x00, 0x00, 0x01, 0xcf, 0xff, 0xff, 0xc2,
    0x00, 0x00, 0x00, 0x00, 0x00, 0x00, 0x00, 0x00,
    0x00, 0x00, 0x00, 0x00,

    /* U+5165 "入" */
    0x00, 0x00, 0x00, 0x03, 0x00, 0x00, 0x00, 0x00,
    0x00, 0x00, 0x00, 0x00, 0x00, 0x00, 0x08, 0xf6,
    0x00, 0x00, 0x00, 0x00, 0x00, 0x00, 0x00, 0x00,
    0x00, 0x00, 0x2e, 0xf7, 0x00, 0x00, 0x00, 0x00,
    0x00, 0x00, 0x00, 0x00, 0x00, 0x00, 0x1c, 0xf5,
    0x00, 0x00, 0x00, 0x00, 0x00, 0x00, 0x00, 0x00,
    0x00, 0x00, 0x1e, 0xf2, 0x00, 0x00, 0x00, 0x00,
    0x00, 0x00, 0x00, 0x00, 0x00, 0x00, 0x3f, 0xd0,
    0x00, 0x00, 0x00, 0x00, 0x00, 0x00, 0x00, 0x00,
    0x00, 0x02, 0xff, 0x60, 0x00, 0x00, 0x00, 0x00,
    0x00, 0x00, 0x00, 0x00, 0x00, 0x7f, 0xfe, 0x10,
    0x00, 0x00, 0x00, 0x00, 0x00, 0x00, 0x00, 0x00,
    0x0c, 0xf8, 0xf8, 0x00, 0x00, 0x00, 0x00, 0x00,
    0x00, 0x00, 0x00, 0x01, 0xfc, 0x0d, 0xf1, 0x00,
    0x00, 0x00, 0x00, 0x00, 0x00, 0x00, 0x00, 0x6f,
    0x60, 0x5f, 0x80, 0x00, 0x00, 0x00, 0x00, 0x00,
    0x00, 0x00, 0x0d, 0xf1, 0x00, 0xcf, 0x10, 0x00,
    0x00, 0x00, 0x00, 0x00, 0x00, 0x06, 0xfa, 0x00,
    0x04, 0xf9, 0x00, 0x00, 0x00, 0x00, 0x00, 0x00,
    0x00, 0xef, 0x20, 0x00, 0x0c, 0xf2, 0x00, 0x00,
    0x00, 0x00, 0x00, 0x00, 0x7f, 0x80, 0x00, 0x00,
    0x4f, 0xc0, 0x00, 0x00, 0x00, 0x00, 0x00, 0x4f,
    0xe0, 0x00, 0x00, 0x00, 0xbf, 0x60, 0x00, 0x00,
    0x00, 0x00, 0x2e, 0xf5, 0x00, 0x00, 0x00, 0x01,
    0xef, 0x40, 0x00, 0x00, 0x00, 0x1d, 0xf6, 0x00,
    0x00, 0x00, 0x00, 0x04, 0xff, 0x30, 0x00, 0x00,
    0x4e, 0xf8, 0x00, 0x00, 0x00, 0x00, 0x00, 0x08,
    0xff, 0x50, 0x00, 0x9f, 0xf8, 0x00, 0x00, 0x00,
    0x00, 0x00, 0x00, 0x08, 0xff, 0x90, 0xaf, 0xe4,
    0x00, 0x00, 0x00, 0x00, 0x00, 0x00, 0x00, 0x06,
    0xfc, 0x00, 0x81, 0x00, 0x00, 0x00, 0x00, 0x00,
    0x00, 0x00, 0x00, 0x02, 0x30,

    /* U+5199 "写" */
    0x1f, 0xff, 0xff, 0xff, 0xff, 0xff, 0xff, 0xff,
    0xff, 0xff, 0xf1, 0x1f, 0xc8, 0x88, 0x88, 0x88,
    0x88, 0x88, 0x88, 0x88, 0x8c, 0xf1, 0x1f, 0x80,
    0x00, 0xcb, 0x00, 0x00, 0x00, 0x00, 0x00, 0x09,
    0xf1, 0x1f, 0x80, 0x00, 0xfa, 0x00, 0x00, 0x00,
    0x00, 0x00, 0x09, 0xf1, 0x09, 0x40, 0x03, 0xf6,
    0x00, 0x00, 0x00, 0x00, 0x00, 0x05, 0x90, 0x00,
    0x00, 0x06, 0xff, 0xff, 0xff, 0xff, 0xff, 0xff,
    0x20, 0x00, 0x00, 0x00, 0x0a, 0xf7, 0x77, 0x77,
    0x77, 0x77, 0x77, 0x10, 0x00, 0x00, 0x00, 0x0d,
    0xc0, 0x00, 0x00, 0x00, 0x00, 0x00, 0x00, 0x00,
    0x00, 0x00, 0x1f, 0x80, 0x00, 0x00, 0x00, 0x00,
    0x00, 0x00, 0x00, 0x00, 0x00, 0x5f, 0x73, 0x33,
    0x33, 0x33, 0x33, 0x33, 0x20, 0x00, 0x00, 0x00,
    0x9f, 0xff, 0xff, 0xff, 0xff, 0xff, 0xff, 0xb0,
    0x00, 0x00, 0x00, 0x23, 0x33, 0x33, 0x33, 0x33,
    0x33, 0x4f, 0x90, 0x00, 0x00, 0x00, 0x00, 0x00,
    0x00, 0x00, 0x00, 0x00, 0x1f, 0x70, 0x00, 0x00,
    0x00, 0x00, 0x00, 0x00, 0x00, 0x00, 0x00, 0x3f,
    0x50, 0x00, 0x0c, 0xff, 0xff, 0xff, 0xff, 0xff,
    0xff, 0xd0, 0x5f, 0x30, 0x00, 0x06, 0x77, 0x77,
    0x77, 0x77, 0x77, 0x77, 0x60, 0x8f, 0x10, 0x00,
    0x00, 0x00, 0x00, 0x00, 0x00, 0x00, 0x00, 0x00,
    0xaf, 0x00, 0x00, 0x00, 0x00, 0x00, 0x00, 0x00,
    0x00, 0x00, 0x00, 0xeb, 0x00, 0x00, 0x00, 0x00,
    0x00, 0x00, 0x00, 0x00, 0x00, 0x04, 0xf7, 0x00,
    0x00, 0x00, 0x00, 0x00, 0x00, 0x00, 0x58, 0x76,
    0x7d, 0xf1, 0x00, 0x00, 0x00, 0x00, 0x00, 0x00,
    0x00, 0x5f, 0xff, 0xfd, 0x50, 0x00, 0x00, 0x00,
    0x00, 0x00, 0x00, 0x00, 0x00, 0x00, 0x00, 0x00,
    0x00, 0x00,

    /* U+51C6 "准" */
    0x00, 0x00, 0x00, 0x00, 0x00, 0x00, 0x00, 0x00,
    0x00, 0x00, 0x00, 0x01, 0x00, 0x00, 0x00, 0x06,
    0xd1, 0x03, 0xe4, 0x00, 0x00, 0x00, 0x6f, 0x30,
    0x00, 0x00, 0x0c, 0xc0, 0x00, 0xde, 0x00, 0x00,
    0x00, 0x1e, 0xd0, 0x00, 0x00, 0x2f, 0x60, 0x00,
    0x5f, 0x60, 0x00, 0x00, 0x05, 0xf9, 0x00, 0x00,
    0xaf, 0x00, 0x00, 0x0b, 0x50, 0x00, 0x00, 0x00,
    0xbf, 0x30, 0x02, 0xff, 0xff, 0xff, 0xff, 0xff,
    0xff, 0xf6, 0x00, 0x2f, 0xc0, 0x0a, 0xfb, 0x77,
    0x77, 0xbf, 0x87, 0x77, 0x73, 0x00, 0x08, 0x60,
    0x5f, 0xf6, 0x00, 0x00, 0x7f, 0x10, 0x00, 0x00,
    0x00, 0x00, 0x01, 0xee, 0xf6, 0x00, 0x00, 0x7f,
    0x10, 0x00, 0x00, 0x00, 0x00, 0x0c, 0xf4, 0xf6,
    0x00, 0x00, 0x7f, 0x10, 0x00, 0x00, 0x00, 0x00,
    0x8f, 0x71, 0xff, 0xff, 0xff, 0xff, 0xff, 0xff,
    0xe0, 0x00, 0x00, 0x07, 0x01, 0xfa, 0x66, 0x66,
    0xbf, 0x76, 0x66, 0x60, 0x00, 0x00, 0x00, 0x01,
    0xf6, 0x00, 0x00, 0x7f, 0x10, 0x00, 0x00, 0x00,
    0x03, 0xc2, 0x01, 0xf6, 0x00, 0x00, 0x7f, 0x10,
    0x00, 0x00, 0x00, 0x0a, 0xf1, 0x01, 0xf8, 0x22,
    0x22, 0x9f, 0x42, 0x22, 0x20, 0x00, 0x1f, 0xa0,
    0x01, 0xff, 0xff, 0xff, 0xff, 0xff, 0xff, 0xe0,
    0x00, 0x8f, 0x40, 0x01, 0xf8, 0x33, 0x33, 0x9f,
    0x43, 0x33, 0x30, 0x00, 0xed, 0x00, 0x01, 0xf6,
    0x00, 0x00, 0x7f, 0x10, 0x00, 0x00, 0x06, 0xf6,
    0x00, 0x01, 0xf6, 0x00, 0x00, 0x7f, 0x10, 0x00,
    0x00, 0x0e, 0xe0, 0x00, 0x01, 0xf9, 0x44, 0x44,
    0xaf, 0x54, 0x44, 0x44, 0x6f, 0x80, 0x00, 0x01,
    0xff, 0xff, 0xff, 0xff, 0xff, 0xff, 0xfe, 0x19,
    0x10, 0x00, 0x01, 0xf8, 0x22, 0x22, 0x22, 0x22,
    0x22, 0x22, 0x00, 0x00, 0x00, 0x01, 0xf6, 0x00,
    0x00, 0x00, 0x00, 0x00, 0x00,

    /* U+51CF "减" */
    0x00, 0x00, 0x00, 0x00, 0x00, 0x00, 0x00, 0x00,
    0x00, 0x00, 0x00, 0x00, 0x00, 0x00, 0x00, 0x00,
    0x00, 0x00, 0x00, 0x00, 0xf8, 0x4c, 0x20, 0x00,
    0x06, 0xc0, 0x00, 0x00, 0x00, 0x00, 0x00, 0x00,
    0xf9, 0x0b, 0xf4, 0x00, 0x02, 0xf8, 0x00, 0x00,
    0x00, 0x00, 0x00, 0x00, 0xe9, 0x00, 0x9f, 0x20,
    0x00, 0x7f, 0x30, 0x02, 0x22, 0x22, 0x22, 0x22,
    0xeb, 0x22, 0x27, 0x20, 0x00, 0x0d, 0xc0, 0x0c,
    0xff, 0xff, 0xff, 0xff, 0xff, 0xff, 0xff, 0xc0,
    0x00, 0x05, 0xf4, 0x0c, 0xb4, 0x44, 0x44, 0x44,
    0xcd, 0x44, 0x44, 0x30, 0x00, 0x00, 0x82, 0x0c,
    0xa0, 0x00, 0x00, 0x00, 0x9c, 0x00, 0x00, 0x00,
    0x00, 0x00, 0x00, 0x0c, 0xa5, 0xee, 0xee, 0xe7,
    0x8e, 0x00, 0x2b, 0x20, 0x00, 0x00, 0x00, 0x0c,
    0xa2, 0x55, 0x55, 0x52, 0x7f, 0x00, 0x7f, 0x00,
    0x00, 0x00, 0x00, 0x0c, 0xa0, 0x00, 0x00, 0x00,
    0x5f, 0x00, 0xba, 0x00, 0x00, 0x00, 0x00, 0x0c,
    0xa0, 0x66, 0x66, 0x61, 0x4f, 0x20, 0xf6, 0x00,
    0x00, 0x00, 0x00, 0x0d, 0x91, 0xff, 0xff, 0xf4,
    0x3f, 0x46, 0xf1, 0x00, 0x00, 0x00, 0xc6, 0x0d,
    0x91, 0xf3, 0x00, 0xe4, 0x1f, 0x6c, 0xb0, 0x00,
    0x00, 0x03, 0xf5, 0x0f, 0x71, 0xf3, 0x00, 0xe4,
    0x0e, 0xcf, 0x30, 0x00, 0x00, 0x09, 0xe0, 0x0f,
    0x61, 0xf3, 0x00, 0xe4, 0x0c, 0xfb, 0x00, 0x00,
    0x00, 0x0f, 0x80, 0x2f, 0x41, 0xf5, 0x22, 0xe4,
    0x09, 0xf3, 0x00, 0x00, 0x00, 0x6f, 0x20, 0x6f,
    0x11, 0xff, 0xff, 0xf4, 0x2e, 0xf2, 0x00, 0x60,
    0x00, 0xdc, 0x00, 0xad, 0x01, 0xf5, 0x22, 0x22,
    0xde, 0xf6, 0x00, 0xf3, 0x04, 0xf5, 0x00, 0xe9,
    0x00, 0x92, 0x00, 0x0b, 0xe2, 0xcc, 0x02, 0xf0,
    0x0c, 0xe0, 0x06, 0xf3, 0x00, 0x00, 0x02, 0xdf,
    0x30, 0x6f, 0x46, 0xd0, 0x05, 0x50, 0x0e, 0xb0,
    0x00, 0x00, 0x4f, 0xd3, 0x00, 0x0d, 0xff, 0x80,
    0x00, 0x00, 0x1b, 0x30, 0x00, 0x00, 0x19, 0x10,
    0x00, 0x02, 0xcd, 0x10, 0x00, 0x00, 0x00, 0x00,
    0x00, 0x00, 0x00, 0x00, 0x00, 0x00, 0x00, 0x00,

    /* U+51FA "出" */
    0x00, 0x00, 0x00, 0x00, 0x1f, 0xa0, 0x00, 0x00,
    0x00, 0x00, 0x01, 0x10, 0x00, 0x00, 0x1f, 0xa0,
    0x00, 0x00, 0x12, 0x00, 0x08, 0xf1, 0x00, 0x00,
    0x1f, 0xa0, 0x00, 0x00, 0xaf, 0x10, 0x08, 0xf1,
    0x00, 0x00, 0x1f, 0xa0, 0x00, 0x00, 0xaf, 0x10,
    0x08, 0xf1, 0x00, 0x00, 0x1f, 0xa0, 0x00, 0x00,
    0xaf, 0x10, 0x08, 0xf1, 0x00, 0x00, 0x1f, 0xa0,
    0x00, 0x00, 0xaf, 0x10, 0x08, 0xf1, 0x00, 0x00,
    0x1f, 0xa0, 0x00, 0x00, 0xaf, 0x10, 0x08, 0xf1,
    0x00, 0x00, 0x1f, 0xa0, 0x00, 0x00, 0xaf, 0x10,
    0x08, 0xf8, 0x77, 0x77, 0x8f, 0xd7, 0x77, 0x77,
    0xdf, 0x10, 0x08, 0xff, 0xff, 0xff, 0xff, 0xff,
    0xff, 0xff, 0xff, 0x10, 0x00, 0x00, 0x00, 0x00,
    0x2f, 0xb0, 0x00, 0x00, 0x00, 0x00, 0x00, 0x00,
    0x00, 0x00, 0x1f, 0xa0, 0x00, 0x00, 0x00, 0x00,
    0x9f, 0x10, 0x00, 0x00, 0x1f, 0xa0, 0x00, 0x00,
    0x0a, 0xf0, 0x9f, 0x10, 0x00, 0x00, 0x1f, 0xa0,
    0x00, 0x00, 0x0a, 0xf0, 0x9f, 0x10, 0x00, 0x00,
    0x1f, 0xa0, 0x00, 0x00, 0x0a, 0xf0, 0x9f, 0x10,
    0x00, 0x00, 0x1f, 0xa0, 0x00, 0x00, 0x0a, 0xf0,
    0x9f, 0x10, 0x00, 0x00, 0x1f, 0xa0, 0x00, 0x00,
    0x0a, 0xf0, 0x9f, 0x10, 0x00, 0x00, 0x1f, 0xa0,
    0x00, 0x00, 0x0a, 0xf0, 0x9f, 0x20, 0x00, 0x00,
    0x1f, 0xa0, 0x00, 0x00, 0x0b, 0xf0, 0x9f, 0xff,
    0xff, 0xff, 0xff, 0xff, 0xff, 0xff, 0xff, 0xf0,
    0x58, 0x88, 0x88, 0x88, 0x88, 0x88, 0x88, 0x88,
    0x8d, 0xf0, 0x00, 0x00, 0x00, 0x00, 0x00, 0x00,
    0x00, 0x00, 0x0a, 0xf0,

    /* U+521B "创" */
    0x00, 0x00, 0x00, 0x00, 0x00, 0x00, 0x00, 0x00,
    0x00, 0x00, 0x00, 0x00, 0x00, 0x00, 0x0b, 0xb0,
    0x00, 0x00, 0x00, 0x00, 0x00, 0x8b, 0x00, 0x00,
    0x00, 0x3f, 0xc0, 0x00, 0x00, 0x00, 0x00, 0x00,
    0xae, 0x00, 0x00, 0x00, 0xcf, 0xf9, 0x00, 0x00,
    0x02, 0x50, 0x00, 0xae, 0x00, 0x00, 0x06, 0xf5,
    0x6f, 0x80, 0x00, 0x07, 0xf1, 0x00, 0xae, 0x00,
    0x00, 0x2f, 0xa0, 0x08, 0xf7, 0x00, 0x07, 0xf1,
    0x00, 0xae, 0x00, 0x01, 0xee, 0x00, 0x00, 0xaf,
    0x50, 0x07, 0xf1, 0x00, 0xae, 0x00, 0x1d, 0xf3,
    0x00, 0x00, 0x0c, 0xf3, 0x07, 0xf1, 0x00, 0xae,
    0x02, 0xdf, 0x30, 0x00, 0x00, 0x01, 0xed, 0x07,
    0xf1, 0x00, 0xae, 0x1e, 0xe6, 0x55, 0x55, 0x55,
    0x55, 0x48, 0x07, 0xf1, 0x00, 0xae, 0x05, 0x28,
    0xff, 0xff, 0xff, 0xff, 0x00, 0x07, 0xf1, 0x00,
    0xae, 0x00, 0x08, 0xf1, 0x11, 0x11, 0x9f, 0x00,
    0x07, 0xf1, 0x00, 0xae, 0x00, 0x08, 0xf0, 0x00,
    0x00, 0xae, 0x00, 0x07, 0xf1, 0x00, 0xae, 0x00,
    0x08, 0xf0, 0x00, 0x00, 0xbc, 0x00, 0x07, 0xf1,
    0x00, 0xae, 0x00, 0x08, 0xf0, 0x00, 0x00, 0xdb,
    0x00, 0x07, 0xf1, 0x00, 0xae, 0x00, 0x08, 0xf0,
    0x01, 0x03, 0xf8, 0x00, 0x07, 0xf1, 0x00, 0xae,
    0x00, 0x08, 0xf0, 0x0d, 0xff, 0xf2, 0x00, 0x07,
    0xf1, 0x00, 0xae, 0x00, 0x08, 0xf0, 0x03, 0x54,
    0x10, 0x10, 0x00, 0x00, 0x00, 0xae, 0x00, 0x08,
    0xf0, 0x00, 0x00, 0x00, 0xc8, 0x00, 0x00, 0x00,
    0xae, 0x00, 0x08, 0xf0, 0x00, 0x00, 0x00, 0xd9,
    0x00, 0x00, 0x00, 0xae, 0x00, 0x08, 0xf0, 0x00,
    0x00, 0x00, 0xf7, 0x00, 0x00, 0x00, 0xae, 0x00,
    0x06, 0xf9, 0x66, 0x66, 0x6a, 0xf3, 0x00, 0x88,
    0x88, 0xec, 0x00, 0x00, 0xae, 0xff, 0xff, 0xfe,
    0x80, 0x00, 0xaf, 0xfe, 0xc3,

    /* U+5230 "到" */
    0x00, 0x00, 0x00, 0x00, 0x00, 0x00, 0x00, 0x00,
    0x00, 0x06, 0x91, 0x77, 0x77, 0x77, 0x77, 0x77,
    0x77, 0x10, 0x00, 0x00, 0xae, 0x2f, 0xff, 0xff,
    0xff, 0xff, 0xff, 0xf2, 0x6f, 0x00, 0x0a, 0xe0,
    0x00, 0x07, 0xf4, 0x00, 0x00, 0x00, 0x06, 0xf0,
    0x00, 0xae, 0x00, 0x01, 0xfb, 0x00, 0x6d, 0x00,
    0x00, 0x6f, 0x00, 0x0a, 0xe0, 0x00, 0x9f, 0x20,
    0x01, 0xeb, 0x00, 0x06, 0xf0, 0x00, 0xae, 0x00,
    0x3f, 0x70, 0x00, 0x04, 0xf7, 0x00, 0x6f, 0x00,
    0x0a, 0xe0, 0x2e, 0xe7, 0x89, 0xbc, 0xef, 0xf3,
    0x06, 0xf0, 0x00, 0xae, 0x06, 0xff, 0xfd, 0xca,
    0x87, 0x5d, 0xc0, 0x6f, 0x00, 0x0a, 0xe0, 0x04,
    0x10, 0x02, 0x20, 0x00, 0x47, 0x06, 0xf0, 0x00,
    0xae, 0x00, 0x00, 0x00, 0xcc, 0x00, 0x00, 0x00,
    0x6f, 0x00, 0x0a, 0xe0, 0x00, 0x00, 0x0c, 0xc0,
    0x00, 0x00, 0x06, 0xf0, 0x00, 0xae, 0x04, 0x88,
    0x88, 0xee, 0x88, 0x88, 0x50, 0x6f, 0x00, 0x0a,
    0xe0, 0x7e, 0xee, 0xef, 0xfe, 0xee, 0xe9, 0x06,
    0xf0, 0x00, 0xae, 0x00, 0x00, 0x00, 0xcc, 0x00,
    0x00, 0x00, 0x6f, 0x00, 0x0a, 0xe0, 0x00, 0x00,
    0x0c, 0xc0, 0x00, 0x00, 0x06, 0xf0, 0x00, 0xae,
    0x00, 0x00, 0x00, 0xcc, 0x00, 0x00, 0x00, 0x37,
    0x00, 0x0a, 0xe0, 0x00, 0x00, 0x0c, 0xc0, 0x47,
    0xbd, 0x00, 0x00, 0x00, 0xae, 0x00, 0x00, 0x36,
    0xef, 0xff, 0xff, 0xb0, 0x00, 0x00, 0x0a, 0xe2,
    0x9c, 0xff, 0xff, 0xda, 0x63, 0x00, 0x00, 0x00,
    0x00, 0xae, 0x2f, 0xfc, 0x85, 0x10, 0x00, 0x00,
    0x00, 0x02, 0x98, 0x9e, 0xc0, 0x30, 0x00, 0x00,
    0x00, 0x00, 0x00, 0x00, 0x0e, 0xff, 0xc4, 0x00,
    0x00, 0x00, 0x00, 0x00, 0x00, 0x00, 0x00, 0x00,
    0x00, 0x00,

    /* U+524D "前" */
    0x00, 0x00, 0x02, 0x00, 0x00, 0x00, 0x00, 0x00,
    0x22, 0x00, 0x00, 0x00, 0x00, 0x6f, 0x70, 0x00,
    0x00, 0x00, 0x00, 0xcf, 0x20, 0x00, 0x00, 0x00,
    0x0b, 0xf3, 0x00, 0x00, 0x00, 0x05, 0xf7, 0x00,
    0x00, 0x00, 0x00, 0x01, 0xfd, 0x00, 0x00, 0x00,
    0x1e, 0xd0, 0x00, 0x00, 0x37, 0x77, 0x77, 0xcd,
    0x87, 0x77, 0x77, 0xbf, 0xa7, 0x77, 0x76, 0x7f,
    0xff, 0xff, 0xff, 0xff, 0xff, 0xff, 0xff, 0xff,
    0xff, 0xfe, 0x00, 0x00, 0x00, 0x00, 0x00, 0x00,
    0x00, 0x00, 0x00, 0x00, 0x00, 0x00, 0x00, 0x00,
    0x00, 0x00, 0x00, 0x00, 0x00, 0x00, 0x00, 0x00,
    0x00, 0x55, 0x55, 0x55, 0x55, 0x40, 0x00, 0x10,
    0x00, 0x4f, 0x40, 0x00, 0xef, 0xff, 0xff, 0xff,
    0xb0, 0x02, 0xf4, 0x00, 0x4f, 0x40, 0x00, 0xe9,
    0x00, 0x00, 0x0d, 0xb0, 0x02, 0xf4, 0x00, 0x4f,
    0x40, 0x00, 0xe9, 0x00, 0x00, 0x0d, 0xb0, 0x02,
    0xf4, 0x00, 0x4f, 0x40, 0x00, 0xec, 0x66, 0x66,
    0x6e, 0xb0, 0x02, 0xf4, 0x00, 0x4f, 0x40, 0x00,
    0xef, 0xdd, 0xdd, 0xdf, 0xb0, 0x02, 0xf4, 0x00,
    0x4f, 0x40, 0x00, 0xe9, 0x00, 0x00, 0x0d, 0xb0,
    0x02, 0xf4, 0x00, 0x4f, 0x40, 0x00, 0xe9, 0x00,
    0x00, 0x0d, 0xb0, 0x02, 0xf4, 0x00, 0x4f, 0x40,
    0x00, 0xed, 0x88, 0x88, 0x8e, 0xb0, 0x02, 0xf4,
    0x00, 0x4f, 0x40, 0x00, 0xee, 0xbb, 0xbb, 0xbf,
    0xb0, 0x02, 0xf4, 0x00, 0x4f, 0x40, 0x00, 0xe9,
    0x00, 0x00, 0x0d, 0xb0, 0x02, 0xb3, 0x00, 0x4f,
    0x40, 0x00, 0xe9, 0x00, 0x00, 0x0d, 0xb0, 0x00,
    0x00, 0x00, 0x4f, 0x40, 0x00, 0xe9, 0x00, 0x00,
    0x0d, 0xb0, 0x00, 0x00, 0x00, 0x4f, 0x40, 0x00,
    0xe9, 0x00, 0x66, 0x6f, 0xa0, 0x00, 0x08, 0x88,
    0xbf, 0x20, 0x00, 0xe8, 0x00, 0xaf, 0xfc, 0x30,
    0x00, 0x0a, 0xff, 0xd8, 0x00, 0x00, 0x00, 0x00,
    0x00, 0x00, 0x00, 0x00, 0x00, 0x00, 0x00, 0x00,

    /* U+5269 "剩" */
    0x00, 0x00, 0x00, 0x00, 0x13, 0x69, 0xd7, 0x00,
    0x00, 0x00, 0xc8, 0x00, 0x69, 0xac, 0xdf, 0xff,
    0xfd, 0x95, 0x00, 0x00, 0x00, 0xea, 0x00, 0x8b,
    0xa9, 0x8b, 0xf3, 0x00, 0x00, 0x00, 0x23, 0x00,
    0xea, 0x00, 0x00, 0x00, 0x06, 0xf0, 0x00, 0x00,
    0x00, 0x8e, 0x00, 0xea, 0x05, 0x66, 0x66, 0x6a,
    0xf6, 0x66, 0x66, 0x62, 0x8e, 0x00, 0xea, 0x0d,
    0xff, 0xff, 0xff, 0xff, 0xff, 0xff, 0xf4, 0x8e,
    0x00, 0xea, 0x00, 0x00, 0x15, 0x06, 0xf0, 0x23,
    0x00, 0x00, 0x8e, 0x00, 0xea, 0x00, 0x00, 0x3f,
    0x06, 0xf0, 0x7b, 0x00, 0x00, 0x8e, 0x00, 0xea,
    0x01, 0x88, 0xaf, 0x06, 0xf0, 0x7b, 0x2c, 0x80,
    0x8e, 0x00, 0xea, 0x02, 0xaa, 0xbf, 0x06, 0xf0,
    0x7e, 0xf8, 0x10, 0x8e, 0x00, 0xea, 0x00, 0x00,
    0x3f, 0x06, 0xf0, 0x7d, 0x10, 0x00, 0x8e, 0x00,
    0xea, 0x00, 0x01, 0x7f, 0x06, 0xf0, 0x7b, 0x00,
    0x60, 0x8e, 0x00, 0xea, 0x05, 0xdf, 0xef, 0x06,
    0xf0, 0x7b, 0x00, 0xe2, 0x8e, 0x00, 0xea, 0x03,
    0x62, 0x3f, 0x0a, 0xf1, 0x5f, 0xee, 0xd0, 0x8e,
    0x00, 0xea, 0x00, 0x00, 0x15, 0x5f, 0xfd, 0x22,
    0x33, 0x10, 0x8e, 0x00, 0xea, 0x00, 0x00, 0x02,
    0xee, 0xfb, 0xf6, 0x00, 0x00, 0x8e, 0x00, 0xea,
    0x00, 0x00, 0x1d, 0xc7, 0xf0, 0x8f, 0xa0, 0x00,
    0x00, 0x00, 0xea, 0x00, 0x01, 0xde, 0x16, 0xf0,
    0x06, 0xfd, 0x20, 0x00, 0x00, 0xea, 0x00, 0x2e,
    0xf3, 0x06, 0xf0, 0x00, 0x4f, 0x80, 0x00, 0x00,
    0xea, 0x06, 0xff, 0x30, 0x06, 0xf0, 0x00, 0x02,
    0x00, 0x00, 0x00, 0xea, 0x0a, 0xe3, 0x00, 0x06,
    0xf0, 0x00, 0x00, 0x00, 0x28, 0x78, 0xf8, 0x00,
    0x10, 0x00, 0x06, 0xf0, 0x00, 0x00, 0x00, 0x0f,
    0xfe, 0xb2, 0x00, 0x00, 0x00, 0x00, 0x00, 0x00,
    0x00, 0x00, 0x00, 0x00, 0x00,

    /* U+529F "功" */
    0x00, 0x00, 0x00, 0x00, 0x00, 0x00, 0x00, 0x6b,
    0x00, 0x00, 0x00, 0x00, 0x00, 0x00, 0x00, 0x00,
    0x00, 0x00, 0x09, 0xf0, 0x00, 0x00, 0x00, 0x00,
    0x00, 0x00, 0x00, 0x00, 0x00, 0x00, 0x9f, 0x00,
    0x00, 0x00, 0x00, 0xbf, 0xff, 0xff, 0xff, 0xf0,
    0x00, 0x09, 0xf0, 0x00, 0x00, 0x00, 0x05, 0x77,
    0x8f, 0xb7, 0x77, 0x00, 0x00, 0xaf, 0x00, 0x00,
    0x00, 0x00, 0x00, 0x01, 0xf7, 0x00, 0x07, 0x88,
    0x8d, 0xf8, 0x88, 0x88, 0x85, 0x00, 0x00, 0x1f,
    0x70, 0x00, 0xcf, 0xff, 0xff, 0xff, 0xff, 0xff,
    0x80, 0x00, 0x01, 0xf7, 0x00, 0x00, 0x00, 0x0c,
    0xd0, 0x00, 0x01, 0xf8, 0x00, 0x00, 0x1f, 0x70,
    0x00, 0x00, 0x00, 0xeb, 0x00, 0x00, 0x2f, 0x70,
    0x00, 0x01, 0xf7, 0x00, 0x00, 0x00, 0x0f, 0x90,
    0x00, 0x02, 0xf6, 0x00, 0x00, 0x1f, 0x70, 0x00,
    0x00, 0x02, 0xf7, 0x00, 0x00, 0x3f, 0x50, 0x00,
    0x01, 0xf7, 0x00, 0x00, 0x00, 0x4f, 0x50, 0x00,
    0x04, 0xf4, 0x00, 0x00, 0x1f, 0x70, 0x00, 0x00,
    0x09, 0xf1, 0x00, 0x00, 0x5f, 0x40, 0x00, 0x01,
    0xf7, 0x00, 0x43, 0x00, 0xdd, 0x00, 0x00, 0x06,
    0xf2, 0x00, 0x00, 0x1f, 0xcc, 0xff, 0x90, 0x2f,
    0x80, 0x00, 0x00, 0x7f, 0x10, 0x27, 0xbf, 0xff,
    0xe9, 0x40, 0x08, 0xf3, 0x00, 0x00, 0x08, 0xf0,
    0x0e, 0xff, 0xc7, 0x20, 0x00, 0x01, 0xfd, 0x00,
    0x00, 0x00, 0xaf, 0x00, 0x65, 0x10, 0x00, 0x00,
    0x00, 0xaf, 0x40, 0x00, 0x00, 0x0c, 0xd0, 0x00,
    0x00, 0x00, 0x00, 0x00, 0x7f, 0xa0, 0x00, 0x00,
    0x00, 0xfb, 0x00, 0x00, 0x00, 0x00, 0x00, 0x8f,
    0xd0, 0x00, 0x00, 0x00, 0x4f, 0x80, 0x00, 0x00,
    0x00, 0x02, 0xbf, 0xc1, 0x00, 0x08, 0x98, 0x8e,
    0xf2, 0x00, 0x00, 0x00, 0x00, 0x3f, 0x90, 0x00,
    0x00, 0x9f, 0xff, 0xe6, 0x00, 0x00, 0x00, 0x00,
    0x00, 0x10, 0x00, 0x00, 0x00, 0x00, 0x00, 0x00,
    0x00,

    /* U+52BF "势" */
    0x00, 0x00, 0xbb, 0x00, 0x00, 0x00, 0x0e, 0x90,
    0x00, 0x00, 0x00, 0x00, 0x00, 0x0c, 0xb0, 0x00,
    0x00, 0x00, 0xe9, 0x00, 0x00, 0x00, 0x00, 0x37,
    0x77, 0xed, 0x77, 0x74, 0x77, 0x7f, 0xc7, 0x78,
    0x80, 0x00, 0x06, 0xff, 0xff, 0xff, 0xfd, 0x7d,
    0xde, 0xfe, 0xdd, 0xef, 0x10, 0x00, 0x00, 0x00,
    0xcb, 0x00, 0x00, 0x00, 0x3f, 0x40, 0x06, 0xf1,
    0x00, 0x00, 0x00, 0x0c, 0xb0, 0x25, 0x2a, 0x26,
    0xf1, 0x00, 0x6f, 0x00, 0x00, 0x02, 0x57, 0xef,
    0xff, 0xf4, 0xdf, 0xde, 0x00, 0x06, 0xf1, 0x00,
    0x0a, 0xff, 0xff, 0xe7, 0x41, 0x00, 0x9f, 0xe4,
    0x00, 0x5f, 0x10, 0x00, 0x35, 0x20, 0xcb, 0x00,
    0x00, 0x0b, 0xfd, 0xf9, 0x03, 0xf3, 0x27, 0x00,
    0x00, 0x0c, 0xb0, 0x00, 0x09, 0xf6, 0x08, 0xfa,
    0x1f, 0x65, 0xe0, 0x04, 0x77, 0xfb, 0x00, 0x3e,
    0xf7, 0x00, 0x05, 0x30, 0xaf, 0xeb, 0x00, 0x4d,
    0xdb, 0x30, 0x00, 0xc6, 0x00, 0x00, 0x00, 0x01,
    0x9a, 0x20, 0x00, 0x00, 0x00, 0x00, 0x0c, 0xd0,
    0x00, 0x00, 0x00, 0x00, 0x00, 0x00, 0x57, 0x77,
    0x77, 0x77, 0xfd, 0x77, 0x77, 0x77, 0x77, 0x40,
    0x00, 0x0b, 0xff, 0xff, 0xff, 0xff, 0xff, 0xff,
    0xff, 0xff, 0xf8, 0x00, 0x00, 0x00, 0x00, 0x00,
    0x0b, 0xf1, 0x00, 0x00, 0x00, 0x2f, 0x60, 0x00,
    0x00, 0x00, 0x00, 0x04, 0xf8, 0x00, 0x00, 0x00,
    0x04, 0xf4, 0x00, 0x00, 0x00, 0x00, 0x02, 0xee,
    0x10, 0x00, 0x00, 0x00, 0x7f, 0x20, 0x00, 0x00,
    0x00, 0x03, 0xef, 0x30, 0x00, 0x00, 0x00, 0x0a,
    0xf0, 0x00, 0x00, 0x00, 0x1a, 0xfe, 0x40, 0x00,
    0x00, 0x00, 0x00, 0xec, 0x00, 0x00, 0x26, 0xbf,
    0xf9, 0x10, 0x00, 0x00, 0x87, 0x66, 0xaf, 0x60,
    0x00, 0x08, 0xfe, 0x92, 0x00, 0x00, 0x00, 0x0c,
    0xff, 0xff, 0x90, 0x00, 0x00, 0x02, 0x00, 0x00,
    0x00, 0x00, 0x00, 0x00, 0x00, 0x00, 0x00, 0x00,
    0x00,

    /* U+5316 "化" */
    0x00, 0x00, 0x00, 0x44, 0x00, 0x01, 0x10, 0x00,
    0x00, 0x00, 0x00, 0x00, 0x00, 0x00, 0x0e, 0xd0,
    0x00, 0x9f, 0x10, 0x00, 0x00, 0x00, 0x00, 0x00,
    0x00, 0x05, 0xf6, 0x00, 0x09, 0xf1, 0x00, 0x00,
    0x00, 0x00, 0x00, 0x00, 0x00, 0xdd, 0x00, 0x00,
    0x9f, 0x10, 0x00, 0x00, 0x00, 0x00, 0x00, 0x00,
    0x7f, 0x50, 0x00, 0x09, 0xf1, 0x00, 0x00, 0x08,
    0x90, 0x00, 0x00, 0x1f, 0xd0, 0x00, 0x00, 0x9f,
    0x10, 0x00, 0x05, 0xfe, 0x10, 0x00, 0x0c, 0xfb,
    0x00, 0x00, 0x09, 0xf1, 0x00, 0x03, 0xff, 0x30,
    0x00, 0x08, 0xff, 0xb0, 0x00, 0x00, 0x9f, 0x10,
    0x01, 0xef, 0x60, 0x00, 0x05, 0xfc, 0xfb, 0x00,
    0x00, 0x09, 0xf1, 0x02, 0xdf, 0x70, 0x00, 0x05,
    0xfe, 0x1e, 0xb0, 0x00, 0x00, 0x9f, 0x13, 0xef,
    0x70, 0x00, 0x00, 0xaf, 0x20, 0xeb, 0x00, 0x00,
    0x09, 0xf6, 0xff, 0x40, 0x00, 0x00, 0x01, 0x40,
    0x0e, 0xb0, 0x00, 0x00, 0x9f, 0xfe, 0x20, 0x00,
    0x00, 0x00, 0x00, 0x00, 0xeb, 0x00, 0x00, 0x2d,
    0xfc, 0x10, 0x00, 0x00, 0x00, 0x00, 0x00, 0x0e,
    0xb0, 0x00, 0x8f, 0xff, 0x10, 0x00, 0x00, 0x00,
    0x00, 0x00, 0x00, 0xeb, 0x05, 0xef, 0xdc, 0xf1,
    0x00, 0x00, 0x00, 0x00, 0x00, 0x00, 0x0e, 0xb0,
    0xce, 0x60, 0x9f, 0x10, 0x00, 0x00, 0x06, 0x40,
    0x00, 0x00, 0xeb, 0x00, 0x10, 0x09, 0xf1, 0x00,
    0x00, 0x00, 0xaf, 0x00, 0x00, 0x0e, 0xb0, 0x00,
    0x00, 0x9f, 0x10, 0x00, 0x00, 0x0b, 0xe0, 0x00,
    0x00, 0xeb, 0x00, 0x00, 0x09, 0xf1, 0x00, 0x00,
    0x00, 0xdc, 0x00, 0x00, 0x0e, 0xb0, 0x00, 0x00,
    0x8f, 0x20, 0x00, 0x00, 0x1f, 0x90, 0x00, 0x00,
    0xeb, 0x00, 0x00, 0x06, 0xfd, 0x99, 0x99, 0x9d,
    0xf4, 0x00, 0x00, 0x0e, 0xb0, 0x00, 0x00, 0x09,
    0xef, 0xff, 0xff, 0xd7, 0x00,

    /* U+5355 "单" */
    0x00, 0x00, 0x00, 0x00, 0x00, 0x00, 0x00, 0x00,
    0x00, 0x00, 0x00, 0x00, 0x00, 0x0a, 0xa0, 0x00,
    0x00, 0x00, 0x00, 0xd8, 0x00, 0x00, 0x00, 0x00,
    0x06, 0xf8, 0x00, 0x00, 0x00, 0x08, 0xf6, 0x00,
    0x00, 0x00, 0x00, 0x00, 0xaf, 0x30, 0x00, 0x00,
    0x2f, 0xb0, 0x00, 0x00, 0x00, 0x00, 0x00, 0x1e,
    0x90, 0x00, 0x00, 0xce, 0x10, 0x00, 0x00, 0x00,
    0x3f, 0xff, 0xff, 0xff, 0xff, 0xff, 0xff, 0xff,
    0xfb, 0x00, 0x00, 0x3f, 0xa6, 0x66, 0x66, 0xdf,
    0x66, 0x66, 0x66, 0xec, 0x00, 0x00, 0x3f, 0x50,
    0x00, 0x00, 0xbe, 0x00, 0x00, 0x00, 0xdc, 0x00,
    0x00, 0x3f, 0x50, 0x00, 0x00, 0xbe, 0x00, 0x00,
    0x00, 0xdc, 0x00, 0x00, 0x3f, 0xff, 0xff, 0xff,
    0xff, 0xff, 0xff, 0xff, 0xfc, 0x00, 0x00, 0x3f,
    0x95, 0x55, 0x55, 0xdf, 0x55, 0x55, 0x55, 0xec,
    0x00, 0x00, 0x3f, 0x50, 0x00, 0x00, 0xbe, 0x00,
    0x00, 0x00, 0xdc, 0x00, 0x00, 0x3f, 0x50, 0x00,
    0x00, 0xbe, 0x00, 0x00, 0x00, 0xdc, 0x00, 0x00,
    0x3f, 0xff, 0xff, 0xff, 0xff, 0xff, 0xff, 0xff,
    0xfc, 0x00, 0x00, 0x16, 0x66, 0x66, 0x66, 0xdf,
    0x66, 0x66, 0x66, 0x65, 0x00, 0x00, 0x00, 0x00,
    0x00, 0x00, 0xbe, 0x00, 0x00, 0x00, 0x00, 0x00,
    0x00, 0x00, 0x00, 0x00, 0x00, 0xbf, 0x00, 0x00,
    0x00, 0x00, 0x00, 0x8f, 0xff, 0xff, 0xff, 0xff,
    0xff, 0xff, 0xff, 0xff, 0xff, 0xfe, 0x47, 0x77,
    0x77, 0x77, 0x77, 0xdf, 0x77, 0x77, 0x77, 0x77,
    0x77, 0x00, 0x00, 0x00, 0x00, 0x00, 0xbe, 0x00,
    0x00, 0x00, 0x00, 0x00, 0x00, 0x00, 0x00, 0x00,
    0x00, 0xbe, 0x00, 0x00, 0x00, 0x00, 0x00, 0x00,
    0x00, 0x00, 0x00, 0x00, 0xbe, 0x00, 0x00, 0x00,
    0x00, 0x00, 0x00, 0x00, 0x00, 0x00, 0x00, 0xbe,
    0x00, 0x00, 0x00, 0x00, 0x00,

    /* U+539F "原" */
    0x00, 0x07, 0x88, 0x88, 0x88, 0x88, 0x88, 0x88,
    0x88, 0x88, 0x88, 0x40, 0x00, 0xcf, 0xff, 0xff,
    0xff, 0xff, 0xff, 0xff, 0xff, 0xff, 0xf8, 0x00,
    0x0c, 0xc0, 0x00, 0x00, 0x00, 0x49, 0x30, 0x00,
    0x00, 0x00, 0x00, 0x00, 0xcc, 0x00, 0x00, 0x00,
    0x0b, 0xf2, 0x00, 0x00, 0x00, 0x00, 0x00, 0x0c,
    0xc0, 0x06, 0x66, 0x66, 0xfd, 0x66, 0x66, 0x66,
    0x30, 0x00, 0x00, 0xcc, 0x00, 0xff, 0xee, 0xee,
    0xee, 0xee, 0xee, 0xf9, 0x00, 0x00, 0x0c, 0xc0,
    0x0f, 0x90, 0x00, 0x00, 0x00, 0x00, 0x0f, 0x90,
    0x00, 0x00, 0xdc, 0x00, 0xf9, 0x00, 0x00, 0x00,
    0x00, 0x00, 0xf9, 0x00, 0x00, 0x0d, 0xb0, 0x0f,
    0xff, 0xff, 0xff, 0xff, 0xff, 0xff, 0x90, 0x00,
    0x00, 0xdb, 0x00, 0xfb, 0x44, 0x44, 0x44, 0x44,
    0x44, 0xf9, 0x00, 0x00, 0x0e, 0xa0, 0x0f, 0x90,
    0x00, 0x00, 0x00, 0x00, 0x0f, 0x90, 0x00, 0x00,
    0xf9, 0x00, 0xfb, 0x44, 0x44, 0x44, 0x44, 0x45,
    0xf9, 0x00, 0x00, 0x1f, 0x70, 0x0f, 0xff, 0xff,
    0xff, 0xff, 0xff, 0xff, 0x90, 0x00, 0x03, 0xf6,
    0x00, 0x00, 0x00, 0x00, 0xf8, 0x00, 0x00, 0x00,
    0x00, 0x00, 0x6f, 0x30, 0x00, 0x48, 0x10, 0x0f,
    0x80, 0x06, 0x30, 0x00, 0x00, 0x09, 0xf0, 0x00,
    0x1e, 0xd0, 0x00, 0xf8, 0x00, 0xce, 0x20, 0x00,
    0x00, 0xdc, 0x00, 0x0c, 0xf2, 0x00, 0x0f, 0x80,
    0x01, 0xde, 0x20, 0x00, 0x3f, 0x70, 0x0a, 0xf5,
    0x00, 0x00, 0xf8, 0x00, 0x02, 0xed, 0x10, 0x0a,
    0xf1, 0x0a, 0xf7, 0x00, 0x00, 0x0f, 0x80, 0x00,
    0x03, 0xfc, 0x00, 0xfa, 0x00, 0x88, 0x00, 0x36,
    0x67, 0xf7, 0x00, 0x00, 0x06, 0xd2, 0x01, 0x20,
    0x00, 0x00, 0x03, 0xff, 0xec, 0x20, 0x00, 0x00,
    0x00, 0x00,

    /* U+53C2 "参" */
    0x00, 0x00, 0x00, 0x00, 0x00, 0x00, 0x00, 0x00,
    0x00, 0x00, 0x00, 0x00, 0x00, 0x00, 0x00, 0x04,
    0xf9, 0x00, 0x03, 0x00, 0x00, 0x00, 0x00, 0x00,
    0x00, 0x00, 0x07, 0xfc, 0x10, 0x07, 0xf9, 0x00,
    0x00, 0x00, 0x00, 0x00, 0x00, 0x1b, 0xf9, 0x00,
    0x00, 0x06, 0xfd, 0x30, 0x00, 0x00, 0x00, 0x00,
    0x6e, 0xe5, 0x12, 0x23, 0x44, 0x58, 0xff, 0x70,
    0x00, 0x00, 0x00, 0xcf, 0xff, 0xff, 0xff, 0xff,
    0xff, 0xfe, 0xef, 0x90, 0x00, 0x00, 0x06, 0x87,
    0x65, 0x6f, 0xb2, 0x10, 0x00, 0x00, 0xaf, 0x40,
    0x00, 0x00, 0x00, 0x00, 0x09, 0xf3, 0x00, 0x00,
    0x00, 0x00, 0x30, 0x00, 0x35, 0x55, 0x55, 0x56,
    0xfe, 0x55, 0x55, 0x55, 0x55, 0x55, 0x55, 0x08,
    0xff, 0xff, 0xff, 0xff, 0xff, 0xff, 0xff, 0xff,
    0xff, 0xff, 0xe0, 0x01, 0x11, 0x12, 0xbf, 0x61,
    0x11, 0x12, 0xde, 0x31, 0x11, 0x11, 0x00, 0x00,
    0x00, 0xaf, 0x70, 0x00, 0x27, 0x12, 0xed, 0x20,
    0x00, 0x00, 0x00, 0x00, 0xbf, 0x70, 0x02, 0x9f,
    0xc3, 0x02, 0xef, 0x50, 0x00, 0x00, 0x05, 0xef,
    0x81, 0x6b, 0xfd, 0x60, 0x00, 0x01, 0xcf, 0xa1,
    0x00, 0x3c, 0xfd, 0x35, 0xff, 0xa4, 0x00, 0x03,
    0xb5, 0x00, 0x8f, 0xf9, 0x15, 0xf8, 0x00, 0x04,
    0x00, 0x00, 0x3a, 0xfb, 0x10, 0x00, 0x2b, 0xa0,
    0x00, 0x00, 0x00, 0x00, 0x37, 0xcf, 0xc4, 0x00,
    0x01, 0x00, 0x00, 0x00, 0x00, 0x00, 0x6a, 0xff,
    0xe9, 0x30, 0x00, 0x07, 0xf9, 0x00, 0x00, 0x00,
    0x00, 0x07, 0xc7, 0x20, 0x00, 0x00, 0x3c, 0xf9,
    0x00, 0x00, 0x00, 0x00, 0x00, 0x00, 0x00, 0x00,
    0x06, 0xdf, 0xd5, 0x00, 0x00, 0x00, 0x00, 0x00,
    0x00, 0x00, 0x48, 0xcf, 0xfc, 0x40, 0x00, 0x00,
    0x00, 0x00, 0x00, 0x39, 0xce, 0xff, 0xfb, 0x62,
    0x00, 0x00, 0x00, 0x00, 0x00, 0x00, 0x00, 0xdb,
    0x96, 0x30, 0x00, 0x00, 0x00, 0x00, 0x00, 0x00,
    0x00,

    /* U+53D6 "取" */
    0x00, 0x00, 0x00, 0x00, 0x00, 0x00, 0x00, 0x00,
    0x00, 0x00, 0x00, 0x00, 0x0d, 0xff, 0xff, 0xff,
    0xff, 0xff, 0x00, 0x00, 0x00, 0x00, 0x00, 0x00,
    0x05, 0x7f, 0x96, 0x66, 0x9f, 0x86, 0x77, 0x77,
    0x77, 0x77, 0x77, 0x10, 0x00, 0x2f, 0x50, 0x00,
    0x5f, 0x30, 0xdf, 0xff, 0xff, 0xff, 0xff, 0x10,
    0x00, 0x2f, 0x50, 0x00, 0x5f, 0x30, 0x08, 0xe0,
    0x00, 0x00, 0x9e, 0x00, 0x00, 0x2f, 0x50, 0x00,
    0x5f, 0x30, 0x04, 0xf1, 0x00, 0x00, 0xdc, 0x00,
    0x00, 0x2f, 0xff, 0xff, 0xff, 0x30, 0x01, 0xf5,
    0x00, 0x01, 0xf9, 0x00, 0x00, 0x2f, 0xa7, 0x77,
    0xaf, 0x30, 0x00, 0xe8, 0x00, 0x04, 0xf5, 0x00,
    0x00, 0x2f, 0x50, 0x00, 0x5f, 0x30, 0x00, 0xbb,
    0x00, 0x08, 0xf1, 0x00, 0x00, 0x2f, 0x50, 0x00,
    0x5f, 0x30, 0x00, 0x7f, 0x00, 0x0c, 0xc0, 0x00,
    0x00, 0x2f, 0x50, 0x00, 0x5f, 0x30, 0x00, 0x3f,
    0x50, 0x3f, 0x70, 0x00, 0x00, 0x2f, 0xff, 0xff,
    0xff, 0x30, 0x00, 0x0d, 0xa0, 0x9f, 0x10, 0x00,
    0x00, 0x2f, 0xa7, 0x77, 0xaf, 0x30, 0x00, 0x07,
    0xf2, 0xfb, 0x00, 0x00, 0x00, 0x2f, 0x50, 0x00,
    0x5f, 0x30, 0x00, 0x01, 0xfc, 0xf4, 0x00, 0x00,
    0x00, 0x2f, 0x50, 0x00, 0x5f, 0x30, 0x00, 0x00,
    0xbf, 0xc0, 0x00, 0x00, 0x00, 0x2f, 0x50, 0x00,
    0x6f, 0xaa, 0x40, 0x00, 0x9f, 0x80, 0x00, 0x00,
    0x00, 0x5f, 0xba, 0xdf, 0xff, 0xfc, 0x30, 0x04,
    0xff, 0xf2, 0x00, 0x00, 0x0e, 0xff, 0xfe, 0xb8,
    0x9f, 0x30, 0x00, 0x1e, 0xe4, 0xfc, 0x00, 0x00,
    0x06, 0x63, 0x00, 0x00, 0x5f, 0x30, 0x00, 0xcf,
    0x30, 0x6f, 0xa0, 0x00, 0x00, 0x00, 0x00, 0x00,
    0x5f, 0x30, 0x2d, 0xf6, 0x00, 0x0a, 0xfc, 0x10,
    0x00, 0x00, 0x00, 0x00, 0x5f, 0x32, 0xef, 0x50,
    0x00, 0x00, 0x9f, 0xd0, 0x00, 0x00, 0x00, 0x00,
    0x5f, 0x30, 0xc4, 0x00, 0x00, 0x00, 0x06, 0x50,
    0x00, 0x00, 0x00, 0x00, 0x00, 0x00, 0x00, 0x00,
    0x00, 0x00, 0x00, 0x00,

    /* U+53F3 "右" */
    0x00, 0x00, 0x00, 0x00, 0x00, 0x00, 0x00, 0x00,
    0x00, 0x00, 0x00, 0x00, 0x00, 0x00, 0x00, 0x0f,
    0xb0, 0x00, 0x00, 0x00, 0x00, 0x00, 0x00, 0x00,
    0x00, 0x00, 0x3f, 0x80, 0x00, 0x00, 0x00, 0x00,
    0x00, 0x00, 0x00, 0x00, 0x00, 0x8f, 0x30, 0x00,
    0x00, 0x00, 0x00, 0x00, 0x00, 0x00, 0x00, 0x00,
    0xcf, 0x00, 0x00, 0x00, 0x00, 0x00, 0x00, 0x19,
    0x99, 0x99, 0x99, 0xfe, 0x99, 0x99, 0x99, 0x99,
    0x99, 0x96, 0x3f, 0xff, 0xff, 0xff, 0xff, 0xff,
    0xff, 0xff, 0xff, 0xff, 0xfb, 0x00, 0x00, 0x00,
    0x0d, 0xe0, 0x00, 0x00, 0x00, 0x00, 0x00, 0x00,
    0x00, 0x00, 0x00, 0x4f, 0x60, 0x00, 0x00, 0x00,
    0x00, 0x00, 0x00, 0x00, 0x00, 0x00, 0xce, 0x00,
    0x00, 0x00, 0x00, 0x00, 0x00, 0x00, 0x00, 0x00,
    0x05, 0xf7, 0x00, 0x00, 0x00, 0x00, 0x00, 0x00,
    0x00, 0x00, 0x00, 0x0e, 0xf1, 0x00, 0x00, 0x00,
    0x00, 0x00, 0x00, 0x00, 0x00, 0x00, 0x9f, 0xff,
    0xff, 0xff, 0xff, 0xff, 0xff, 0xff, 0x00, 0x00,
    0x06, 0xff, 0xfa, 0x88, 0x88, 0x88, 0x88, 0x88,
    0xdf, 0x00, 0x00, 0x4f, 0xe6, 0xf4, 0x00, 0x00,
    0x00, 0x00, 0x00, 0xbf, 0x00, 0x05, 0xfe, 0x24,
    0xf4, 0x00, 0x00, 0x00, 0x00, 0x00, 0xbf, 0x00,
    0x8f, 0xe3, 0x04, 0xf4, 0x00, 0x00, 0x00, 0x00,
    0x00, 0xbf, 0x00, 0x7c, 0x10, 0x04, 0xf4, 0x00,
    0x00, 0x00, 0x00, 0x00, 0xbf, 0x00, 0x00, 0x00,
    0x04, 0xf4, 0x00, 0x00, 0x00, 0x00, 0x00, 0xbf,
    0x00, 0x00, 0x00, 0x04, 0xf5, 0x00, 0x00, 0x00,
    0x00, 0x00, 0xbf, 0x00, 0x00, 0x00, 0x04, 0xff,
    0xff, 0xff, 0xff, 0xff, 0xff, 0xff, 0x00, 0x00,
    0x00, 0x04, 0xfa, 0x88, 0x88, 0x88, 0x88, 0x88,
    0xdf, 0x00, 0x00, 0x00, 0x04, 0xf4, 0x00, 0x00,
    0x00, 0x00, 0x00, 0x9d, 0x00,

    /* U+53F7 "号" */
    0x00, 0x01, 0x11, 0x11, 0x11, 0x11, 0x11, 0x11,
    0x11, 0x00, 0x00, 0x00, 0x0b, 0xff, 0xff, 0xff,
    0xff, 0xff, 0xff, 0xff, 0x40, 0x00, 0x00, 0x0b,
    0xe5, 0x55, 0x55, 0x55, 0x55, 0x55, 0x9f, 0x40,
    0x00, 0x00, 0x0b, 0xd0, 0x00, 0x00, 0x00, 0x00,
    0x00, 0x5f, 0x40, 0x00, 0x00, 0x0b, 0xd0, 0x00,
    0x00, 0x00, 0x00, 0x00, 0x5f, 0x40, 0x00, 0x00,
    0x0b, 0xe3, 0x33, 0x33, 0x33, 0x33, 0x33, 0x8f,
    0x40, 0x00, 0x00, 0x0b, 0xff, 0xff, 0xff, 0xff,
    0xff, 0xff, 0xff, 0x40, 0x00, 0x00, 0x02, 0x33,
    0x33, 0x33, 0x33, 0x33, 0x33, 0x33, 0x00, 0x00,
    0x00, 0x00, 0x00, 0x00, 0x00, 0x00, 0x00, 0x00,
    0x00, 0x00, 0x00, 0x58, 0x88, 0x88, 0x88, 0x88,
    0x88, 0x88, 0x88, 0x88, 0x88, 0x81, 0xaf, 0xff,
    0xff, 0xff, 0xff, 0xff, 0xff, 0xff, 0xff, 0xff,
    0xf2, 0x00, 0x00, 0x0d, 0xe0, 0x00, 0x00, 0x00,
    0x00, 0x00, 0x00, 0x00, 0x00, 0x00, 0x2f, 0x90,
    0x00, 0x00, 0x00, 0x00, 0x00, 0x00, 0x00, 0x00,
    0x00, 0x8f, 0x72, 0x22, 0x22, 0x22, 0x22, 0x22,
    0x00, 0x00, 0x00, 0x00, 0xef, 0xff, 0xff, 0xff,
    0xff, 0xff, 0xff, 0x30, 0x00, 0x00, 0x00, 0x44,
    0x44, 0x44, 0x44, 0x44, 0x44, 0xcf, 0x00, 0x00,
    0x00, 0x00, 0x00, 0x00, 0x00, 0x00, 0x00, 0x00,
    0xce, 0x00, 0x00, 0x00, 0x00, 0x00, 0x00, 0x00,
    0x00, 0x00, 0x00, 0xfb, 0x00, 0x00, 0x00, 0x00,
    0x00, 0x00, 0x00, 0x00, 0x00, 0x04, 0xf7, 0x00,
    0x00, 0x00, 0x00, 0x00, 0x00, 0x00, 0x00, 0x00,
    0x0a, 0xf2, 0x00, 0x00, 0x00, 0x00, 0x00, 0x00,
    0x03, 0x98, 0x77, 0x9f, 0xb0, 0x00, 0x00, 0x00,
    0x00, 0x00, 0x00, 0x01, 0xef, 0xff, 0xfb, 0x10,
    0x00, 0x00, 0x00, 0x00, 0x00, 0x00, 0x00, 0x00,
    0x00, 0x00, 0x00, 0x00, 0x00,

    /* U+540D "名" */
    0x00, 0x00, 0x00, 0x00, 0x00, 0x00, 0x00, 0x00,
    0x00, 0x00, 0x00, 0x00, 0x00, 0x00, 0x7e, 0x60,
    0x00, 0x00, 0x00, 0x00, 0x00, 0x00, 0x00, 0x03,
    0xfd, 0x00, 0x00, 0x00, 0x00, 0x00, 0x00, 0x00,
    0x00, 0x3f, 0xfa, 0x88, 0x88, 0x88, 0x88, 0x70,
    0x00, 0x00, 0x04, 0xff, 0xff, 0xff, 0xff, 0xff,
    0xff, 0xf2, 0x00, 0x00, 0x7f, 0xd2, 0x00, 0x00,
    0x00, 0x00, 0x6f, 0x60, 0x00, 0x2b, 0xfb, 0x10,
    0x00, 0x00, 0x00, 0x04, 0xfb, 0x00, 0x09, 0xff,
    0x70, 0x61, 0x00, 0x00, 0x00, 0x4f, 0xc1, 0x00,
    0x0a, 0xa1, 0x03, 0xfe, 0x50, 0x00, 0x07, 0xfc,
    0x10, 0x00, 0x00, 0x00, 0x00, 0x2c, 0xf8, 0x01,
    0xcf, 0xb1, 0x00, 0x00, 0x00, 0x00, 0x00, 0x00,
    0xaf, 0xce, 0xf7, 0x00, 0x00, 0x00, 0x00, 0x00,
    0x00, 0x00, 0x5f, 0xfc, 0x30, 0x00, 0x00, 0x00,
    0x00, 0x00, 0x01, 0x7e, 0xfe, 0x61, 0x00, 0x00,
    0x00, 0x00, 0x00, 0x16, 0xaf, 0xff, 0xff, 0xff,
    0xff, 0xff, 0xff, 0xf8, 0x6d, 0xff, 0xff, 0xd6,
    0x66, 0x66, 0x66, 0x66, 0x67, 0xf8, 0x3d, 0x84,
    0x0e, 0xa0, 0x00, 0x00, 0x00, 0x00, 0x01, 0xf8,
    0x00, 0x00, 0x0e, 0xa0, 0x00, 0x00, 0x00, 0x00,
    0x01, 0xf8, 0x00, 0x00, 0x0e, 0xa0, 0x00, 0x00,
    0x00, 0x00, 0x01, 0xf8, 0x00, 0x00, 0x0e, 0xa0,
    0x00, 0x00, 0x00, 0x00, 0x01, 0xf8, 0x00, 0x00,
    0x0e, 0xa0, 0x00, 0x00, 0x00, 0x00, 0x01, 0xf8,
    0x00, 0x00, 0x0e, 0xff, 0xff, 0xff, 0xff, 0xff,
    0xff, 0xf8, 0x00, 0x00, 0x0e, 0xd8, 0x88, 0x88,
    0x88, 0x88, 0x89, 0xf8, 0x00, 0x00, 0x0e, 0xa0,
    0x00, 0x00, 0x00, 0x00, 0x01, 0xf8,

    /* U+5468 "周" */
    0x00, 0x05, 0xff, 0xff, 0xff, 0xff, 0xff, 0xff,
    0xff, 0xff, 0xf0, 0x00, 0x05, 0xfa, 0x88, 0x88,
    0x88, 0x88, 0x88, 0x88, 0x8c, 0xf0, 0x00, 0x05,
    0xf3, 0x00, 0x00, 0x0b, 0xc0, 0x00, 0x00, 0x09,
    0xf0, 0x00, 0x05, 0xf3, 0x00, 0x00, 0x0c, 0xc0,
    0x00, 0x00, 0x09, 0xf0, 0x00, 0x05, 0xf3, 0x2f,
    0xff, 0xff, 0xff, 0xff, 0xf6, 0x09, 0xf0, 0x00,
    0x05, 0xf3, 0x15, 0x55, 0x5d, 0xd5, 0x55, 0x52,
    0x09, 0xf0, 0x00, 0x05, 0xf3, 0x00, 0x00, 0x0c,
    0xc0, 0x00, 0x00, 0x09, 0xf0, 0x00, 0x05, 0xf3,
    0x00, 0x00, 0x0c, 0xc0, 0x00, 0x00, 0x09, 0xf0,
    0x00, 0x06, 0xf3, 0xcf, 0xff, 0xff, 0xff, 0xff,
    0xff, 0x19, 0xf0, 0x00, 0x06, 0xf2, 0x45, 0x55,
    0x55, 0x55, 0x55, 0x55, 0x09, 0xf0, 0x00, 0x06,
    0xf2, 0x00, 0x00, 0x00, 0x00, 0x00, 0x00, 0x09,
    0xf0, 0x00, 0x08, 0xf1, 0x03, 0x55, 0x55, 0x55,
    0x55, 0x40, 0x09, 0xf0, 0x00, 0x0a, 0xf0, 0x08,
    0xff, 0xff, 0xff, 0xff, 0xc0, 0x09, 0xf0, 0x00,
    0x0b, 0xd0, 0x08, 0xe0, 0x00, 0x00, 0x0b, 0xc0,
    0x09, 0xf0, 0x00, 0x0e, 0xa0, 0x08, 0xe0, 0x00,
    0x00, 0x0b, 0xc0, 0x09, 0xf0, 0x00, 0x3f, 0x60,
    0x08, 0xe0, 0x00, 0x00, 0x0b, 0xc0, 0x09, 0xf0,
    0x00, 0x7f, 0x20, 0x08, 0xf5, 0x55, 0x55, 0x5d,
    0xc0, 0x09, 0xf0, 0x00, 0xce, 0x00, 0x08, 0xff,
    0xff, 0xff, 0xff, 0xb0, 0x09, 0xf0, 0x04, 0xf8,
    0x00, 0x08, 0xe0, 0x00, 0x00, 0x00, 0x00, 0x09,
    0xf0, 0x0d, 0xe0, 0x00, 0x02, 0x30, 0x00, 0x00,
    0x05, 0x77, 0x7d, 0xe0, 0x0a, 0x70, 0x00, 0x00,
    0x00, 0x00, 0x00, 0x06, 0xff, 0xfc, 0x50, 0x00,
    0x00, 0x00, 0x00, 0x00, 0x00, 0x00, 0x00, 0x00,
    0x00, 0x00,

    /* U+5668 "器" */
    0x00, 0x00, 0x00, 0x00, 0x00, 0x00, 0x00, 0x00,
    0x00, 0x00, 0x00, 0x00, 0x00, 0x0b, 0xff, 0xff,
    0xff, 0x90, 0x07, 0xff, 0xff, 0xff, 0xf1, 0x00,
    0x00, 0x0b, 0xd6, 0x66, 0x6f, 0x90, 0x07, 0xf6,
    0x66, 0x6a, 0xf1, 0x00, 0x00, 0x0b, 0xb0, 0x00,
    0x0e, 0x90, 0x07, 0xf0, 0x00, 0x06, 0xf1, 0x00,
    0x00, 0x0b, 0xb0, 0x00, 0x0e, 0x90, 0x07, 0xf0,
    0x00, 0x06, 0xf1, 0x00, 0x00, 0x0b, 0xc0, 0x00,
    0x0e, 0x90, 0x07, 0xf0, 0x00, 0x07, 0xf1, 0x00,
    0x00, 0x0b, 0xff, 0xff, 0xff, 0x90, 0x07, 0xff,
    0xff, 0xff, 0xf1, 0x00, 0x00, 0x04, 0x66, 0x66,
    0x66, 0x99, 0x13, 0x6a, 0x96, 0x66, 0x60, 0x00,
    0x00, 0x00, 0x00, 0x00, 0x01, 0xec, 0x00, 0x09,
    0xfc, 0x30, 0x00, 0x00, 0x00, 0x00, 0x00, 0x00,
    0x0b, 0xf3, 0x00, 0x00, 0x2a, 0xf1, 0x00, 0x00,
    0x08, 0xff, 0xff, 0xff, 0xff, 0xff, 0xff, 0xff,
    0xff, 0xff, 0xff, 0xe0, 0x03, 0x66, 0x66, 0x6e,
    0xf9, 0x66, 0x66, 0xbf, 0xb6, 0x66, 0x66, 0x50,
    0x00, 0x00, 0x02, 0xcf, 0x70, 0x00, 0x00, 0x09,
    0xf9, 0x00, 0x00, 0x00, 0x00, 0x00, 0x6f, 0xf5,
    0x00, 0x00, 0x00, 0x00, 0x6f, 0xe7, 0x10, 0x00,
    0x00, 0x6e, 0xff, 0x97, 0x77, 0x40, 0x03, 0x77,
    0x79, 0xff, 0xfa, 0x50, 0x0c, 0xff, 0xff, 0xff,
    0xff, 0x90, 0x07, 0xff, 0xff, 0xff, 0xff, 0xe1,
    0x02, 0x3b, 0xc0, 0x00, 0x0f, 0x90, 0x07, 0xf0,
    0x00, 0x06, 0xf2, 0x20, 0x00, 0x0b, 0xc0, 0x00,
    0x0f, 0x90, 0x07, 0xf0, 0x00, 0x06, 0xf1, 0x00,
    0x00, 0x0b, 0xc0, 0x00, 0x0f, 0x90, 0x07, 0xf0,
    0x00, 0x06, 0xf1, 0x00, 0x00, 0x0b, 0xd4, 0x44,
    0x4f, 0x90, 0x07, 0xf4, 0x44, 0x49, 0xf1, 0x00,
    0x00, 0x0b, 0xff, 0xff, 0xff, 0x90, 0x07, 0xff,
    0xff, 0xff, 0xf1, 0x00, 0x00, 0x0b, 0xc2, 0x22,
    0x2d, 0x80, 0x07, 0xf2, 0x22, 0x27, 0xd1, 0x00,

    /* U+56CA "囊" */
    0x00, 0x00, 0x00, 0x00, 0x00, 0xbb, 0x00, 0x00,
    0x00, 0x00, 0x00, 0x00, 0x8b, 0xbb, 0xbb, 0xbb,
    0xbf, 0xeb, 0xbb, 0xbb, 0xbb, 0xbb, 0x10, 0x03,
    0x33, 0x33, 0x33, 0x33, 0xdc, 0x33, 0x33, 0x33,
    0x33, 0x30, 0x00, 0x00, 0x9f, 0xee, 0xee, 0xef,
    0xfe, 0xee, 0xee, 0xff, 0x30, 0x00, 0x00, 0x09,
    0xe0, 0x00, 0x00, 0xcb, 0x00, 0x00, 0x05, 0xf3,
    0x00, 0x00, 0x00, 0x8e, 0xee, 0xee, 0xef, 0xfe,
    0xee, 0xee, 0xee, 0x20, 0x00, 0x03, 0x33, 0x33,
    0x33, 0x33, 0xdc, 0x33, 0x33, 0x33, 0x33, 0x32,
    0x03, 0xfd, 0xcc, 0xcc, 0xcc, 0xcc, 0xcc, 0xcc,
    0xcc, 0xcc, 0xcf, 0xa0, 0x3f, 0x23, 0x88, 0x88,
    0x88, 0x12, 0x88, 0x88, 0x88, 0x60, 0xda, 0x01,
    0x61, 0x7d, 0x33, 0x34, 0xf3, 0x4f, 0x43, 0x33,
    0xbb, 0x05, 0x40, 0x00, 0x07, 0xfd, 0xdd, 0xef,
    0x34, 0xfd, 0xdd, 0xdf, 0xb0, 0x00, 0x00, 0x00,
    0x00, 0x04, 0xf3, 0x00, 0x00, 0x2f, 0x60, 0x00,
    0x00, 0x00, 0x00, 0xff, 0xff, 0xff, 0xff, 0xff,
    0xff, 0xff, 0xff, 0xff, 0x70, 0x00, 0x00, 0x00,
    0x05, 0xf4, 0x00, 0x00, 0x3f, 0x70, 0x00, 0x00,
    0x00, 0x00, 0x7e, 0xee, 0xff, 0xfe, 0xee, 0xef,
    0xff, 0xee, 0xed, 0x00, 0x00, 0x11, 0x11, 0x15,
    0xf4, 0x11, 0x11, 0x4f, 0x71, 0x11, 0x11, 0x10,
    0x7f, 0xff, 0xff, 0xff, 0xff, 0xff, 0xff, 0xff,
    0xff, 0xff, 0xfe, 0x00, 0x00, 0x00, 0x26, 0xbf,
    0x92, 0x7e, 0x20, 0x00, 0x29, 0xc1, 0x00, 0x36,
    0x8b, 0xef, 0xf5, 0x00, 0x00, 0x7f, 0x86, 0xce,
    0x93, 0x00, 0x05, 0xc9, 0x52, 0x8e, 0x00, 0x25,
    0x82, 0x3c, 0xfd, 0x40, 0x00, 0x00, 0x00, 0x00,
    0x0d, 0xfc, 0xff, 0xd9, 0x10, 0x04, 0xaf, 0xeb,
    0x85, 0x00, 0x00, 0x03, 0xfb, 0x73, 0x00, 0x00,
    0x00, 0x00, 0x04, 0x8b, 0xa0, 0x00, 0x00, 0x00,
    0x00, 0x00, 0x00, 0x00, 0x00, 0x00, 0x00, 0x00,
    0x00,

    /* U+56DE "回" */
    0x00, 0x00, 0x00, 0x00, 0x00, 0x00, 0x00, 0x00,
    0x00, 0x00, 0x0f, 0xff, 0xff, 0xff, 0xff, 0xff,
    0xff, 0xff, 0xff, 0xff, 0xf0, 0xfd, 0x88, 0x88,
    0x88, 0x88, 0x88, 0x88, 0x88, 0x88, 0xdf, 0x0f,
    0xa0, 0x00, 0x00, 0x00, 0x00, 0x00, 0x00, 0x00,
    0x0b, 0xf0, 0xfa, 0x00, 0x00, 0x00, 0x00, 0x00,
    0x00, 0x00, 0x00, 0xbf, 0x0f, 0xa0, 0x00, 0x00,
    0x00, 0x00, 0x00, 0x00, 0x00, 0x0b, 0xf0, 0xfa,
    0x00, 0x04, 0x77, 0x77, 0x77, 0x77, 0x40, 0x00,
    0xbf, 0x0f, 0xa0, 0x00, 0x9f, 0xff, 0xff, 0xff,
    0xf9, 0x00, 0x0b, 0xf0, 0xfa, 0x00, 0x09, 0xe0,
    0x00, 0x00, 0x0f, 0x90, 0x00, 0xbf, 0x0f, 0xa0,
    0x00, 0x9e, 0x00, 0x00, 0x00, 0xf9, 0x00, 0x0b,
    0xf0, 0xfa, 0x00, 0x09, 0xe0, 0x00, 0x00, 0x0f,
    0x90, 0x00, 0xbf, 0x0f, 0xa0, 0x00, 0x9e, 0x00,
    0x00, 0x00, 0xf9, 0x00, 0x0b, 0xf0, 0xfa, 0x00,
    0x09, 0xe0, 0x00, 0x00, 0x0f, 0x90, 0x00, 0xbf,
    0x0f, 0xa0, 0x00, 0x9f, 0x66, 0x66, 0x66, 0xf9,
    0x00, 0x0b, 0xf0, 0xfa, 0x00, 0x09, 0xff, 0xff,
    0xff, 0xff, 0x90, 0x00, 0xbf, 0x0f, 0xa0, 0x00,
    0x00, 0x00, 0x00, 0x00, 0x00, 0x00, 0x0b, 0xf0,
    0xfa, 0x00, 0x00, 0x00, 0x00, 0x00, 0x00, 0x00,
    0x00, 0xbf, 0x0f, 0xa0, 0x00, 0x00, 0x00, 0x00,
    0x00, 0x00, 0x00, 0x0b, 0xf0, 0xfa, 0x00, 0x00,
    0x00, 0x00, 0x00, 0x00, 0x00, 0x00, 0xbf, 0x0f,
    0xff, 0xff, 0xff, 0xff, 0xff, 0xff, 0xff, 0xff,
    0xff, 0xf0, 0xfd, 0x88, 0x88, 0x88, 0x88, 0x88,
    0x88, 0x88, 0x88, 0xdf, 0x0f, 0xa0, 0x00, 0x00,
    0x00, 0x00, 0x00, 0x00, 0x00, 0x0b, 0xf0,

    /* U+56F4 "围" */
    0x11, 0x11, 0x11, 0x11, 0x11, 0x11, 0x11, 0x11,
    0x11, 0x11, 0x0f, 0xff, 0xff, 0xff, 0xff, 0xff,
    0xff, 0xff, 0xff, 0xff, 0xf0, 0xfa, 0x44, 0x44,
    0x44, 0x44, 0x44, 0x44, 0x44, 0x44, 0xbf, 0x0f,
    0x80, 0x00, 0x00, 0x00, 0xe9, 0x00, 0x00, 0x00,
    0x08, 0xf0, 0xf8, 0x00, 0x00, 0x00, 0x0e, 0x90,
    0x00, 0x00, 0x00, 0x8f, 0x0f, 0x80, 0xaf, 0xff,
    0xff, 0xff, 0xff, 0xff, 0xfb, 0x08, 0xf0, 0xf8,
    0x04, 0x66, 0x66, 0x6f, 0xc6, 0x66, 0x66, 0x40,
    0x8f, 0x0f, 0x80, 0x00, 0x00, 0x00, 0xe9, 0x00,
    0x00, 0x00, 0x08, 0xf0, 0xf8, 0x00, 0x35, 0x55,
    0x5f, 0xc5, 0x55, 0x54, 0x00, 0x8f, 0x0f, 0x80,
    0x0a, 0xff, 0xff, 0xff, 0xff, 0xff, 0xb0, 0x08,
    0xf0, 0xf8, 0x00, 0x00, 0x00, 0x0e, 0x90, 0x00,
    0x00, 0x00, 0x8f, 0x0f, 0x80, 0x00, 0x00, 0x00,
    0xe9, 0x00, 0x00, 0x00, 0x08, 0xf0, 0xf8, 0x0f,
    0xff, 0xff, 0xff, 0xff, 0xff, 0xff, 0xc0, 0x8f,
    0x0f, 0x80, 0x66, 0x66, 0x66, 0xfc, 0x66, 0x66,
    0xdb, 0x08, 0xf0, 0xf8, 0x00, 0x00, 0x00, 0x0e,
    0x90, 0x00, 0x0d, 0x90, 0x8f, 0x0f, 0x80, 0x00,
    0x00, 0x00, 0xe9, 0x01, 0x03, 0xf6, 0x08, 0xf0,
    0xf8, 0x00, 0x00, 0x00, 0x0e, 0x90, 0xdf, 0xfe,
    0x10, 0x8f, 0x0f, 0x80, 0x00, 0x00, 0x00, 0xe9,
    0x02, 0x33, 0x00, 0x08, 0xf0, 0xf8, 0x00, 0x00,
    0x00, 0x05, 0x30, 0x00, 0x00, 0x00, 0x8f, 0x0f,
    0xff, 0xff, 0xff, 0xff, 0xff, 0xff, 0xff, 0xff,
    0xff, 0xf0, 0xfb, 0x66, 0x66, 0x66, 0x66, 0x66,
    0x66, 0x66, 0x66, 0xbf, 0x0f, 0x80, 0x00, 0x00,
    0x00, 0x00, 0x00, 0x00, 0x00, 0x08, 0xf0,

    /* U+578B "型" */
    0x02, 0x44, 0x44, 0x44, 0x44, 0x44, 0x00, 0x00,
    0x00, 0x3f, 0x40, 0x09, 0xff, 0xff, 0xff, 0xff,
    0xff, 0x30, 0xab, 0x00, 0x3f, 0x40, 0x01, 0x15,
    0xf4, 0x11, 0xae, 0x11, 0x00, 0xbc, 0x00, 0x3f,
    0x40, 0x00, 0x04, 0xf3, 0x00, 0x9e, 0x00, 0x00,
    0xbc, 0x00, 0x3f, 0x40, 0x00, 0x04, 0xf3, 0x00,
    0x9e, 0x00, 0x00, 0xbc, 0x00, 0x3f, 0x40, 0x26,
    0x69, 0xf8, 0x66, 0xcf, 0x66, 0x50, 0xbc, 0x00,
    0x3f, 0x40, 0x6f, 0xff, 0xff, 0xff, 0xff, 0xff,
    0xb0, 0xbc, 0x00, 0x3f, 0x40, 0x00, 0x08, 0xf0,
    0x00, 0x9e, 0x00, 0x00, 0xbc, 0x00, 0x3f, 0x40,
    0x00, 0x0c, 0xd0, 0x00, 0x9e, 0x00, 0x00, 0xbc,
    0x00, 0x3f, 0x40, 0x00, 0x4f, 0x70, 0x00, 0x9e,
    0x00, 0x00, 0x00, 0x00, 0x3f, 0x40, 0x01, 0xee,
    0x10, 0x00, 0x9e, 0x00, 0x00, 0x00, 0x00, 0x3f,
    0x40, 0x2d, 0xf4, 0x00, 0x00, 0x9e, 0x00, 0x00,
    0x05, 0x99, 0xbf, 0x30, 0x1e, 0x50, 0x00, 0x00,
    0x46, 0xbe, 0x00, 0x04, 0xdd, 0xb7, 0x00, 0x00,
    0x00, 0x00, 0x00, 0x00, 0xbe, 0x00, 0x00, 0x00,
    0x00, 0x00, 0x00, 0x13, 0x33, 0x33, 0x33, 0xce,
    0x33, 0x33, 0x33, 0x30, 0x00, 0x00, 0x6f, 0xff,
    0xff, 0xff, 0xff, 0xff, 0xff, 0xff, 0xf4, 0x00,
    0x00, 0x14, 0x44, 0x44, 0x44, 0xce, 0x44, 0x44,
    0x44, 0x41, 0x00, 0x00, 0x00, 0x00, 0x00, 0x00,
    0xbe, 0x00, 0x00, 0x00, 0x00, 0x00, 0x00, 0x00,
    0x00, 0x00, 0x00, 0xbe, 0x00, 0x00, 0x00, 0x00,
    0x00, 0x77, 0x77, 0x77, 0x77, 0x77, 0xdf, 0x77,
    0x77, 0x77, 0x77, 0x76, 0xef, 0xff, 0xff, 0xff,
    0xff, 0xff, 0xff, 0xff, 0xff, 0xff, 0xfc, 0x00,
    0x00, 0x00, 0x00, 0x00, 0x00, 0x00, 0x00, 0x00,
    0x00, 0x00,

    /* U+589E "增" */
    0x00, 0x00, 0x00, 0x00, 0x00, 0x10, 0x00, 0x00,
    0x02, 0x10, 0x00, 0x00, 0xf7, 0x00, 0x00, 0x1f,
    0x90, 0x00, 0x00, 0xcf, 0x10, 0x00, 0x0f, 0x70,
    0x00, 0x00, 0x8f, 0x40, 0x00, 0x4f, 0x70, 0x00,
    0x00, 0xf7, 0x00, 0x00, 0x00, 0xd6, 0x00, 0x0e,
    0xb0, 0x00, 0x00, 0x0f, 0x70, 0x00, 0xdd, 0xdd,
    0xdd, 0xde, 0xfe, 0xdd, 0x90, 0x00, 0xf7, 0x00,
    0x0f, 0x85, 0x55, 0x8f, 0x55, 0x55, 0xcb, 0x23,
    0x4f, 0x93, 0x30, 0xf4, 0x74, 0x04, 0xf0, 0x06,
    0x3a, 0xba, 0xff, 0xff, 0xfe, 0x0f, 0x45, 0xd0,
    0x4f, 0x01, 0xf3, 0xab, 0x23, 0x4f, 0x93, 0x30,
    0xf4, 0x0c, 0x64, 0xf0, 0xa9, 0x0a, 0xb0, 0x00,
    0xf7, 0x00, 0x0f, 0x40, 0x6a, 0x4f, 0x3d, 0x00,
    0xab, 0x00, 0x0f, 0x70, 0x00, 0xf4, 0x00, 0x04,
    0xf0, 0x00, 0x0a, 0xb0, 0x00, 0xf7, 0x00, 0x0f,
    0xff, 0xff, 0xff, 0xff, 0xff, 0xfb, 0x00, 0x0f,
    0x70, 0x00, 0x33, 0x33, 0x33, 0x33, 0x33, 0x33,
    0x20, 0x00, 0xf7, 0x00, 0x00, 0x12, 0x22, 0x22,
    0x22, 0x22, 0x10, 0x00, 0x0f, 0x70, 0x00, 0x0c,
    0xff, 0xff, 0xff, 0xff, 0xf8, 0x00, 0x00, 0xf7,
    0x16, 0x00, 0xcc, 0x11, 0x11, 0x11, 0x1f, 0x80,
    0x00, 0x1f, 0xef, 0xf2, 0x0c, 0xb0, 0x00, 0x00,
    0x00, 0xf8, 0x06, 0xbf, 0xfd, 0x71, 0x00, 0xcf,
    0xff, 0xff, 0xff, 0xff, 0x80, 0xbf, 0x93, 0x00,
    0x00, 0x0c, 0xc4, 0x44, 0x44, 0x44, 0xf8, 0x02,
    0x00, 0x00, 0x00, 0x00, 0xcb, 0x00, 0x00, 0x00,
    0x0f, 0x80, 0x00, 0x00, 0x00, 0x00, 0x0c, 0xfd,
    0xdd, 0xdd, 0xdd, 0xf8, 0x00, 0x00, 0x00, 0x00,
    0x00, 0xcd, 0x66, 0x66, 0x66, 0x6f, 0x80, 0x00,
    0x00, 0x00, 0x00, 0x0c, 0xb0, 0x00, 0x00, 0x00,
    0xf8, 0x00,

    /* U+5907 "备" */
    0x00, 0x00, 0x00, 0x00, 0x00, 0x00, 0x00, 0x00,
    0x00, 0x00, 0x00, 0x00, 0x00, 0x00, 0x00, 0x00,
    0xaf, 0x30, 0x00, 0x00, 0x00, 0x00, 0x00, 0x00,
    0x00, 0x00, 0x00, 0x06, 0xf9, 0x00, 0x00, 0x00,
    0x00, 0x00, 0x00, 0x00, 0x00, 0x00, 0x00, 0x4f,
    0xff, 0xff, 0xff, 0xff, 0xff, 0xd0, 0x00, 0x00,
    0x00, 0x00, 0x06, 0xfe, 0x66, 0x66, 0x66, 0x66,
    0xdf, 0x60, 0x00, 0x00, 0x00, 0x00, 0x9f, 0xef,
    0x90, 0x00, 0x00, 0x0a, 0xf8, 0x00, 0x00, 0x00,
    0x00, 0x5e, 0xf9, 0x08, 0xfb, 0x10, 0x03, 0xcf,
    0x80, 0x00, 0x00, 0x00, 0x00, 0xbd, 0x40, 0x00,
    0x6f, 0xf7, 0x9f, 0xe3, 0x00, 0x00, 0x00, 0x00,
    0x00, 0x00, 0x00, 0x00, 0x04, 0xff, 0xfe, 0x20,
    0x00, 0x00, 0x00, 0x00, 0x00, 0x00, 0x00, 0x17,
    0xcf, 0xfa, 0xbf, 0xfc, 0x72, 0x00, 0x00, 0x00,
    0x00, 0x14, 0x8c, 0xff, 0xd7, 0x10, 0x01, 0x7d,
    0xff, 0xda, 0x75, 0x20, 0x1e, 0xff, 0xfd, 0x93,
    0x00, 0x00, 0x00, 0x00, 0x38, 0xbe, 0xff, 0xd0,
    0x09, 0x95, 0x87, 0x77, 0x77, 0x77, 0x77, 0x77,
    0x77, 0x75, 0x15, 0x30, 0x00, 0x00, 0xef, 0xff,
    0xff, 0xff, 0xff, 0xff, 0xff, 0xfb, 0x00, 0x00,
    0x00, 0x00, 0xeb, 0x00, 0x00, 0x0e, 0xb0, 0x00,
    0x00, 0xfb, 0x00, 0x00, 0x00, 0x00, 0xeb, 0x00,
    0x00, 0x0e, 0xb0, 0x00, 0x00, 0xfb, 0x00, 0x00,
    0x00, 0x00, 0xed, 0x55, 0x55, 0x5f, 0xc5, 0x55,
    0x55, 0xfb, 0x00, 0x00, 0x00, 0x00, 0xef, 0xff,
    0xff, 0xff, 0xff, 0xff, 0xff, 0xfb, 0x00, 0x00,
    0x00, 0x00, 0xeb, 0x00, 0x00, 0x0e, 0xb0, 0x00,
    0x00, 0xfb, 0x00, 0x00, 0x00, 0x00, 0xeb, 0x00,
    0x00, 0x0e, 0xb0, 0x00, 0x00, 0xfb, 0x00, 0x00,
    0x00, 0x00, 0xed, 0x55, 0x55, 0x5f, 0xc5, 0x55,
    0x55, 0xfb, 0x00, 0x00, 0x00, 0x00, 0xef, 0xff,
    0xff, 0xff, 0xff, 0xff, 0xff, 0xfb, 0x00, 0x00,
    0x00, 0x00, 0xec, 0x00, 0x00, 0x00, 0x00, 0x00,
    0x00, 0xeb, 0x00, 0x00,

    /* U+5927 "大" */
    0x00, 0x00, 0x00, 0x00, 0x00, 0x9f, 0x10, 0x00,
    0x00, 0x00, 0x00, 0x00, 0x00, 0x00, 0x00, 0x00,
    0x09, 0xf1, 0x00, 0x00, 0x00, 0x00, 0x00, 0x00,
    0x00, 0x00, 0x00, 0x00, 0x9f, 0x10, 0x00, 0x00,
    0x00, 0x00, 0x00, 0x00, 0x00, 0x00, 0x00, 0x0a,
    0xf0, 0x00, 0x00, 0x00, 0x00, 0x00, 0x00, 0x00,
    0x00, 0x00, 0x00, 0xbf, 0x00, 0x00, 0x00, 0x00,
    0x00, 0x00, 0x00, 0x00, 0x00, 0x00, 0x0d, 0xd0,
    0x00, 0x00, 0x00, 0x00, 0x00, 0x00, 0x00, 0x00,
    0x00, 0x00, 0xec, 0x00, 0x00, 0x00, 0x00, 0x00,
    0x04, 0xff, 0xff, 0xff, 0xff, 0xff, 0xff, 0xff,
    0xff, 0xff, 0xff, 0xc0, 0x29, 0x99, 0x99, 0x99,
    0x9b, 0xff, 0xd9, 0x99, 0x99, 0x99, 0x97, 0x00,
    0x00, 0x00, 0x00, 0x00, 0x8f, 0xfe, 0x00, 0x00,
    0x00, 0x00, 0x00, 0x00, 0x00, 0x00, 0x00, 0x0c,
    0xf6, 0xf5, 0x00, 0x00, 0x00, 0x00, 0x00, 0x00,
    0x00, 0x00, 0x01, 0xfa, 0x0f, 0xc0, 0x00, 0x00,
    0x00, 0x00, 0x00, 0x00, 0x00, 0x00, 0x8f, 0x50,
    0x9f, 0x30, 0x00, 0x00, 0x00, 0x00, 0x00, 0x00,
    0x00, 0x1f, 0xe0, 0x02, 0xfc, 0x00, 0x00, 0x00,
    0x00, 0x00, 0x00, 0x00, 0x09, 0xf5, 0x00, 0x09,
    0xf6, 0x00, 0x00, 0x00, 0x00, 0x00, 0x00, 0x03,
    0xfc, 0x00, 0x00, 0x0e, 0xf1, 0x00, 0x00, 0x00,
    0x00, 0x00, 0x01, 0xef, 0x30, 0x00, 0x00, 0x5f,
    0xd1, 0x00, 0x00, 0x00, 0x00, 0x01, 0xdf, 0x60,
    0x00, 0x00, 0x00, 0x8f, 0xd1, 0x00, 0x00, 0x00,
    0x03, 0xef, 0x80, 0x00, 0x00, 0x00, 0x00, 0x9f,
    0xd2, 0x00, 0x00, 0x08, 0xff, 0x70, 0x00, 0x00,
    0x00, 0x00, 0x00, 0xaf, 0xf8, 0x00, 0x5e, 0xfd,
    0x30, 0x00, 0x00, 0x00, 0x00, 0x00, 0x00, 0x5e,
    0xfd, 0x01, 0xc6, 0x00, 0x00, 0x00, 0x00, 0x00,
    0x00, 0x00, 0x00, 0x1a, 0x40,

    /* U+5934 "头" */
    0x00, 0x00, 0x00, 0x00, 0x00, 0x00, 0xd8, 0x00,
    0x00, 0x00, 0x00, 0x00, 0x00, 0x8a, 0x30, 0x00,
    0x00, 0xf9, 0x00, 0x00, 0x00, 0x00, 0x00, 0x00,
    0x7e, 0xfc, 0x40, 0x00, 0xf9, 0x00, 0x00, 0x00,
    0x00, 0x00, 0x00, 0x00, 0x6e, 0xfb, 0x10, 0xf9,
    0x00, 0x00, 0x00, 0x00, 0x00, 0x00, 0x00, 0x00,
    0x8d, 0x01, 0xf9, 0x00, 0x00, 0x00, 0x00, 0x00,
    0x43, 0x00, 0x00, 0x00, 0x01, 0xf8, 0x00, 0x00,
    0x00, 0x00, 0x00, 0xdf, 0xc5, 0x00, 0x00, 0x02,
    0xf7, 0x00, 0x00, 0x00, 0x00, 0x00, 0x06, 0xdf,
    0xc3, 0x00, 0x04, 0xf5, 0x00, 0x00, 0x00, 0x00,
    0x00, 0x00, 0x07, 0xfe, 0x00, 0x06, 0xf4, 0x00,
    0x00, 0x00, 0x00, 0x00, 0x00, 0x00, 0x24, 0x00,
    0x07, 0xf2, 0x00, 0x00, 0x00, 0x00, 0x00, 0x00,
    0x00, 0x00, 0x00, 0x09, 0xf1, 0x00, 0x00, 0x00,
    0x00, 0x6f, 0xff, 0xff, 0xff, 0xff, 0xff, 0xff,
    0xff, 0xff, 0xff, 0xfe, 0x27, 0x77, 0x77, 0x77,
    0x77, 0x9f, 0xb7, 0x77, 0x77, 0x77, 0x76, 0x00,
    0x00, 0x00, 0x00, 0x00, 0x9f, 0x30, 0x00, 0x00,
    0x00, 0x00, 0x00, 0x00, 0x00, 0x00, 0x01, 0xfc,
    0x00, 0x00, 0x00, 0x00, 0x00, 0x00, 0x00, 0x00,
    0x00, 0x0a, 0xf4, 0x9e, 0x50, 0x00, 0x00, 0x00,
    0x00, 0x00, 0x00, 0x00, 0x9f, 0x80, 0x2b, 0xfc,
    0x40, 0x00, 0x00, 0x00, 0x00, 0x00, 0x09, 0xfb,
    0x00, 0x00, 0x4d, 0xfb, 0x20, 0x00, 0x00, 0x00,
    0x04, 0xdf, 0xa0, 0x00, 0x00, 0x00, 0x7f, 0xf6,
    0x00, 0x00, 0x16, 0xdf, 0xe6, 0x00, 0x00, 0x00,
    0x00, 0x02, 0xcf, 0xa0, 0x1c, 0xff, 0xd7, 0x00,
    0x00, 0x00, 0x00, 0x00, 0x00, 0x09, 0xf8, 0x08,
    0x83, 0x00, 0x00, 0x00, 0x00, 0x00, 0x00, 0x00,
    0x00, 0x40,

    /* U+5B50 "子" */
    0x00, 0x28, 0x88, 0x88, 0x88, 0x88, 0x88, 0x88,
    0x88, 0x81, 0x00, 0x00, 0x4f, 0xff, 0xff, 0xff,
    0xff, 0xff, 0xff, 0xff, 0xf9, 0x00, 0x00, 0x00,
    0x00, 0x00, 0x00, 0x00, 0x00, 0x03, 0xdf, 0x80,
    0x00, 0x00, 0x00, 0x00, 0x00, 0x00, 0x00, 0x00,
    0x7f, 0xe5, 0x00, 0x00, 0x00, 0x00, 0x00, 0x00,
    0x00, 0x00, 0x3c, 0xfb, 0x10, 0x00, 0x00, 0x00,
    0x00, 0x00, 0x00, 0x00, 0x2a, 0xfd, 0x40, 0x00,
    0x00, 0x00, 0x00, 0x00, 0x00, 0x00, 0x00, 0xaf,
    0x70, 0x00, 0x00, 0x00, 0x00, 0x00, 0x00, 0x00,
    0x00, 0x00, 0xaf, 0x00, 0x00, 0x00, 0x00, 0x00,
    0x00, 0x00, 0x00, 0x00, 0x00, 0xaf, 0x00, 0x00,
    0x00, 0x00, 0x00, 0x68, 0x88, 0x88, 0x88, 0x88,
    0xdf, 0x88, 0x88, 0x88, 0x88, 0x88, 0xaf, 0xff,
    0xff, 0xff, 0xff, 0xff, 0xff, 0xff, 0xff, 0xff,
    0xfe, 0x00, 0x00, 0x00, 0x00, 0x00, 0xaf, 0x00,
    0x00, 0x00, 0x00, 0x00, 0x00, 0x00, 0x00, 0x00,
    0x00, 0xaf, 0x00, 0x00, 0x00, 0x00, 0x00, 0x00,
    0x00, 0x00, 0x00, 0x00, 0xaf, 0x00, 0x00, 0x00,
    0x00, 0x00, 0x00, 0x00, 0x00, 0x00, 0x00, 0xaf,
    0x00, 0x00, 0x00, 0x00, 0x00, 0x00, 0x00, 0x00,
    0x00, 0x00, 0xaf, 0x00, 0x00, 0x00, 0x00, 0x00,
    0x00, 0x00, 0x00, 0x00, 0x00, 0xaf, 0x00, 0x00,
    0x00, 0x00, 0x00, 0x00, 0x00, 0x00, 0x00, 0x00,
    0xaf, 0x00, 0x00, 0x00, 0x00, 0x00, 0x00, 0x00,
    0x00, 0x00, 0x00, 0xaf, 0x00, 0x00, 0x00, 0x00,
    0x00, 0x00, 0x00, 0x04, 0xa9, 0x99, 0xfd, 0x00,
    0x00, 0x00, 0x00, 0x00, 0x00, 0x00, 0x01, 0xff,
    0xfe, 0xc3, 0x00, 0x00, 0x00, 0x00, 0x00,

    /* U+5B57 "字" */
    0x00, 0x00, 0x00, 0x00, 0x00, 0x20, 0x00, 0x00,
    0x00, 0x00, 0x00, 0x00, 0x00, 0x00, 0x00, 0x09,
    0xf4, 0x00, 0x00, 0x00, 0x00, 0x00, 0x00, 0x00,
    0x00, 0x00, 0x01, 0xfd, 0x00, 0x00, 0x00, 0x00,
    0x00, 0x18, 0x88, 0x88, 0x88, 0x88, 0xdf, 0xa8,
    0x88, 0x88, 0x88, 0x70, 0x3f, 0xff, 0xff, 0xff,
    0xff, 0xff, 0xff, 0xff, 0xff, 0xff, 0xd0, 0x3f,
    0x70, 0x00, 0x00, 0x00, 0x00, 0x00, 0x00, 0x00,
    0x0c, 0xd0, 0x3f, 0x70, 0x00, 0x00, 0x00, 0x00,
    0x00, 0x00, 0x00, 0x0c, 0xd0, 0x3f, 0x70, 0x00,
    0x00, 0x00, 0x00, 0x00, 0x00, 0x00, 0x0c, 0xd0,
    0x04, 0x20, 0x6f, 0xff, 0xff, 0xff, 0xff, 0xff,
    0xf3, 0x03, 0x30, 0x00, 0x00, 0x37, 0x77, 0x77,
    0x77, 0x77, 0xef, 0x80, 0x00, 0x00, 0x00, 0x00,
    0x00, 0x00, 0x00, 0x00, 0x1c, 0xf6, 0x00, 0x00,
    0x00, 0x00, 0x00, 0x00, 0x00, 0x00, 0x06, 0xed,
    0x30, 0x00, 0x00, 0x00, 0x00, 0x00, 0x00, 0x00,
    0x00, 0xcf, 0x80, 0x00, 0x00, 0x00, 0x00, 0x00,
    0x00, 0x00, 0x00, 0x00, 0xec, 0x00, 0x00, 0x00,
    0x00, 0x00, 0x7f, 0xff, 0xff, 0xff, 0xff, 0xff,
    0xff, 0xff, 0xff, 0xff, 0xf1, 0x37, 0x77, 0x77,
    0x77, 0x77, 0xfd, 0x77, 0x77, 0x77, 0x77, 0x70,
    0x00, 0x00, 0x00, 0x00, 0x00, 0xeb, 0x00, 0x00,
    0x00, 0x00, 0x00, 0x00, 0x00, 0x00, 0x00, 0x00,
    0xeb, 0x00, 0x00, 0x00, 0x00, 0x00, 0x00, 0x00,
    0x00, 0x00, 0x00, 0xeb, 0x00, 0x00, 0x00, 0x00,
    0x00, 0x00, 0x00, 0x00, 0x00, 0x00, 0xeb, 0x00,
    0x00, 0x00, 0x00, 0x00, 0x00, 0x00, 0x00, 0x00,
    0x00, 0xeb, 0x00, 0x00, 0x00, 0x00, 0x00, 0x00,
    0x00, 0x00, 0x78, 0x89, 0xfa, 0x00, 0x00, 0x00,
    0x00, 0x00, 0x00, 0x00, 0x00, 0x8f, 0xfe, 0xb2,
    0x00, 0x00, 0x00, 0x00, 0x00,

    /* U+5B58 "存" */
    0x00, 0x00, 0x00, 0x00, 0x00, 0x00, 0x00, 0x00,
    0x00, 0x00, 0x00, 0x00, 0x00, 0x00, 0x00, 0x0a,
    0xd0, 0x00, 0x00, 0x00, 0x00, 0x00, 0x00, 0x00,
    0x00, 0x00, 0x00, 0xfc, 0x00, 0x00, 0x00, 0x00,
    0x00, 0x00, 0x00, 0x00, 0x00, 0x00, 0x5f, 0x60,
    0x00, 0x00, 0x00, 0x00, 0x00, 0x00, 0x3f, 0xff,
    0xff, 0xff, 0xff, 0xff, 0xff, 0xff, 0xff, 0xff,
    0xfa, 0x02, 0x88, 0x88, 0x8b, 0xfc, 0x88, 0x88,
    0x88, 0x88, 0x88, 0x88, 0x60, 0x00, 0x00, 0x00,
    0xaf, 0x20, 0x00, 0x00, 0x00, 0x00, 0x00, 0x00,
    0x00, 0x00, 0x00, 0x3f, 0x90, 0x00, 0x00, 0x00,
    0x00, 0x00, 0x00, 0x00, 0x00, 0x00, 0x0c, 0xf2,
    0x06, 0x88, 0x88, 0x88, 0x88, 0x88, 0x00, 0x00,
    0x00, 0x07, 0xf7, 0x00, 0xbf, 0xff, 0xff, 0xff,
    0xff, 0xf4, 0x00, 0x00, 0x03, 0xfc, 0x00, 0x00,
    0x00, 0x00, 0x00, 0x2c, 0xe3, 0x00, 0x00, 0x02,
    0xef, 0x70, 0x00, 0x00, 0x00, 0x00, 0x5e, 0xc2,
    0x00, 0x00, 0x02, 0xef, 0xf6, 0x00, 0x00, 0x00,
    0x00, 0xbf, 0x70, 0x00, 0x00, 0x04, 0xff, 0x7f,
    0x60, 0x00, 0x00, 0x00, 0x0f, 0x90, 0x00, 0x00,
    0x00, 0xce, 0x22, 0xf6, 0x05, 0x77, 0x77, 0x77,
    0xfc, 0x77, 0x77, 0x77, 0x12, 0x10, 0x2f, 0x60,
    0xcf, 0xff, 0xff, 0xff, 0xff, 0xff, 0xff, 0xf2,
    0x00, 0x02, 0xf6, 0x00, 0x00, 0x00, 0x01, 0xfa,
    0x00, 0x00, 0x00, 0x00, 0x00, 0x2f, 0x60, 0x00,
    0x00, 0x00, 0x0f, 0x90, 0x00, 0x00, 0x00, 0x00,
    0x02, 0xf6, 0x00, 0x00, 0x00, 0x00, 0xf9, 0x00,
    0x00, 0x00, 0x00, 0x00, 0x2f, 0x60, 0x00, 0x00,
    0x00, 0x0f, 0x90, 0x00, 0x00, 0x00, 0x00, 0x02,
    0xf6, 0x00, 0x00, 0x00, 0x00, 0xf9, 0x00, 0x00,
    0x00, 0x00, 0x00, 0x2f, 0x60, 0x00, 0x08, 0x77,
    0x9f, 0x80, 0x00, 0x00, 0x00, 0x00, 0x02, 0xf6,
    0x00, 0x00, 0xbf, 0xfe, 0xb2, 0x00, 0x00, 0x00,
    0x00,

    /* U+5B9A "定" */
    0x00, 0x00, 0x00, 0x00, 0x00, 0x03, 0x00, 0x00,
    0x00, 0x00, 0x00, 0x00, 0x00, 0x00, 0x00, 0x00,
    0x00, 0x7f, 0x50, 0x00, 0x00, 0x00, 0x00, 0x00,
    0x00, 0x00, 0x00, 0x00, 0x00, 0x0f, 0xd0, 0x00,
    0x00, 0x00, 0x00, 0x00, 0x00, 0x77, 0x77, 0x77,
    0x77, 0x7d, 0xf9, 0x77, 0x77, 0x77, 0x77, 0x00,
    0x00, 0xff, 0xff, 0xff, 0xff, 0xff, 0xff, 0xff,
    0xff, 0xff, 0xff, 0x00, 0x00, 0xfa, 0x00, 0x00,
    0x00, 0x00, 0x00, 0x00, 0x00, 0x00, 0xaf, 0x00,
    0x00, 0xf9, 0x00, 0x00, 0x00, 0x00, 0x00, 0x00,
    0x00, 0x00, 0xaf, 0x00, 0x00, 0xf9, 0x00, 0x00,
    0x00, 0x00, 0x00, 0x00, 0x00, 0x00, 0xaf, 0x00,
    0x00, 0x96, 0x09, 0x99, 0x99, 0x99, 0x99, 0x99,
    0x99, 0x91, 0x69, 0x00, 0x00, 0x00, 0x0f, 0xff,
    0xff, 0xff, 0xff, 0xff, 0xff, 0xf2, 0x00, 0x00,
    0x00, 0x00, 0x00, 0x00, 0x00, 0x0d, 0xc0, 0x00,
    0x00, 0x00, 0x00, 0x00, 0x00, 0x00, 0x00, 0x00,
    0x00, 0x0d, 0xc0, 0x00, 0x00, 0x00, 0x00, 0x00,
    0x00, 0x00, 0x09, 0xe0, 0x00, 0x0d, 0xc0, 0x00,
    0x00, 0x00, 0x00, 0x00, 0x00, 0x00, 0x0c, 0xd0,
    0x00, 0x0d, 0xc0, 0x00, 0x00, 0x00, 0x00, 0x00,
    0x00, 0x00, 0x0f, 0xa0, 0x00, 0x0d, 0xff, 0xff,
    0xff, 0xff, 0x00, 0x00, 0x00, 0x00, 0x2f, 0x90,
    0x00, 0x0d, 0xe7, 0x77, 0x77, 0x77, 0x00, 0x00,
    0x00, 0x00, 0x7f, 0xe0, 0x00, 0x0d, 0xc0, 0x00,
    0x00, 0x00, 0x00, 0x00, 0x00, 0x00, 0xce, 0xf7,
    0x00, 0x0d, 0xc0, 0x00, 0x00, 0x00, 0x00, 0x00,
    0x00, 0x03, 0xf6, 0x9f, 0x30, 0x0d, 0xc0, 0x00,
    0x00, 0x00, 0x00, 0x00, 0x00, 0x0c, 0xe0, 0x0d,
    0xf5, 0x0d, 0xc0, 0x00, 0x00, 0x00, 0x00, 0x00,
    0x00, 0x5f, 0x80, 0x01, 0xdf, 0xce, 0xc0, 0x00,
    0x00, 0x00, 0x00, 0x00, 0x04, 0xfc, 0x00, 0x00,
    0x08, 0xff, 0xfe, 0xcb, 0xa9, 0x99, 0x99, 0x80,
    0x0c, 0xe1, 0x00, 0x00, 0x00, 0x04, 0x9c, 0xde,
    0xff, 0xff, 0xff, 0x90, 0x00, 0x20, 0x00, 0x00,
    0x00, 0x00, 0x00, 0x00, 0x00, 0x00, 0x00, 0x00,

    /* U+5B9E "实" */
    0x00, 0x00, 0x00, 0x00, 0x00, 0x31, 0x00, 0x00,
    0x00, 0x00, 0x00, 0x00, 0x00, 0x00, 0x00, 0x03,
    0xfb, 0x00, 0x00, 0x00, 0x00, 0x00, 0x00, 0x00,
    0x00, 0x00, 0x00, 0xaf, 0x30, 0x00, 0x00, 0x00,
    0x00, 0x04, 0x77, 0x77, 0x77, 0x77, 0x9f, 0xc7,
    0x77, 0x77, 0x77, 0x70, 0x09, 0xff, 0xff, 0xff,
    0xff, 0xff, 0xff, 0xff, 0xff, 0xff, 0xf0, 0x09,
    0xf0, 0x00, 0x00, 0x00, 0x00, 0x00, 0x00, 0x00,
    0x0a, 0xf0, 0x09, 0xf0, 0x01, 0x20, 0x00, 0x05,
    0x80, 0x00, 0x00, 0x0a, 0xf0, 0x09, 0xf0, 0x0a,
    0xf8, 0x00, 0x0b, 0xf0, 0x00, 0x00, 0x0a, 0xf0,
    0x02, 0x40, 0x00, 0x8f, 0xc1, 0x0c, 0xe0, 0x00,
    0x00, 0x03, 0x40, 0x00, 0x00, 0x00, 0x05, 0xf3,
    0x0d, 0xd0, 0x00, 0x00, 0x00, 0x00, 0x00, 0x09,
    0x40, 0x00, 0x10, 0x0d, 0xc0, 0x00, 0x00, 0x00,
    0x00, 0x00, 0x2d, 0xf9, 0x00, 0x00, 0x0f, 0xa0,
    0x00, 0x00, 0x00, 0x00, 0x00, 0x00, 0x8f, 0xc1,
    0x00, 0x2f, 0x70, 0x00, 0x00, 0x00, 0x00, 0x00,
    0x00, 0x06, 0xd0, 0x00, 0x6f, 0x40, 0x00, 0x00,
    0x00, 0x00, 0x00, 0x00, 0x00, 0x10, 0x00, 0x9f,
    0x20, 0x00, 0x00, 0x00, 0x00, 0x1f, 0xff, 0xff,
    0xff, 0xff, 0xff, 0xff, 0xff, 0xff, 0xff, 0xf9,
    0x05, 0x55, 0x55, 0x55, 0x5b, 0xf8, 0x55, 0x55,
    0x55, 0x55, 0x53, 0x00, 0x00, 0x00, 0x00, 0x2f,
    0xd0, 0x5a, 0x30, 0x00, 0x00, 0x00, 0x00, 0x00,
    0x00, 0x03, 0xef, 0x30, 0x6e, 0xfc, 0x50, 0x00,
    0x00, 0x00, 0x00, 0x01, 0x8f, 0xe3, 0x00, 0x00,
    0x5c, 0xfe, 0x50, 0x00, 0x00, 0x03, 0x9f, 0xfb,
    0x20, 0x00, 0x00, 0x00, 0x4c, 0xfc, 0x30, 0x07,
    0xff, 0xfb, 0x40, 0x00, 0x00, 0x00, 0x00, 0x00,
    0x6e, 0xf3, 0x02, 0xa5, 0x10, 0x00, 0x00, 0x00,
    0x00, 0x00, 0x00, 0x01, 0x70,

    /* U+5BC6 "密" */
    0x00, 0x00, 0x00, 0x00, 0x00, 0x03, 0x10, 0x00,
    0x00, 0x00, 0x00, 0x00, 0x00, 0x00, 0x00, 0x00,
    0x02, 0xf7, 0x00, 0x00, 0x00, 0x00, 0x00, 0x00,
    0x00, 0x00, 0x00, 0x00, 0x0e, 0xc0, 0x00, 0x00,
    0x00, 0x00, 0x00, 0x1f, 0xff, 0xff, 0xff, 0xff,
    0xff, 0xff, 0xff, 0xff, 0xff, 0xf0, 0x01, 0xfb,
    0x66, 0x66, 0x67, 0x66, 0x66, 0x66, 0x66, 0x66,
    0xcf, 0x00, 0x1f, 0x70, 0x00, 0x01, 0xe8, 0x10,
    0x00, 0x03, 0x00, 0x09, 0xf0, 0x01, 0xf7, 0x00,
    0x00, 0x05, 0xee, 0x50, 0x05, 0xf7, 0x00, 0x9f,
    0x00, 0x09, 0x41, 0x00, 0x7c, 0x00, 0xaf, 0x35,
    0xfa, 0x00, 0x06, 0x90, 0x00, 0x00, 0xe9, 0x08,
    0xe0, 0x00, 0x57, 0xf9, 0x04, 0xe4, 0x00, 0x00,
    0x00, 0x8f, 0x20, 0x8e, 0x00, 0x2c, 0xf7, 0x00,
    0x0b, 0xf4, 0x00, 0x00, 0x4f, 0x80, 0x08, 0xe0,
    0x8f, 0xc3, 0x00, 0x29, 0x1b, 0xf4, 0x00, 0x4f,
    0xb0, 0x00, 0x8f, 0xde, 0x60, 0x00, 0x04, 0xf1,
    0x0c, 0xf2, 0x04, 0xa0, 0x04, 0x9e, 0xfc, 0x32,
    0x22, 0x22, 0xae, 0x00, 0x1e, 0x50, 0x04, 0xae,
    0xff, 0xad, 0xff, 0xff, 0xff, 0xff, 0x60, 0x00,
    0x00, 0x0b, 0xff, 0xa5, 0x00, 0x01, 0x25, 0x52,
    0x22, 0x00, 0x00, 0x00, 0x00, 0x15, 0x00, 0x00,
    0x00, 0x00, 0xeb, 0x00, 0x00, 0x00, 0x00, 0x00,
    0x00, 0x00, 0x85, 0x00, 0x00, 0x0e, 0xb0, 0x00,
    0x00, 0x5a, 0x00, 0x00, 0x00, 0x0f, 0x90, 0x00,
    0x00, 0xeb, 0x00, 0x00, 0x07, 0xf1, 0x00, 0x00,
    0x00, 0xf9, 0x00, 0x00, 0x0e, 0xb0, 0x00, 0x00,
    0x7f, 0x10, 0x00, 0x00, 0x0f, 0x90, 0x00, 0x00,
    0xeb, 0x00, 0x00, 0x07, 0xf1, 0x00, 0x00, 0x00,
    0xff, 0xff, 0xff, 0xff, 0xff, 0xff, 0xff, 0xff,
    0x10, 0x00, 0x00, 0x08, 0x88, 0x88, 0x88, 0x88,
    0x88, 0x88, 0x8c, 0xf1, 0x00, 0x00, 0x00, 0x00,
    0x00, 0x00, 0x00, 0x00, 0x00, 0x00, 0x7f, 0x10,
    0x00,

    /* U+5C04 "射" */
    0x00, 0x00, 0x00, 0x00, 0x00, 0x00, 0x00, 0x00,
    0x00, 0x00, 0x00, 0x00, 0x00, 0x00, 0x00, 0xcc,
    0x00, 0x00, 0x00, 0x00, 0x00, 0x1f, 0x60, 0x00,
    0x00, 0x00, 0x01, 0xf7, 0x00, 0x00, 0x00, 0x00,
    0x00, 0x1f, 0x60, 0x00, 0x00, 0x05, 0x59, 0xf7,
    0x55, 0x50, 0x00, 0x00, 0x00, 0x1f, 0x60, 0x00,
    0x00, 0x0f, 0xff, 0xff, 0xff, 0xf0, 0x00, 0x00,
    0x00, 0x1f, 0x60, 0x00, 0x00, 0x0f, 0x70, 0x00,
    0x08, 0xf0, 0x00, 0x00, 0x00, 0x1f, 0x60, 0x00,
    0x00, 0x0f, 0x70, 0x00, 0x08, 0xf0, 0x77, 0x77,
    0x77, 0x8f, 0xb7, 0x70, 0x00, 0x0f, 0xff, 0xff,
    0xff, 0xf0, 0xff, 0xff, 0xff, 0xff, 0xff, 0xf1,
    0x00, 0x0f, 0x93, 0x33, 0x39, 0xf0, 0x00, 0x00,
    0x00, 0x1f, 0x70, 0x00, 0x00, 0x0f, 0x70, 0x00,
    0x08, 0xf0, 0x00, 0x00, 0x00, 0x1f, 0x60, 0x00,
    0x00, 0x0f, 0xed, 0xdd, 0xde, 0xf0, 0x09, 0x60,
    0x00, 0x1f, 0x60, 0x00, 0x00, 0x0f, 0xa5, 0x55,
    0x5b, 0xf0, 0x09, 0xf1, 0x00, 0x1f, 0x60, 0x00,
    0x00, 0x0f, 0x70, 0x00, 0x08, 0xf0, 0x01, 0xfa,
    0x00, 0x1f, 0x60, 0x00, 0x02, 0x3f, 0x93, 0x33,
    0x3a, 0xf0, 0x00, 0x7f, 0x30, 0x1f, 0x60, 0x00,
    0x0b, 0xff, 0xff, 0xff, 0xff, 0xf0, 0x00, 0x1f,
    0xa0, 0x1f, 0x60, 0x00, 0x02, 0x22, 0x22, 0x3c,
    0xfb, 0xf0, 0x00, 0x09, 0xf1, 0x1f, 0x60, 0x00,
    0x00, 0x00, 0x00, 0xaf, 0x58, 0xf0, 0x00, 0x02,
    0x30, 0x1f, 0x60, 0x00, 0x00, 0x00, 0x0a, 0xf8,
    0x08, 0xf0, 0x00, 0x00, 0x00, 0x1f, 0x60, 0x00,
    0x00, 0x01, 0xaf, 0x70, 0x08, 0xf0, 0x00, 0x00,
    0x00, 0x1f, 0x60, 0x00, 0x00, 0x6e, 0xf5, 0x00,
    0x08, 0xf0, 0x00, 0x00, 0x00, 0x1f, 0x60, 0x00,
    0x0c, 0xfd, 0x30, 0x00, 0x08, 0xf0, 0x00, 0x00,
    0x00, 0x1f, 0x60, 0x00, 0x06, 0x70, 0x00, 0x46,
    0x6c, 0xe0, 0x00, 0x07, 0x88, 0xaf, 0x50, 0x00,
    0x00, 0x00, 0x00, 0x7f, 0xfd, 0x60, 0x00, 0x08,
    0xff, 0xd9, 0x00, 0x00,

    /* U+5C40 "局" */
    0x00, 0x07, 0xff, 0xff, 0xff, 0xff, 0xff, 0xff,
    0xff, 0xff, 0x00, 0x00, 0x07, 0xf8, 0x77, 0x77,
    0x77, 0x77, 0x77, 0x77, 0xcf, 0x00, 0x00, 0x07,
    0xf1, 0x00, 0x00, 0x00, 0x00, 0x00, 0x00, 0x9f,
    0x00, 0x00, 0x07, 0xf1, 0x00, 0x00, 0x00, 0x00,
    0x00, 0x00, 0x9f, 0x00, 0x00, 0x07, 0xf4, 0x22,
    0x22, 0x22, 0x22, 0x22, 0x22, 0xbf, 0x00, 0x00,
    0x07, 0xff, 0xff, 0xff, 0xff, 0xff, 0xff, 0xff,
    0xff, 0x00, 0x00, 0x08, 0xf4, 0x33, 0x33, 0x33,
    0x33, 0x33, 0x33, 0x33, 0x00, 0x00, 0x08, 0xf1,
    0x00, 0x00, 0x00, 0x00, 0x00, 0x00, 0x00, 0x00,
    0x00, 0x08, 0xf8, 0x77, 0x77, 0x77, 0x77, 0x77,
    0x77, 0x77, 0x74, 0x00, 0x0a, 0xff, 0xff, 0xff,
    0xff, 0xff, 0xff, 0xff, 0xff, 0xf9, 0x00, 0x0b,
    0xe0, 0x00, 0x00, 0x00, 0x00, 0x00, 0x00, 0x00,
    0xf8, 0x00, 0x0d, 0xc0, 0x02, 0x33, 0x33, 0x33,
    0x33, 0x10, 0x01, 0xf8, 0x00, 0x0f, 0xa0, 0x0e,
    0xff, 0xff, 0xff, 0xff, 0x60, 0x02, 0xf7, 0x00,
    0x3f, 0x60, 0x0e, 0xa2, 0x22, 0x22, 0x3f, 0x60,
    0x03, 0xf6, 0x00, 0x7f, 0x30, 0x0e, 0x80, 0x00,
    0x00, 0x1f, 0x60, 0x04, 0xf5, 0x00, 0xbf, 0x00,
    0x0e, 0x80, 0x00, 0x00, 0x1f, 0x60, 0x05, 0xf4,
    0x02, 0xf9, 0x00, 0x0e, 0xb6, 0x66, 0x66, 0x7f,
    0x60, 0x07, 0xf2, 0x09, 0xf4, 0x00, 0x0e, 0xff,
    0xff, 0xff, 0xff, 0x60, 0x09, 0xf0, 0x2f, 0xc0,
    0x00, 0x0e, 0x80, 0x00, 0x00, 0x00, 0x00, 0x0d,
    0xe0, 0x3e, 0x40, 0x00, 0x05, 0x30, 0x00, 0x00,
    0x09, 0x87, 0xaf, 0x90, 0x01, 0x00, 0x00, 0x00,
    0x00, 0x00, 0x00, 0x09, 0xff, 0xfb, 0x10,

    /* U+5C42 "层" */
    0x00, 0x0a, 0xff, 0xff, 0xff, 0xff, 0xff, 0xff,
    0xff, 0xff, 0xf3, 0x00, 0x00, 0xbf, 0x66, 0x66,
    0x66, 0x66, 0x66, 0x66, 0x66, 0xaf, 0x30, 0x00,
    0x0b, 0xe0, 0x00, 0x00, 0x00, 0x00, 0x00, 0x00,
    0x06, 0xf3, 0x00, 0x00, 0xbe, 0x00, 0x00, 0x00,
    0x00, 0x00, 0x00, 0x00, 0x6f, 0x30, 0x00, 0x0b,
    0xf7, 0x77, 0x77, 0x77, 0x77, 0x77, 0x77, 0x7a,
    0xf3, 0x00, 0x00, 0xbf, 0xff, 0xff, 0xff, 0xff,
    0xff, 0xff, 0xff, 0xff, 0x30, 0x00, 0x0b, 0xe0,
    0x00, 0x00, 0x00, 0x00, 0x00, 0x00, 0x00, 0x00,
    0x00, 0x00, 0xbe, 0x00, 0x00, 0x00, 0x00, 0x00,
    0x00, 0x00, 0x00, 0x00, 0x00, 0x0b, 0xe0, 0x0a,
    0xff, 0xff, 0xff, 0xff, 0xff, 0xff, 0xe0, 0x00,
    0x00, 0xcd, 0x00, 0x57, 0x77, 0x77, 0x77, 0x77,
    0x77, 0x77, 0x00, 0x00, 0x0c, 0xd0, 0x00, 0x00,
    0x00, 0x00, 0x00, 0x00, 0x00, 0x00, 0x00, 0x00,
    0xeb, 0x00, 0x00, 0x00, 0x00, 0x00, 0x00, 0x00,
    0x00, 0x00, 0x00, 0x0f, 0x94, 0xff, 0xff, 0xff,
    0xff, 0xff, 0xff, 0xff, 0xff, 0x90, 0x01, 0xf8,
    0x27, 0x77, 0x7b, 0xfc, 0x77, 0x77, 0x77, 0x77,
    0x74, 0x00, 0x4f, 0x50, 0x00, 0x00, 0xef, 0x20,
    0x00, 0x17, 0x10, 0x00, 0x00, 0x07, 0xf2, 0x00,
    0x00, 0x9f, 0x60, 0x00, 0x02, 0xfa, 0x00, 0x00,
    0x00, 0xbe, 0x00, 0x00, 0x4f, 0xb0, 0x00, 0x00,
    0x08, 0xf4, 0x00, 0x00, 0x0f, 0xb0, 0x00, 0x1e,
    0xe1, 0x00, 0x00, 0x00, 0x0e, 0xe1, 0x00, 0x06,
    0xf5, 0x00, 0x2d, 0xf5, 0x34, 0x56, 0x78, 0x9a,
    0xdf, 0x90, 0x00, 0xde, 0x00, 0x09, 0xff, 0xff,
    0xff, 0xfe, 0xdc, 0xba, 0xcf, 0x30, 0x09, 0x70,
    0x00, 0x27, 0x54, 0x31, 0x00, 0x00, 0x00, 0x02,
    0xf8, 0x00, 0x00, 0x00, 0x00, 0x00, 0x00, 0x00,
    0x00, 0x00, 0x00, 0x01, 0x00,

    /* U+5DE6 "左" */
    0x00, 0x00, 0x00, 0x00, 0x4d, 0x40, 0x00, 0x00,
    0x00, 0x00, 0x00, 0x00, 0x00, 0x00, 0x00, 0x08,
    0xf2, 0x00, 0x00, 0x00, 0x00, 0x00, 0x00, 0x00,
    0x00, 0x00, 0x00, 0xbf, 0x00, 0x00, 0x00, 0x00,
    0x00, 0x00, 0x00, 0x00, 0x00, 0x00, 0x0e, 0xc0,
    0x00, 0x00, 0x00, 0x00, 0x00, 0x00, 0x04, 0x99,
    0x99, 0x99, 0xfd, 0x99, 0x99, 0x99, 0x99, 0x99,
    0x99, 0x00, 0x8f, 0xff, 0xff, 0xff, 0xff, 0xff,
    0xff, 0xff, 0xff, 0xff, 0xf1, 0x00, 0x00, 0x00,
    0x09, 0xf1, 0x00, 0x00, 0x00, 0x00, 0x00, 0x00,
    0x00, 0x00, 0x00, 0x00, 0xec, 0x00, 0x00, 0x00,
    0x00, 0x00, 0x00, 0x00, 0x00, 0x00, 0x00, 0x3f,
    0x70, 0x00, 0x00, 0x00, 0x00, 0x00, 0x00, 0x00,
    0x00, 0x00, 0x08, 0xf2, 0x00, 0x00, 0x00, 0x00,
    0x00, 0x00, 0x00, 0x00, 0x00, 0x00, 0xee, 0x77,
    0x77, 0x77, 0x77, 0x77, 0x77, 0x73, 0x00, 0x00,
    0x00, 0x5f, 0x9f, 0xff, 0xff, 0xff, 0xff, 0xff,
    0xff, 0x60, 0x00, 0x00, 0x0c, 0xe0, 0x00, 0x00,
    0x0b, 0xe0, 0x00, 0x00, 0x00, 0x00, 0x00, 0x04,
    0xf8, 0x00, 0x00, 0x00, 0xbe, 0x00, 0x00, 0x00,
    0x00, 0x00, 0x00, 0xde, 0x00, 0x00, 0x00, 0x0b,
    0xe0, 0x00, 0x00, 0x00, 0x00, 0x00, 0x8f, 0x50,
    0x00, 0x00, 0x00, 0xbe, 0x00, 0x00, 0x00, 0x00,
    0x00, 0x3f, 0xb0, 0x00, 0x00, 0x00, 0x0b, 0xe0,
    0x00, 0x00, 0x00, 0x00, 0x2e, 0xe2, 0x00, 0x00,
    0x00, 0x00, 0xbe, 0x00, 0x00, 0x00, 0x00, 0x1d,
    0xf3, 0x00, 0x00, 0x00, 0x00, 0x0b, 0xe0, 0x00,
    0x00, 0x00, 0x02, 0xe5, 0x00, 0x58, 0x88, 0x88,
    0x88, 0xdf, 0x88, 0x88, 0x88, 0x84, 0x01, 0x00,
    0x0a, 0xff, 0xff, 0xff, 0xff, 0xff, 0xff, 0xff,
    0xff, 0x80, 0x00, 0x00, 0x00, 0x00, 0x00, 0x00,
    0x00, 0x00, 0x00, 0x00, 0x00,

    /* U+5DF2 "已" */
    0x89, 0x99, 0x99, 0x99, 0x99, 0x99, 0x99, 0x99,
    0x95, 0x00, 0x0d, 0xff, 0xff, 0xff, 0xff, 0xff,
    0xff, 0xff, 0xff, 0x90, 0x00, 0x00, 0x00, 0x00,
    0x00, 0x00, 0x00, 0x00, 0x00, 0xf9, 0x00, 0x00,
    0x00, 0x00, 0x00, 0x00, 0x00, 0x00, 0x00, 0x0f,
    0x90, 0x00, 0x00, 0x00, 0x00, 0x00, 0x00, 0x00,
    0x00, 0x00, 0xf9, 0x00, 0x00, 0x6b, 0x00, 0x00,
    0x00, 0x00, 0x00, 0x00, 0x0f, 0x90, 0x00, 0x08,
    0xf1, 0x00, 0x00, 0x00, 0x00, 0x00, 0x00, 0xf9,
    0x00, 0x00, 0x8f, 0x10, 0x00, 0x00, 0x00, 0x00,
    0x00, 0x0f, 0x90, 0x00, 0x08, 0xf9, 0x88, 0x88,
    0x88, 0x88, 0x88, 0x88, 0xf9, 0x00, 0x00, 0x8f,
    0xff, 0xff, 0xff, 0xff, 0xff, 0xff, 0xff, 0x90,
    0x00, 0x08, 0xf1, 0x00, 0x00, 0x00, 0x00, 0x00,
    0x01, 0xf9, 0x00, 0x00, 0x8f, 0x10, 0x00, 0x00,
    0x00, 0x00, 0x00, 0x04, 0x30, 0x00, 0x08, 0xf1,
    0x00, 0x00, 0x00, 0x00, 0x00, 0x00, 0x00, 0x00,
    0x00, 0x8f, 0x10, 0x00, 0x00, 0x00, 0x00, 0x00,
    0x00, 0x00, 0x00, 0x08, 0xf1, 0x00, 0x00, 0x00,
    0x00, 0x00, 0x00, 0x00, 0x0b, 0x30, 0x8f, 0x10,
    0x00, 0x00, 0x00, 0x00, 0x00, 0x00, 0x01, 0xf9,
    0x08, 0xf1, 0x00, 0x00, 0x00, 0x00, 0x00, 0x00,
    0x00, 0x3f, 0x70, 0x8f, 0x10, 0x00, 0x00, 0x00,
    0x00, 0x00, 0x00, 0x08, 0xf4, 0x06, 0xf5, 0x00,
    0x00, 0x00, 0x00, 0x00, 0x00, 0x01, 0xef, 0x00,
    0x2f, 0xfc, 0xa9, 0x99, 0x99, 0x99, 0x99, 0x9b,
    0xef, 0x70, 0x00, 0x3a, 0xef, 0xff, 0xff, 0xff,
    0xff, 0xff, 0xfc, 0x50, 0x00,

    /* U+5E03 "布" */
    0x00, 0x00, 0x00, 0x00, 0x01, 0x00, 0x00, 0x00,
    0x00, 0x00, 0x00, 0x00, 0x00, 0x00, 0x00, 0x5f,
    0x60, 0x00, 0x00, 0x00, 0x00, 0x00, 0x00, 0x00,
    0x00, 0x00, 0xbf, 0x10, 0x00, 0x00, 0x00, 0x00,
    0x00, 0x00, 0x00, 0x00, 0x01, 0xfb, 0x00, 0x00,
    0x00, 0x00, 0x00, 0x00, 0x28, 0x88, 0x88, 0x8a,
    0xfb, 0x88, 0x88, 0x88, 0x88, 0x88, 0x86, 0x4f,
    0xff, 0xff, 0xff, 0xff, 0xff, 0xff, 0xff, 0xff,
    0xff, 0xfc, 0x00, 0x00, 0x00, 0x7f, 0x60, 0x00,
    0x00, 0x00, 0x00, 0x00, 0x00, 0x00, 0x00, 0x01,
    0xfc, 0x00, 0x03, 0x81, 0x00, 0x00, 0x00, 0x00,
    0x00, 0x00, 0x0b, 0xf3, 0x00, 0x07, 0xf2, 0x00,
    0x00, 0x00, 0x00, 0x00, 0x00, 0x5f, 0x90, 0x00,
    0x07, 0xf2, 0x00, 0x00, 0x00, 0x00, 0x00, 0x01,
    0xef, 0x97, 0x77, 0x7b, 0xf9, 0x77, 0x77, 0x77,
    0x30, 0x00, 0x0c, 0xff, 0xff, 0xff, 0xff, 0xff,
    0xff, 0xff, 0xff, 0x60, 0x00, 0xcf, 0xcf, 0x30,
    0x00, 0x07, 0xf2, 0x00, 0x00, 0x3f, 0x60, 0x2d,
    0xf5, 0x6f, 0x20, 0x00, 0x07, 0xf2, 0x00, 0x00,
    0x3f, 0x60, 0xcf, 0x40, 0x6f, 0x20, 0x00, 0x07,
    0xf2, 0x00, 0x00, 0x3f, 0x60, 0x24, 0x00, 0x6f,
    0x20, 0x00, 0x07, 0xf2, 0x00, 0x00, 0x3f, 0x60,
    0x00, 0x00, 0x6f, 0x20, 0x00, 0x07, 0xf2, 0x00,
    0x00, 0x3f, 0x60, 0x00, 0x00, 0x6f, 0x20, 0x00,
    0x07, 0xf2, 0x00, 0x00, 0x3f, 0x60, 0x00, 0x00,
    0x6f, 0x20, 0x00, 0x07, 0xf2, 0x01, 0x10, 0x4f,
    0x60, 0x00, 0x00, 0x6f, 0x20, 0x00, 0x07, 0xf2,
    0x0e, 0xff, 0xff, 0x20, 0x00, 0x00, 0x26, 0x10,
    0x00, 0x07, 0xf2, 0x03, 0x55, 0x41, 0x00, 0x00,
    0x00, 0x00, 0x00, 0x00, 0x07, 0xf2, 0x00, 0x00,
    0x00, 0x00, 0x00, 0x00, 0x00, 0x00, 0x00, 0x07,
    0xf2, 0x00, 0x00, 0x00, 0x00,

    /* U+5E38 "常" */
    0x00, 0x00, 0x00, 0x00, 0x01, 0x20, 0x00, 0x00,
    0x00, 0x00, 0x00, 0x5b, 0x10, 0x00, 0x0b, 0xe0,
    0x00, 0x00, 0xb8, 0x00, 0x00, 0x3f, 0xc0, 0x00,
    0x0b, 0xe0, 0x00, 0x06, 0xf7, 0x00, 0x00, 0x07,
    0xf6, 0x00, 0x0b, 0xe0, 0x00, 0x2f, 0xa0, 0x00,
    0x44, 0x45, 0xd6, 0x44, 0x4c, 0xf4, 0x44, 0x6c,
    0x54, 0x44, 0xef, 0xff, 0xff, 0xff, 0xff, 0xff,
    0xff, 0xff, 0xff, 0xff, 0xea, 0x11, 0x11, 0x11,
    0x11, 0x11, 0x11, 0x11, 0x11, 0xaf, 0xe9, 0x00,
    0x11, 0x11, 0x11, 0x11, 0x11, 0x11, 0x00, 0x9f,
    0xe9, 0x01, 0xff, 0xff, 0xff, 0xff, 0xff, 0xff,
    0x80, 0x9f, 0xa7, 0x01, 0xf9, 0x22, 0x22, 0x22,
    0x22, 0x3f, 0x80, 0x7b, 0x00, 0x01, 0xf7, 0x00,
    0x00, 0x00, 0x00, 0x1f, 0x80, 0x00, 0x00, 0x01,
    0xfa, 0x44, 0x44, 0x44, 0x44, 0x5f, 0x80, 0x00,
    0x00, 0x01, 0xff, 0xff, 0xff, 0xff, 0xff, 0xff,
    0x80, 0x00, 0x00, 0x00, 0x00, 0x00, 0x08, 0xf0,
    0x00, 0x00, 0x00, 0x00, 0x00, 0x00, 0x00, 0x00,
    0x08, 0xf0, 0x00, 0x00, 0x00, 0x00, 0x05, 0xff,
    0xff, 0xff, 0xff, 0xff, 0xff, 0xff, 0xff, 0x80,
    0x05, 0xfa, 0x77, 0x77, 0x7c, 0xf8, 0x77, 0x77,
    0x7f, 0x80, 0x05, 0xf5, 0x00, 0x00, 0x08, 0xf0,
    0x00, 0x00, 0x0f, 0x80, 0x05, 0xf5, 0x00, 0x00,
    0x08, 0xf0, 0x00, 0x00, 0x0f, 0x80, 0x05, 0xf5,
    0x00, 0x00, 0x08, 0xf0, 0x00, 0x00, 0x0f, 0x80,
    0x05, 0xf5, 0x00, 0x00, 0x08, 0xf0, 0x03, 0x66,
    0x6f, 0x70, 0x05, 0xf5, 0x00, 0x00, 0x08, 0xf0,
    0x04, 0xff, 0xfc, 0x20, 0x00, 0x00, 0x00, 0x00,
    0x08, 0xf0, 0x00, 0x00, 0x00, 0x00,

    /* U+5E8F "序" */
    0x00, 0x00, 0x00, 0x00, 0x00, 0x00, 0x20, 0x00,
    0x00, 0x00, 0x00, 0x00, 0x00, 0x00, 0x00, 0x00,
    0x00, 0x6f, 0x40, 0x00, 0x00, 0x00, 0x00, 0x00,
    0x00, 0x00, 0x00, 0x00, 0x00, 0xed, 0x00, 0x00,
    0x00, 0x00, 0x00, 0x00, 0x77, 0x77, 0x77, 0x77,
    0x7c, 0xf9, 0x77, 0x77, 0x77, 0x75, 0x00, 0x1f,
    0xff, 0xff, 0xff, 0xff, 0xff, 0xff, 0xff, 0xff,
    0xff, 0xc0, 0x01, 0xf8, 0x00, 0x00, 0x00, 0x00,
    0x00, 0x00, 0x00, 0x00, 0x00, 0x00, 0x1f, 0x70,
    0x01, 0x11, 0x11, 0x11, 0x11, 0x11, 0x11, 0x00,
    0x00, 0x01, 0xf7, 0x02, 0xff, 0xff, 0xff, 0xff,
    0xff, 0xff, 0xf2, 0x00, 0x00, 0x1f, 0x70, 0x03,
    0x33, 0x33, 0x33, 0x33, 0x4d, 0xf7, 0x00, 0x00,
    0x01, 0xf7, 0x00, 0x00, 0x44, 0x00, 0x00, 0x3d,
    0xf4, 0x00, 0x00, 0x00, 0x1f, 0x70, 0x00, 0x09,
    0xfd, 0x61, 0x9f, 0xa1, 0x00, 0x00, 0x00, 0x01,
    0xf7, 0x00, 0x00, 0x01, 0x9f, 0xff, 0x60, 0x00,
    0x00, 0x00, 0x00, 0x2f, 0x60, 0x11, 0x11, 0x11,
    0x3a, 0xfe, 0x61, 0x11, 0x11, 0x00, 0x02, 0xf6,
    0x9f, 0xff, 0xff, 0xff, 0xff, 0xff, 0xff, 0xff,
    0xf6, 0x00, 0x4f, 0x43, 0x55, 0x55, 0x55, 0x5f,
    0xc5, 0x55, 0x56, 0xfc, 0x00, 0x05, 0xf2, 0x00,
    0x00, 0x00, 0x00, 0xea, 0x00, 0x00, 0xbf, 0x20,
    0x00, 0x7f, 0x10, 0x00, 0x00, 0x00, 0x0e, 0xa0,
    0x00, 0x9f, 0x40, 0x00, 0x0a, 0xe0, 0x00, 0x00,
    0x00, 0x00, 0xea, 0x00, 0x3f, 0x60, 0x00, 0x00,
    0xea, 0x00, 0x00, 0x00, 0x00, 0x0e, 0xa0, 0x00,
    0x00, 0x00, 0x00, 0x2f, 0x70, 0x00, 0x00, 0x00,
    0x00, 0xea, 0x00, 0x00, 0x00, 0x00, 0x08, 0xf2,
    0x00, 0x00, 0x00, 0x00, 0x0e, 0xa0, 0x00, 0x00,
    0x00, 0x00, 0xec, 0x00, 0x00, 0x02, 0x87, 0x78,
    0xf8, 0x00, 0x00, 0x00, 0x00, 0x09, 0x50, 0x00,
    0x00, 0x0e, 0xff, 0xeb, 0x20, 0x00, 0x00, 0x00,
    0x00, 0x00, 0x00, 0x00, 0x00, 0x00, 0x00, 0x00,
    0x00, 0x00, 0x00, 0x00,

    /* U+5EA6 "度" */
    0x00, 0x00, 0x00, 0x00, 0x00, 0x00, 0x00, 0x00,
    0x00, 0x00, 0x00, 0x00, 0x00, 0x00, 0x00, 0x00,
    0x00, 0x04, 0xf6, 0x00, 0x00, 0x00, 0x00, 0x00,
    0x00, 0x00, 0x00, 0x00, 0x00, 0x00, 0xed, 0x00,
    0x00, 0x00, 0x00, 0x00, 0x00, 0x08, 0x99, 0x99,
    0x99, 0x99, 0xdf, 0xa9, 0x99, 0x99, 0x99, 0x60,
    0x00, 0x0e, 0xff, 0xff, 0xff, 0xff, 0xff, 0xff,
    0xff, 0xff, 0xff, 0xb0, 0x00, 0x0e, 0xa0, 0x00,
    0x05, 0x70, 0x00, 0x00, 0x08, 0x40, 0x00, 0x00,
    0x00, 0x0e, 0xa0, 0x00, 0x09, 0xe0, 0x00, 0x00,
    0x1f, 0x70, 0x00, 0x00, 0x00, 0x0e, 0xa3, 0x55,
    0x5b, 0xf5, 0x55, 0x55, 0x6f, 0xa5, 0x55, 0x20,
    0x00, 0x0e, 0xaa, 0xff, 0xff, 0xff, 0xff, 0xff,
    0xff, 0xff, 0xff, 0x70, 0x00, 0x0e, 0xa0, 0x00,
    0x09, 0xe0, 0x00, 0x00, 0x1f, 0x70, 0x00, 0x00,
    0x00, 0x0e, 0xa0, 0x00, 0x09, 0xe0, 0x00, 0x00,
    0x1f, 0x70, 0x00, 0x00, 0x00, 0x0f, 0xa0, 0x00,
    0x09, 0xf4, 0x44, 0x44, 0x5f, 0x70, 0x00, 0x00,
    0x00, 0x0f, 0x90, 0x00, 0x09, 0xff, 0xff, 0xff,
    0xff, 0x70, 0x00, 0x00, 0x00, 0x0f, 0x90, 0x00,
    0x00, 0x00, 0x00, 0x00, 0x00, 0x00, 0x00, 0x00,
    0x00, 0x1f, 0x71, 0x55, 0x55, 0x55, 0x55, 0x55,
    0x55, 0x55, 0x00, 0x00, 0x00, 0x3f, 0x54, 0xff,
    0xff, 0xff, 0xff, 0xff, 0xff, 0xff, 0x60, 0x00,
    0x00, 0x5f, 0x40, 0x00, 0x7f, 0x40, 0x00, 0x00,
    0x04, 0xfa, 0x00, 0x00, 0x00, 0x8f, 0x10, 0x00,
    0x0b, 0xf5, 0x00, 0x00, 0x4f, 0xc0, 0x00, 0x00,
    0x00, 0xcd, 0x00, 0x00, 0x00, 0xaf, 0xa1, 0x2a,
    0xf9, 0x00, 0x00, 0x00, 0x00, 0xfa, 0x00, 0x00,
    0x00, 0x06, 0xff, 0xfe, 0x40, 0x00, 0x00, 0x00,
    0x06, 0xf4, 0x00, 0x00, 0x37, 0xbf, 0xfd, 0xef,
    0xd8, 0x40, 0x00, 0x00, 0x0c, 0xe0, 0x3c, 0xef,
    0xff, 0xb7, 0x20, 0x04, 0xaf, 0xff, 0xeb, 0x80,
    0x07, 0x70, 0x0a, 0x85, 0x30, 0x00, 0x00, 0x00,
    0x00, 0x36, 0x9c, 0x50,

    /* U+5EF6 "延" */
    0x00, 0x00, 0x00, 0x00, 0x00, 0x00, 0x00, 0x00,
    0x00, 0x27, 0xc5, 0x00, 0x05, 0x77, 0x77, 0x87,
    0x00, 0x00, 0x13, 0x68, 0xbf, 0xff, 0xd8, 0x00,
    0x0b, 0xff, 0xff, 0xfc, 0x03, 0xce, 0xff, 0xff,
    0xf8, 0x51, 0x00, 0x00, 0x00, 0x00, 0x06, 0xf3,
    0x01, 0x97, 0x53, 0x08, 0xf1, 0x00, 0x00, 0x00,
    0x00, 0x00, 0x0e, 0xb0, 0x00, 0x00, 0x00, 0x08,
    0xf1, 0x00, 0x00, 0x00, 0x00, 0x00, 0x7f, 0x20,
    0x00, 0x00, 0x00, 0x08, 0xf1, 0x00, 0x00, 0x00,
    0x00, 0x01, 0xf8, 0x00, 0x00, 0x36, 0x00, 0x08,
    0xf1, 0x00, 0x00, 0x00, 0x00, 0x0a, 0xe0, 0x00,
    0x00, 0x8f, 0x00, 0x08, 0xf2, 0x11, 0x11, 0x00,
    0x00, 0x7f, 0xb8, 0x88, 0x30, 0x8f, 0x00, 0x08,
    0xff, 0xff, 0xff, 0x60, 0x03, 0xff, 0xff, 0xff,
    0x70, 0x8f, 0x00, 0x08, 0xf7, 0x66, 0x66, 0x20,
    0x00, 0x30, 0x00, 0x3f, 0x30, 0x8f, 0x00, 0x08,
    0xf1, 0x00, 0x00, 0x00, 0x00, 0x00, 0x00, 0x7f,
    0x00, 0x8f, 0x00, 0x08, 0xf1, 0x00, 0x00, 0x00,
    0x00, 0xc7, 0x00, 0xad, 0x00, 0x8f, 0x00, 0x08,
    0xf1, 0x00, 0x00, 0x00, 0x00, 0x8d, 0x00, 0xea,
    0x00, 0x8f, 0x00, 0x08, 0xf1, 0x00, 0x00, 0x00,
    0x00, 0x2f, 0x65, 0xf4, 0x00, 0x8f, 0x00, 0x08,
    0xf1, 0x00, 0x00, 0x00, 0x00, 0x0a, 0xec, 0xd0,
    0x00, 0x8f, 0x66, 0x6b, 0xf7, 0x66, 0x66, 0x30,
    0x00, 0x01, 0xef, 0x70, 0x00, 0x8f, 0xff, 0xff,
    0xff, 0xff, 0xff, 0x90, 0x00, 0x00, 0xcf, 0xc1,
    0x00, 0x01, 0x11, 0x11, 0x11, 0x11, 0x11, 0x00,
    0x00, 0x06, 0xfe, 0xfd, 0x30, 0x00, 0x00, 0x00,
    0x00, 0x00, 0x00, 0x00, 0x00, 0x2f, 0xe1, 0x6f,
    0xfb, 0x40, 0x00, 0x00, 0x00, 0x00, 0x00, 0x00,
    0x02, 0xdf, 0x40, 0x03, 0xaf, 0xff, 0xda, 0x98,
    0x88, 0x88, 0x88, 0x80, 0x0d, 0xf6, 0x00, 0x00,
    0x01, 0x69, 0xce, 0xef, 0xff, 0xff, 0xff, 0x90,
    0x05, 0x50, 0x00, 0x00, 0x00, 0x00, 0x00, 0x00,
    0x00, 0x00, 0x00, 0x00,

    /* U+5EFA "建" */
    0x00, 0x00, 0x00, 0x00, 0x00, 0x00, 0x00, 0x00,
    0x00, 0x00, 0x00, 0x00, 0x00, 0x00, 0x00, 0x00,
    0x00, 0x00, 0x00, 0xf9, 0x00, 0x00, 0x00, 0x00,
    0x03, 0x88, 0x88, 0x97, 0x00, 0x00, 0x00, 0xf9,
    0x00, 0x00, 0x00, 0x00, 0x06, 0xee, 0xee, 0xfc,
    0x07, 0xff, 0xff, 0xff, 0xff, 0xff, 0xf0, 0x00,
    0x00, 0x00, 0x07, 0xf3, 0x02, 0x55, 0x55, 0xfb,
    0x55, 0x5a, 0xf0, 0x00, 0x00, 0x00, 0x0e, 0xb0,
    0x00, 0x00, 0x00, 0xf9, 0x00, 0x07, 0xf0, 0x00,
    0x00, 0x00, 0x7f, 0x30, 0xbb, 0xbb, 0xbb, 0xfe,
    0xbb, 0xbd, 0xfb, 0x80, 0x00, 0x01, 0xf9, 0x00,
    0x88, 0x88, 0x88, 0xfd, 0x88, 0x8c, 0xf8, 0x60,
    0x00, 0x0a, 0xe0, 0x00, 0x00, 0x00, 0x00, 0xf9,
    0x00, 0x07, 0xf0, 0x00, 0x00, 0x7f, 0xda, 0xa9,
    0x04, 0x77, 0x77, 0xfc, 0x77, 0x7b, 0xf0, 0x00,
    0x02, 0xfc, 0xcc, 0xed, 0x09, 0xdd, 0xdd, 0xff,
    0xdd, 0xdd, 0xd0, 0x00, 0x00, 0x20, 0x00, 0xda,
    0x00, 0x00, 0x00, 0xf9, 0x00, 0x00, 0x00, 0x00,
    0x00, 0x00, 0x00, 0xf7, 0x02, 0x22, 0x22, 0xfa,
    0x22, 0x22, 0x21, 0x00, 0x00, 0xd7, 0x03, 0xf4,
    0x0e, 0xff, 0xff, 0xff, 0xff, 0xff, 0xf9, 0x00,
    0x00, 0x9c, 0x07, 0xf1, 0x01, 0x11, 0x11, 0xfa,
    0x11, 0x11, 0x10, 0x00, 0x00, 0x3f, 0x4c, 0xb0,
    0x00, 0x00, 0x00, 0xf9, 0x00, 0x00, 0x00, 0x00,
    0x00, 0x0b, 0xdf, 0x50, 0xce, 0xee, 0xee, 0xff,
    0xee, 0xee, 0xee, 0x70, 0x00, 0x02, 0xff, 0x00,
    0x56, 0x66, 0x66, 0xfc, 0x66, 0x66, 0x66, 0x30,
    0x00, 0x02, 0xff, 0x90, 0x00, 0x00, 0x00, 0xf9,
    0x00, 0x00, 0x00, 0x00, 0x00, 0x0a, 0xf8, 0xfa,
    0x00, 0x00, 0x00, 0xe9, 0x00, 0x00, 0x00, 0x00,
    0x00, 0x4f, 0x70, 0x6f, 0xe8, 0x10, 0x00, 0x00,
    0x00, 0x00, 0x00, 0x00, 0x03, 0xfd, 0x00, 0x02,
    0xaf, 0xfe, 0xa9, 0x87, 0x77, 0x77, 0x77, 0x70,
    0x0c, 0xe2, 0x00, 0x00, 0x02, 0x69, 0xce, 0xef,
    0xff, 0xff, 0xff, 0xa0, 0x02, 0x30, 0x00, 0x00,
    0x00, 0x00, 0x00, 0x00, 0x00, 0x00, 0x00, 0x00,

    /* U+5F03 "弃" */
    0x00, 0x00, 0x00, 0x00, 0x00, 0x02, 0x00, 0x00,
    0x00, 0x00, 0x00, 0x00, 0x00, 0x00, 0x00, 0x00,
    0x0b, 0xe1, 0x00, 0x00, 0x00, 0x00, 0x00, 0x00,
    0x00, 0x00, 0x00, 0x00, 0x3f, 0x90, 0x00, 0x00,
    0x00, 0x00, 0x00, 0x67, 0x77, 0x77, 0x77, 0x77,
    0xef, 0x87, 0x77, 0x77, 0x77, 0x73, 0x0d, 0xff,
    0xff, 0xff, 0xff, 0xff, 0xff, 0xff, 0xff, 0xff,
    0xff, 0x60, 0x00, 0x00, 0x00, 0x1d, 0xf4, 0x00,
    0x01, 0x40, 0x00, 0x00, 0x00, 0x00, 0x00, 0x00,
    0x1d, 0xf4, 0x00, 0x00, 0x9f, 0x90, 0x00, 0x00,
    0x00, 0x00, 0x00, 0x2d, 0xe3, 0x00, 0x00, 0x00,
    0x7f, 0xb1, 0x00, 0x00, 0x00, 0x00, 0x4e, 0xd2,
    0x00, 0x00, 0x00, 0x11, 0x7f, 0xd1, 0x00, 0x00,
    0x00, 0x8f, 0xfd, 0xcd, 0xee, 0xff, 0xff, 0xff,
    0xff, 0xd2, 0x00, 0x00, 0x08, 0xdc, 0xba, 0x98,
    0x77, 0x65, 0x44, 0x32, 0x5f, 0xd0, 0x00, 0x00,
    0x00, 0x00, 0x10, 0x00, 0x00, 0x00, 0x22, 0x00,
    0x64, 0x00, 0x00, 0x00, 0x00, 0x5f, 0x30, 0x00,
    0x00, 0x0c, 0xd0, 0x00, 0x00, 0x00, 0x00, 0x00,
    0x05, 0xf3, 0x00, 0x00, 0x00, 0xcd, 0x00, 0x00,
    0x00, 0x07, 0x77, 0x77, 0xaf, 0x97, 0x77, 0x77,
    0x7e, 0xe7, 0x77, 0x77, 0x40, 0xff, 0xff, 0xff,
    0xff, 0xff, 0xff, 0xff, 0xff, 0xff, 0xff, 0xf8,
    0x00, 0x00, 0x00, 0x9f, 0x10, 0x00, 0x00, 0x0c,
    0xd0, 0x00, 0x00, 0x00, 0x00, 0x00, 0x0e, 0xd0,
    0x00, 0x00, 0x00, 0xcd, 0x00, 0x00, 0x00, 0x00,
    0x00, 0x07, 0xf6, 0x00, 0x00, 0x00, 0x0c, 0xd0,
    0x00, 0x00, 0x00, 0x00, 0x06, 0xfd, 0x00, 0x00,
    0x00, 0x00, 0xcd, 0x00, 0x00, 0x00, 0x00, 0x09,
    0xfe, 0x20, 0x00, 0x00, 0x00, 0x0c, 0xd0, 0x00,
    0x00, 0x00, 0x8e, 0xfb, 0x10, 0x00, 0x00, 0x00,
    0x00, 0xcd, 0x00, 0x00, 0x00, 0x09, 0xc4, 0x00,
    0x00, 0x00, 0x00, 0x00, 0x0c, 0xd0, 0x00, 0x00,
    0x00, 0x00, 0x00, 0x00, 0x00, 0x00, 0x00, 0x00,
    0x00, 0x00, 0x00, 0x00,

    /* U+5F0F "式" */
    0x00, 0x00, 0x00, 0x00, 0x00, 0x00, 0x00, 0x00,
    0x00, 0x00, 0x00, 0x00, 0x00, 0x00, 0x00, 0x00,
    0x00, 0x01, 0xf9, 0x04, 0xb1, 0x00, 0x00, 0x00,
    0x00, 0x00, 0x00, 0x00, 0x00, 0x1f, 0x90, 0x3e,
    0xe4, 0x00, 0x00, 0x00, 0x00, 0x00, 0x00, 0x00,
    0x00, 0xfa, 0x00, 0x1c, 0xf5, 0x00, 0x00, 0x00,
    0x00, 0x00, 0x00, 0x00, 0x0f, 0xa0, 0x00, 0x0c,
    0x50, 0x03, 0x88, 0x88, 0x88, 0x88, 0x88, 0x88,
    0xfd, 0x88, 0x88, 0x88, 0x80, 0x6f, 0xff, 0xff,
    0xff, 0xff, 0xff, 0xff, 0xff, 0xff, 0xff, 0xfe,
    0x00, 0x00, 0x00, 0x00, 0x00, 0x00, 0x00, 0xdd,
    0x00, 0x00, 0x00, 0x00, 0x00, 0x00, 0x00, 0x00,
    0x00, 0x00, 0x0b, 0xe0, 0x00, 0x00, 0x00, 0x00,
    0x00, 0x00, 0x00, 0x00, 0x00, 0x00, 0xaf, 0x00,
    0x00, 0x00, 0x00, 0x00, 0x00, 0x00, 0x00, 0x00,
    0x00, 0x08, 0xf1, 0x00, 0x00, 0x00, 0x00, 0x9f,
    0xff, 0xff, 0xff, 0xff, 0xf0, 0x6f, 0x40, 0x00,
    0x00, 0x00, 0x04, 0x77, 0x79, 0xfb, 0x77, 0x77,
    0x03, 0xf6, 0x00, 0x00, 0x00, 0x00, 0x00, 0x00,
    0x2f, 0x60, 0x00, 0x00, 0x1f, 0x90, 0x00, 0x00,
    0x00, 0x00, 0x00, 0x02, 0xf6, 0x00, 0x00, 0x00,
    0xdc, 0x00, 0x00, 0x00, 0x00, 0x00, 0x00, 0x2f,
    0x60, 0x00, 0x00, 0x0a, 0xf1, 0x00, 0x00, 0x00,
    0x00, 0x00, 0x02, 0xf6, 0x00, 0x00, 0x00, 0x6f,
    0x50, 0x00, 0x00, 0x00, 0x00, 0x00, 0x2f, 0x60,
    0x00, 0x00, 0x01, 0xfa, 0x00, 0x01, 0xd2, 0x00,
    0x00, 0x02, 0xf6, 0x02, 0x69, 0x90, 0x0b, 0xf1,
    0x00, 0x2f, 0x40, 0x00, 0x02, 0x7f, 0xef, 0xff,
    0xd8, 0x00, 0x4f, 0x90, 0x04, 0xf3, 0x18, 0xbe,
    0xff, 0xfc, 0x95, 0x10, 0x00, 0x00, 0xcf, 0x50,
    0x7f, 0x01, 0xff, 0xb7, 0x40, 0x00, 0x00, 0x00,
    0x00, 0x01, 0xef, 0xcf, 0xb0, 0x02, 0x00, 0x00,
    0x00, 0x00, 0x00, 0x00, 0x00, 0x02, 0xbe, 0xc2,
    0x00,

    /* U+5F53 "当" */
    0x00, 0x00, 0x00, 0x00, 0x02, 0x10, 0x00, 0x00,
    0x00, 0x00, 0x00, 0x00, 0x00, 0x00, 0x0e, 0xc0,
    0x00, 0x00, 0x01, 0x00, 0x0a, 0xb0, 0x00, 0x00,
    0x0e, 0xc0, 0x00, 0x00, 0x1f, 0xc0, 0x07, 0xf7,
    0x00, 0x00, 0x0e, 0xc0, 0x00, 0x00, 0x7f, 0x60,
    0x00, 0xcf, 0x20, 0x00, 0x0e, 0xc0, 0x00, 0x00,
    0xed, 0x00, 0x00, 0x2f, 0xa0, 0x00, 0x0e, 0xc0,
    0x00, 0x07, 0xf4, 0x00, 0x00, 0x0a, 0xf2, 0x00,
    0x0e, 0xc0, 0x00, 0x1f, 0xb0, 0x00, 0x00, 0x03,
    0xe4, 0x00, 0x0e, 0xc0, 0x00, 0x9f, 0x10, 0x00,
    0x00, 0x00, 0x00, 0x00, 0x0e, 0xc0, 0x00, 0x02,
    0x00, 0x00, 0x07, 0x99, 0x99, 0x99, 0x9f, 0xe9,
    0x99, 0x99, 0x99, 0x70, 0x0c, 0xff, 0xff, 0xff,
    0xff, 0xff, 0xff, 0xff, 0xff, 0xb0, 0x00, 0x00,
    0x00, 0x00, 0x00, 0x00, 0x00, 0x00, 0x0f, 0xb0,
    0x00, 0x00, 0x00, 0x00, 0x00, 0x00, 0x00, 0x00,
    0x0f, 0xb0, 0x00, 0x00, 0x00, 0x00, 0x00, 0x00,
    0x00, 0x00, 0x0f, 0xb0, 0x00, 0x77, 0x77, 0x77,
    0x77, 0x77, 0x77, 0x77, 0x7f, 0xb0, 0x00, 0xff,
    0xff, 0xff, 0xff, 0xff, 0xff, 0xff, 0xff, 0xb0,
    0x00, 0x00, 0x00, 0x00, 0x00, 0x00, 0x00, 0x00,
    0x0f, 0xb0, 0x00, 0x00, 0x00, 0x00, 0x00, 0x00,
    0x00, 0x00, 0x0f, 0xb0, 0x00, 0x00, 0x00, 0x00,
    0x00, 0x00, 0x00, 0x00, 0x0f, 0xb0, 0x00, 0x00,
    0x00, 0x00, 0x00, 0x00, 0x00, 0x00, 0x0f, 0xb0,
    0x2a, 0xaa, 0xaa, 0xaa, 0xaa, 0xaa, 0xaa, 0xaa,
    0xaf, 0xb0, 0x3f, 0xff, 0xff, 0xff, 0xff, 0xff,
    0xff, 0xff, 0xff, 0xb0, 0x00, 0x00, 0x00, 0x00,
    0x00, 0x00, 0x00, 0x00, 0x0f, 0xb0,

    /* U+5F55 "录" */
    0x00, 0xbe, 0xee, 0xee, 0xee, 0xee, 0xee, 0xee,
    0xef, 0xc0, 0x00, 0x00, 0x06, 0x88, 0x88, 0x88,
    0x88, 0x88, 0x88, 0x88, 0xfc, 0x00, 0x00, 0x00,
    0x00, 0x00, 0x00, 0x00, 0x00, 0x00, 0x00, 0x0f,
    0xb0, 0x00, 0x00, 0x00, 0x00, 0x00, 0x00, 0x00,
    0x00, 0x00, 0x00, 0xfb, 0x00, 0x00, 0x00, 0x0f,
    0xff, 0xff, 0xff, 0xff, 0xff, 0xff, 0xff, 0xa0,
    0x00, 0x00, 0x00, 0x88, 0x88, 0x88, 0x88, 0x88,
    0x88, 0x89, 0xf9, 0x00, 0x00, 0x00, 0x00, 0x00,
    0x00, 0x00, 0x00, 0x00, 0x00, 0x2f, 0x80, 0x00,
    0x00, 0x00, 0x00, 0x00, 0x00, 0x00, 0x00, 0x00,
    0x04, 0xf7, 0x00, 0x00, 0x2f, 0xff, 0xff, 0xff,
    0xff, 0xff, 0xff, 0xff, 0xff, 0xff, 0xfc, 0x01,
    0x66, 0x66, 0x66, 0x66, 0x6d, 0xf6, 0x66, 0x66,
    0x66, 0x66, 0x50, 0x00, 0x18, 0x10, 0x00, 0x00,
    0xbf, 0x10, 0x00, 0x00, 0x94, 0x00, 0x00, 0x05,
    0xfe, 0x60, 0x00, 0x0b, 0xf9, 0x00, 0x01, 0xcf,
    0x90, 0x00, 0x00, 0x02, 0xbf, 0xb1, 0x00, 0xbf,
    0xf4, 0x03, 0xef, 0x60, 0x00, 0x00, 0x00, 0x00,
    0x7f, 0x90, 0x0b, 0xeb, 0xe8, 0xfd, 0x30, 0x00,
    0x00, 0x00, 0x00, 0x00, 0x30, 0x4b, 0xfe, 0x1e,
    0xf9, 0x00, 0x00, 0x00, 0x00, 0x00, 0x00, 0x17,
    0xdf, 0xde, 0xe0, 0x3e, 0xe4, 0x00, 0x00, 0x00,
    0x00, 0x03, 0x9f, 0xfb, 0x40, 0xbe, 0x00, 0x2e,
    0xf8, 0x00, 0x00, 0x00, 0x6c, 0xff, 0xa2, 0x00,
    0x0b, 0xe0, 0x00, 0x1b, 0xfd, 0x71, 0x00, 0x0c,
    0xe7, 0x10, 0x00, 0x00, 0xbe, 0x00, 0x00, 0x06,
    0xef, 0xf9, 0x00, 0x10, 0x00, 0x02, 0x66, 0x6e,
    0xd0, 0x00, 0x00, 0x00, 0x6c, 0x60, 0x00, 0x00,
    0x00, 0x1f, 0xff, 0xd5, 0x00, 0x00, 0x00, 0x00,
    0x00, 0x00,

    /* U+5F85 "待" */
    0x00, 0x00, 0x00, 0x00, 0x00, 0x00, 0x00, 0x00,
    0x00, 0x00, 0x00, 0x00, 0x00, 0x00, 0x03, 0xe5,
    0x00, 0x00, 0x00, 0x5f, 0x30, 0x00, 0x00, 0x00,
    0x00, 0x00, 0x1e, 0xe1, 0x00, 0x00, 0x00, 0x5f,
    0x30, 0x00, 0x00, 0x00, 0x00, 0x01, 0xdf, 0x30,
    0x00, 0x00, 0x00, 0x5f, 0x30, 0x00, 0x00, 0x00,
    0x00, 0x3e, 0xf4, 0x00, 0x0a, 0xff, 0xff, 0xff,
    0xff, 0xff, 0xfc, 0x00, 0x06, 0xfd, 0x20, 0x00,
    0x06, 0x88, 0x88, 0xbf, 0xa8, 0x88, 0x86, 0x00,
    0x08, 0xc1, 0x00, 0x76, 0x00, 0x00, 0x00, 0x5f,
    0x30, 0x00, 0x00, 0x00, 0x00, 0x00, 0x03, 0xf8,
    0x00, 0x00, 0x00, 0x5f, 0x30, 0x00, 0x00, 0x00,
    0x00, 0x00, 0x1d, 0xd1, 0x33, 0x33, 0x33, 0x8f,
    0x63, 0x33, 0x33, 0x30, 0x00, 0x00, 0xbf, 0x32,
    0xff, 0xff, 0xff, 0xff, 0xff, 0xff, 0xff, 0xf0,
    0x00, 0x0a, 0xff, 0x10, 0x33, 0x33, 0x33, 0x33,
    0x33, 0xfa, 0x33, 0x30, 0x00, 0xaf, 0xef, 0x10,
    0x00, 0x00, 0x00, 0x00, 0x00, 0xf9, 0x00, 0x00,
    0x0c, 0xf9, 0x7f, 0x10, 0x00, 0x00, 0x00, 0x00,
    0x00, 0xf9, 0x00, 0x00, 0x0d, 0x80, 0x7f, 0x10,
    0xdf, 0xff, 0xff, 0xff, 0xff, 0xff, 0xff, 0xd0,
    0x01, 0x00, 0x7f, 0x10, 0x78, 0x88, 0x88, 0x88,
    0x88, 0xfc, 0x88, 0x70, 0x00, 0x00, 0x7f, 0x10,
    0x00, 0x36, 0x00, 0x00, 0x00, 0xf9, 0x00, 0x00,
    0x00, 0x00, 0x7f, 0x10, 0x00, 0x9f, 0x40, 0x00,
    0x00, 0xf9, 0x00, 0x00, 0x00, 0x00, 0x7f, 0x10,
    0x00, 0x0d, 0xe1, 0x00, 0x00, 0xf9, 0x00, 0x00,
    0x00, 0x00, 0x7f, 0x10, 0x00, 0x02, 0xfa, 0x00,
    0x00, 0xf9, 0x00, 0x00, 0x00, 0x00, 0x7f, 0x10,
    0x00, 0x00, 0x9f, 0x10, 0x00, 0xf9, 0x00, 0x00,
    0x00, 0x00, 0x7f, 0x10, 0x00, 0x00, 0x12, 0x00,
    0x00, 0xf9, 0x00, 0x00, 0x00, 0x00, 0x7f, 0x10,
    0x00, 0x00, 0x00, 0x58, 0x89, 0xf7, 0x00, 0x00,
    0x00, 0x00, 0x7f, 0x10, 0x00, 0x00, 0x00, 0x5f,
    0xfe, 0xb1, 0x00, 0x00, 0x00, 0x00, 0x00, 0x00,
    0x00, 0x00, 0x00, 0x00, 0x00, 0x00, 0x00, 0x00,

    /* U+5FBD "徽" */
    0x00, 0x00, 0x10, 0x00, 0x00, 0x23, 0x00, 0x00,
    0x01, 0x20, 0x00, 0x00, 0x00, 0x00, 0xbe, 0x00,
    0x00, 0x9c, 0x00, 0x00, 0x06, 0xf0, 0x00, 0x00,
    0x00, 0x05, 0xf6, 0x07, 0x40, 0x9c, 0x02, 0x90,
    0x09, 0xd0, 0x00, 0x00, 0x00, 0x3f, 0xa0, 0x0b,
    0x70, 0x9c, 0x03, 0xf0, 0x0c, 0xa0, 0x00, 0x00,
    0x02, 0xed, 0x10, 0x0b, 0x70, 0x9c, 0x03, 0xf0,
    0x0f, 0x70, 0x00, 0x00, 0x0d, 0xd1, 0x04, 0x1b,
    0x70, 0x9c, 0x03, 0xf0, 0x2f, 0xb8, 0x88, 0x80,
    0x05, 0x20, 0x3f, 0x7b, 0xff, 0xff, 0xff, 0xf0,
    0x5f, 0xcc, 0xef, 0xc0, 0x00, 0x00, 0xce, 0x04,
    0x55, 0x55, 0x55, 0x50, 0xad, 0x00, 0x7d, 0x00,
    0x00, 0x04, 0xf6, 0x01, 0x11, 0x11, 0x11, 0x10,
    0xfe, 0x00, 0x9b, 0x00, 0x00, 0x0d, 0xf0, 0x1f,
    0xff, 0xff, 0xff, 0xc6, 0xff, 0x10, 0xb9, 0x00,
    0x00, 0x9f, 0xe0, 0x03, 0x36, 0xd4, 0x33, 0x2d,
    0xbf, 0x30, 0xd7, 0x00, 0x05, 0xff, 0xe0, 0x00,
    0x1d, 0xb0, 0x00, 0x0c, 0x3d, 0x60, 0xf5, 0x00,
    0x2f, 0xd8, 0xe0, 0x01, 0xcc, 0x00, 0x8b, 0x01,
    0x0a, 0x92, 0xf2, 0x00, 0x0c, 0x27, 0xe0, 0x1e,
    0xfc, 0xcd, 0xf4, 0x00, 0x07, 0xd6, 0xe0, 0x00,
    0x00, 0x07, 0xe0, 0x09, 0x87, 0xee, 0x32, 0x50,
    0x03, 0xfb, 0x90, 0x00, 0x00, 0x07, 0xe0, 0x00,
    0x3d, 0xb1, 0x03, 0xf1, 0x00, 0xef, 0x50, 0x00,
    0x00, 0x07, 0xe0, 0x29, 0xfe, 0x9b, 0xcd, 0xf9,
    0x00, 0xaf, 0x10, 0x00, 0x00, 0x07, 0xe0, 0x5f,
    0xdb, 0xcf, 0x75, 0x6f, 0x10, 0xbf, 0x20, 0x00,
    0x00, 0x07, 0xe0, 0x01, 0x60, 0x6e, 0x08, 0x23,
    0x05, 0xff, 0xa0, 0x00, 0x00, 0x07, 0xe0, 0x08,
    0xd0, 0x6e, 0x09, 0xc0, 0x0e, 0xa6, 0xf3, 0x00,
    0x00, 0x07, 0xe0, 0x5f, 0x40, 0x6e, 0x00, 0xe6,
    0xce, 0x10, 0xdd, 0x10, 0x00, 0x07, 0xe0, 0x68,
    0x01, 0x8e, 0x00, 0x4d, 0xf3, 0x00, 0x3f, 0xd1,
    0x00, 0x07, 0xe0, 0x00, 0x2f, 0xf9, 0x00, 0x2e,
    0x30, 0x00, 0x04, 0xd1, 0x00, 0x00, 0x10, 0x00,
    0x00, 0x00, 0x00, 0x00, 0x00, 0x00, 0x00, 0x00,

    /* U+6001 "态" */
    0x00, 0x00, 0x00, 0x00, 0x00, 0x48, 0x10, 0x00,
    0x00, 0x00, 0x00, 0x00, 0x00, 0x00, 0x00, 0x00,
    0x0b, 0xf0, 0x00, 0x00, 0x00, 0x00, 0x00, 0x00,
    0x00, 0x00, 0x00, 0x00, 0xdc, 0x00, 0x00, 0x00,
    0x00, 0x00, 0x03, 0x88, 0x88, 0x88, 0x88, 0x8f,
    0xd8, 0x88, 0x88, 0x88, 0x88, 0x80, 0x5f, 0xff,
    0xff, 0xff, 0xff, 0xff, 0xff, 0xff, 0xff, 0xff,
    0xfe, 0x00, 0x00, 0x00, 0x00, 0x00, 0xbf, 0x7f,
    0x40, 0x00, 0x00, 0x00, 0x00, 0x00, 0x00, 0x00,
    0x00, 0x2f, 0x90, 0xed, 0x00, 0x00, 0x00, 0x00,
    0x00, 0x00, 0x00, 0x00, 0x0a, 0xf3, 0x06, 0xf7,
    0x00, 0x00, 0x00, 0x00, 0x00, 0x00, 0x00, 0x07,
    0xf8, 0x00, 0x0c, 0xf5, 0x00, 0x00, 0x00, 0x00,
    0x00, 0x00, 0x06, 0xfc, 0x30, 0x00, 0x1d, 0xf5,
    0x00, 0x00, 0x00, 0x00, 0x00, 0x1a, 0xfd, 0x5f,
    0xd3, 0x00, 0x2e, 0xf9, 0x10, 0x00, 0x00, 0x00,
    0x7e, 0xfb, 0x10, 0x5e, 0xf6, 0x00, 0x1c, 0xfe,
    0x71, 0x00, 0x3a, 0xff, 0xd5, 0x00, 0x00, 0x1d,
    0xf5, 0x00, 0x07, 0xff, 0xfb, 0x02, 0xfb, 0x50,
    0x00, 0x00, 0x14, 0x17, 0x00, 0x00, 0x00, 0x6d,
    0x60, 0x00, 0x00, 0x00, 0x10, 0x09, 0xf6, 0x00,
    0x00, 0x01, 0x50, 0x00, 0x00, 0x02, 0xe4, 0x4f,
    0x40, 0x09, 0xf7, 0x00, 0x00, 0x7f, 0x30, 0x00,
    0x00, 0x7f, 0x14, 0xf4, 0x00, 0x0a, 0xf6, 0x00,
    0x00, 0xec, 0x00, 0x00, 0x0d, 0xc0, 0x4f, 0x40,
    0x00, 0x0c, 0xf1, 0x01, 0x07, 0xf4, 0x00, 0x03,
    0xf7, 0x04, 0xf4, 0x00, 0x00, 0x12, 0x00, 0xab,
    0x0e, 0xc0, 0x00, 0xbf, 0x10, 0x4f, 0x50, 0x00,
    0x00, 0x00, 0x0d, 0xb0, 0x8f, 0x30, 0x3f, 0x90,
    0x02, 0xfd, 0x77, 0x77, 0x77, 0x79, 0xf7, 0x02,
    0xf8, 0x00, 0x41, 0x00, 0x07, 0xef, 0xff, 0xff,
    0xff, 0xea, 0x10, 0x04, 0x00,

    /* U+606F "息" */
    0x00, 0x00, 0x00, 0x00, 0x00, 0x52, 0x00, 0x00,
    0x00, 0x00, 0x00, 0x00, 0x00, 0x00, 0x00, 0x03,
    0xfa, 0x00, 0x00, 0x00, 0x00, 0x00, 0x00, 0x00,
    0x00, 0x00, 0x09, 0xf2, 0x00, 0x00, 0x00, 0x00,
    0x00, 0x00, 0x06, 0xff, 0xff, 0xff, 0xff, 0xff,
    0xff, 0xff, 0x10, 0x00, 0x00, 0x07, 0xf6, 0x55,
    0x55, 0x55, 0x55, 0x55, 0xaf, 0x10, 0x00, 0x00,
    0x07, 0xf1, 0x00, 0x00, 0x00, 0x00, 0x00, 0x7f,
    0x10, 0x00, 0x00, 0x07, 0xf5, 0x44, 0x44, 0x44,
    0x44, 0x44, 0xaf, 0x10, 0x00, 0x00, 0x07, 0xff,
    0xff, 0xff, 0xff, 0xff, 0xff, 0xff, 0x10, 0x00,
    0x00, 0x07, 0xf1, 0x00, 0x00, 0x00, 0x00, 0x00,
    0x7f, 0x10, 0x00, 0x00, 0x07, 0xf4, 0x22, 0x22,
    0x22, 0x22, 0x22, 0x9f, 0x10, 0x00, 0x00, 0x07,
    0xff, 0xff, 0xff, 0xff, 0xff, 0xff, 0xff, 0x10,
    0x00, 0x00, 0x07, 0xf2, 0x11, 0x11, 0x11, 0x11,
    0x11, 0x8f, 0x10, 0x00, 0x00, 0x07, 0xf1, 0x00,
    0x00, 0x00, 0x00, 0x00, 0x7f, 0x10, 0x00, 0x00,
    0x07, 0xff, 0xff, 0xff, 0xff, 0xff, 0xff, 0xff,
    0x10, 0x00, 0x00, 0x02, 0x55, 0x55, 0x58, 0x95,
    0x55, 0x55, 0x55, 0x00, 0x00, 0x00, 0x00, 0x00,
    0x00, 0x0c, 0xe2, 0x00, 0x00, 0x00, 0x00, 0x00,
    0x00, 0x10, 0x03, 0x30, 0x01, 0xed, 0x10, 0x00,
    0x03, 0x90, 0x00, 0x00, 0xda, 0x0d, 0xc0, 0x00,
    0x3f, 0xa0, 0x00, 0x06, 0xf7, 0x00, 0x04, 0xf5,
    0x0d, 0xc0, 0x00, 0x08, 0xf3, 0x01, 0x00, 0xbf,
    0x20, 0x0c, 0xe0, 0x0d, 0xc0, 0x00, 0x00, 0x50,
    0x05, 0xf2, 0x2f, 0xa0, 0x5f, 0x60, 0x0d, 0xc0,
    0x00, 0x00, 0x00, 0x07, 0xf1, 0x0a, 0xf2, 0xbd,
    0x00, 0x0b, 0xf9, 0x77, 0x77, 0x77, 0x8e, 0xd0,
    0x03, 0x81, 0x01, 0x00, 0x03, 0xcf, 0xff, 0xff,
    0xff, 0xfd, 0x30, 0x00, 0x00,

    /* U+610F "意" */
    0x00, 0x00, 0x00, 0x00, 0x00, 0x12, 0x00, 0x00,
    0x00, 0x00, 0x00, 0x00, 0x00, 0x00, 0x00, 0x00,
    0xdd, 0x00, 0x00, 0x00, 0x00, 0x00, 0x00, 0x44,
    0x44, 0x44, 0x44, 0x9f, 0x84, 0x44, 0x44, 0x44,
    0x10, 0x00, 0xff, 0xff, 0xff, 0xff, 0xff, 0xff,
    0xff, 0xff, 0xff, 0x40, 0x00, 0x00, 0x03, 0xd6,
    0x00, 0x00, 0x00, 0x2f, 0x80, 0x00, 0x00, 0x00,
    0x00, 0x00, 0xed, 0x00, 0x00, 0x00, 0x8f, 0x30,
    0x00, 0x00, 0x05, 0x55, 0x55, 0xbf, 0x75, 0x55,
    0x56, 0xed, 0x55, 0x55, 0x53, 0x1f, 0xff, 0xff,
    0xff, 0xff, 0xff, 0xff, 0xff, 0xff, 0xff, 0xf7,
    0x00, 0x00, 0x00, 0x00, 0x00, 0x00, 0x00, 0x00,
    0x00, 0x00, 0x00, 0x00, 0x04, 0xff, 0xff, 0xff,
    0xff, 0xff, 0xff, 0xff, 0xa0, 0x00, 0x00, 0x04,
    0xf7, 0x33, 0x33, 0x33, 0x33, 0x33, 0x3e, 0xb0,
    0x00, 0x00, 0x04, 0xf4, 0x00, 0x00, 0x00, 0x00,
    0x00, 0x0e, 0xb0, 0x00, 0x00, 0x04, 0xff, 0xff,
    0xff, 0xff, 0xff, 0xff, 0xff, 0xb0, 0x00, 0x00,
    0x04, 0xf6, 0x22, 0x22, 0x22, 0x22, 0x22, 0x2e,
    0xb0, 0x00, 0x00, 0x04, 0xf4, 0x00, 0x00, 0x00,
    0x00, 0x00, 0x0e, 0xb0, 0x00, 0x00, 0x04, 0xff,
    0xff, 0xff, 0xff, 0xff, 0xff, 0xff, 0xb0, 0x00,
    0x00, 0x00, 0x22, 0x22, 0x2a, 0xc3, 0x22, 0x22,
    0x22, 0x10, 0x00, 0x00, 0x02, 0x00, 0x23, 0x06,
    0xfe, 0x30, 0x00, 0x06, 0x60, 0x00, 0x00, 0x0e,
    0xa0, 0xae, 0x00, 0x2d, 0xf4, 0x00, 0x07, 0xf5,
    0x00, 0x00, 0x7f, 0x30, 0xae, 0x00, 0x00, 0xa4,
    0x0a, 0x30, 0xaf, 0x30, 0x04, 0xf9, 0x00, 0xae,
    0x00, 0x00, 0x00, 0x0f, 0x60, 0x0d, 0xd0, 0x1e,
    0xd0, 0x00, 0x9f, 0x76, 0x55, 0x56, 0x9f, 0x30,
    0x04, 0xe3, 0x03, 0x20, 0x00, 0x2c, 0xff, 0xff,
    0xff, 0xe9, 0x00, 0x00, 0x00,

    /* U+611F "感" */
    0x00, 0x00, 0x00, 0x00, 0x00, 0x00, 0x4e, 0x31,
    0xc7, 0x10, 0x00, 0x00, 0x00, 0x00, 0x00, 0x00,
    0x00, 0x3f, 0x40, 0x4d, 0xe4, 0x00, 0x00, 0x56,
    0x66, 0x66, 0x66, 0x66, 0x8f, 0xa6, 0x67, 0xe8,
    0x64, 0x00, 0xdf, 0xee, 0xee, 0xee, 0xee, 0xef,
    0xfe, 0xee, 0xee, 0xea, 0x00, 0xd9, 0x00, 0x00,
    0x00, 0x00, 0x0e, 0xa0, 0x00, 0x00, 0x00, 0x00,
    0xd9, 0x6d, 0xdd, 0xdd, 0xdd, 0x1b, 0xd0, 0x00,
    0x8f, 0x10, 0x00, 0xe9, 0x25, 0x55, 0x55, 0x55,
    0x07, 0xf0, 0x00, 0xf9, 0x00, 0x00, 0xe9, 0x00,
    0x00, 0x00, 0x00, 0x04, 0xf5, 0x07, 0xf2, 0x00,
    0x00, 0xf8, 0x2f, 0xff, 0xff, 0xf9, 0x00, 0xea,
    0x2f, 0x90, 0x00, 0x02, 0xf6, 0x2f, 0x63, 0x33,
    0xc9, 0x00, 0x9f, 0xcd, 0x00, 0x00, 0x05, 0xf3,
    0x2f, 0x30, 0x00, 0xb9, 0x00, 0x3f, 0xf3, 0x00,
    0x32, 0x09, 0xf0, 0x2f, 0x40, 0x00, 0xb9, 0x00,
    0xaf, 0xf1, 0x00, 0x7d, 0x0e, 0xb0, 0x2f, 0xff,
    0xff, 0xf9, 0x1b, 0xf8, 0xfc, 0x00, 0xab, 0x7f,
    0x50, 0x02, 0x22, 0x22, 0x24, 0xee, 0x40, 0x5f,
    0xe9, 0xf6, 0x9d, 0x00, 0x00, 0x00, 0x03, 0x20,
    0x62, 0x00, 0x03, 0xbe, 0xa0, 0x03, 0x00, 0x01,
    0x10, 0x0c, 0xe2, 0x00, 0x00, 0x00, 0x00, 0x00,
    0x00, 0x32, 0x0c, 0xc0, 0x01, 0xed, 0x00, 0x00,
    0x05, 0xd2, 0x00, 0x00, 0xdc, 0x0c, 0xc0, 0x00,
    0x3f, 0xa0, 0x00, 0x01, 0xfc, 0x00, 0x05, 0xf4,
    0x0c, 0xc0, 0x00, 0x07, 0xe2, 0x03, 0xe4, 0x6f,
    0x60, 0x1e, 0xc0, 0x0c, 0xd0, 0x00, 0x00, 0x00,
    0x05, 0xf3, 0x0d, 0xe0, 0x9f, 0x30, 0x0b, 0xf6,
    0x54, 0x44, 0x44, 0x5c, 0xf0, 0x05, 0xd3, 0x03,
    0x00, 0x03, 0xcf, 0xff, 0xff, 0xff, 0xfd, 0x50,
    0x00, 0x00,

    /* U+6210 "成" */
    0x00, 0x00, 0x00, 0x00, 0x00, 0x00, 0x01, 0x10,
    0x00, 0x00, 0x00, 0x00, 0x00, 0x00, 0x00, 0x00,
    0x00, 0x00, 0xce, 0x05, 0xb2, 0x00, 0x00, 0x00,
    0x00, 0x00, 0x00, 0x00, 0x00, 0x0b, 0xe0, 0x4d,
    0xf9, 0x00, 0x00, 0x00, 0x00, 0x00, 0x00, 0x00,
    0x00, 0xbe, 0x00, 0x07, 0xfd, 0x20, 0x00, 0x00,
    0x00, 0x00, 0x00, 0x00, 0x0a, 0xf0, 0x00, 0x02,
    0xa0, 0x00, 0x00, 0xcf, 0xff, 0xff, 0xff, 0xff,
    0xff, 0xff, 0xff, 0xff, 0xfb, 0x00, 0x0d, 0xe9,
    0x99, 0x99, 0x99, 0x9c, 0xfa, 0x99, 0x99, 0x99,
    0x70, 0x00, 0xdd, 0x00, 0x00, 0x00, 0x00, 0x7f,
    0x20, 0x00, 0x00, 0x00, 0x00, 0x0d, 0xd0, 0x00,
    0x00, 0x00, 0x05, 0xf4, 0x00, 0x01, 0x20, 0x00,
    0x00, 0xdd, 0x00, 0x00, 0x00, 0x00, 0x3f, 0x60,
    0x00, 0xaf, 0x10, 0x00, 0x0d, 0xff, 0xff, 0xff,
    0xf0, 0x01, 0xf8, 0x00, 0x1f, 0xa0, 0x00, 0x00,
    0xde, 0x77, 0x77, 0xcf, 0x00, 0x0f, 0xa0, 0x07,
    0xf4, 0x00, 0x00, 0x0d, 0xc0, 0x00, 0x09, 0xf0,
    0x00, 0xdd, 0x00, 0xdd, 0x00, 0x00, 0x00, 0xdc,
    0x00, 0x00, 0x9e, 0x00, 0x0a, 0xf1, 0x7f, 0x60,
    0x00, 0x00, 0x0e, 0xb0, 0x00, 0x0a, 0xe0, 0x00,
    0x6f, 0x6f, 0xc0, 0x00, 0x00, 0x00, 0xfa, 0x00,
    0x00, 0xbd, 0x00, 0x02, 0xff, 0xf2, 0x00, 0x00,
    0x00, 0x2f, 0x80, 0x00, 0x0d, 0xc0, 0x00, 0x0e,
    0xf7, 0x00, 0x01, 0x00, 0x04, 0xf6, 0x11, 0x13,
    0xfa, 0x00, 0x05, 0xff, 0x30, 0x00, 0x7c, 0x00,
    0x8f, 0x24, 0xff, 0xff, 0x40, 0x05, 0xfe, 0xf9,
    0x00, 0x08, 0xe0, 0x0c, 0xe0, 0x05, 0x55, 0x20,
    0x05, 0xfd, 0x1b, 0xf2, 0x00, 0xac, 0x03, 0xf9,
    0x00, 0x00, 0x00, 0x0a, 0xfd, 0x10, 0x3f, 0xc1,
    0x0e, 0x90, 0xbf, 0x20, 0x00, 0x00, 0x2e, 0xfb,
    0x10, 0x00, 0x7f, 0xec, 0xf4, 0x0a, 0xa0, 0x00,
    0x00, 0x00, 0xb7, 0x00, 0x00, 0x00, 0x5d, 0xe9,
    0x00, 0x01, 0x00, 0x00, 0x00, 0x00, 0x00, 0x00,
    0x00, 0x00, 0x00, 0x00,

    /* U+62A5 "报" */
    0x00, 0x00, 0x14, 0x10, 0x00, 0x00, 0x00, 0x00,
    0x00, 0x00, 0x00, 0x00, 0x00, 0x05, 0xf4, 0x00,
    0x05, 0x77, 0x77, 0x77, 0x77, 0x77, 0x20, 0x00,
    0x00, 0x5f, 0x40, 0x00, 0xaf, 0xff, 0xff, 0xff,
    0xff, 0xf4, 0x00, 0x00, 0x05, 0xf4, 0x00, 0x0a,
    0xe0, 0x00, 0x00, 0x00, 0x6f, 0x30, 0x00, 0x00,
    0x5f, 0x40, 0x00, 0xae, 0x00, 0x00, 0x00, 0x07,
    0xf2, 0x00, 0x34, 0x48, 0xf7, 0x44, 0x0a, 0xe0,
    0x00, 0x00, 0x00, 0x8f, 0x10, 0x0d, 0xff, 0xff,
    0xff, 0xf1, 0xae, 0x00, 0x11, 0x00, 0x1c, 0xe0,
    0x00, 0x45, 0x59, 0xf8, 0x55, 0x0a, 0xe0, 0x04,
    0xff, 0xff, 0xf7, 0x00, 0x00, 0x00, 0x5f, 0x40,
    0x00, 0xae, 0x00, 0x03, 0x34, 0x42, 0x00, 0x00,
    0x00, 0x05, 0xf4, 0x00, 0x0a, 0xe1, 0x11, 0x11,
    0x11, 0x11, 0x10, 0x00, 0x00, 0x5f, 0x40, 0x00,
    0xaf, 0xff, 0xff, 0xff, 0xff, 0xff, 0x00, 0x00,
    0x05, 0xf4, 0x27, 0x0a, 0xf6, 0xf9, 0x55, 0x55,
    0x5f, 0xb0, 0x00, 0x00, 0x8f, 0xff, 0xf3, 0xae,
    0x0c, 0xb0, 0x00, 0x03, 0xf5, 0x00, 0x7b, 0xff,
    0xfc, 0x72, 0x0a, 0xe0, 0x5f, 0x30, 0x00, 0x9f,
    0x10, 0x0f, 0xfb, 0xaf, 0x40, 0x00, 0xae, 0x00,
    0xeb, 0x00, 0x1e, 0xb0, 0x00, 0x30, 0x05, 0xf4,
    0x00, 0x0a, 0xe0, 0x06, 0xf5, 0x08, 0xf2, 0x00,
    0x00, 0x00, 0x5f, 0x40, 0x00, 0xae, 0x00, 0x0b,
    0xe4, 0xf9, 0x00, 0x00, 0x00, 0x05, 0xf4, 0x00,
    0x0a, 0xe0, 0x00, 0x2f, 0xfe, 0x10, 0x00, 0x00,
    0x00, 0x5f, 0x40, 0x00, 0xae, 0x00, 0x00, 0xbf,
    0xb0, 0x00, 0x00, 0x00, 0x05, 0xf4, 0x00, 0x0a,
    0xe0, 0x00, 0x9f, 0xdf, 0xb0, 0x00, 0x00, 0x00,
    0x5f, 0x40, 0x00, 0xae, 0x00, 0xaf, 0x90, 0x8f,
    0xd3, 0x00, 0x67, 0x7b, 0xf2, 0x00, 0x0a, 0xe4,
    0xef, 0x80, 0x00, 0x6f, 0xf9, 0x08, 0xff, 0xe9,
    0x00, 0x00, 0xae, 0x4d, 0x30, 0x00, 0x00, 0x2b,
    0x40, 0x00, 0x00, 0x00, 0x00, 0x00, 0x00, 0x00,
    0x00, 0x00, 0x00, 0x00,

    /* U+62E9 "择" */
    0x00, 0x00, 0x9c, 0x00, 0x00, 0x00, 0x00, 0x00,
    0x00, 0x00, 0x00, 0x00, 0x00, 0x00, 0xae, 0x00,
    0x08, 0xff, 0xff, 0xff, 0xff, 0xff, 0xf6, 0x00,
    0x00, 0x00, 0xae, 0x00, 0x04, 0x8f, 0xd8, 0x88,
    0x88, 0x8d, 0xf2, 0x00, 0x00, 0x00, 0xae, 0x00,
    0x00, 0x06, 0xf3, 0x00, 0x00, 0x5f, 0x70, 0x00,
    0x00, 0x00, 0xae, 0x00, 0x00, 0x00, 0xce, 0x10,
    0x03, 0xfc, 0x00, 0x00, 0x0e, 0xff, 0xff, 0xff,
    0xc0, 0x00, 0x1d, 0xd1, 0x4f, 0xc1, 0x00, 0x00,
    0x06, 0x77, 0xdf, 0x77, 0x50, 0x00, 0x02, 0xee,
    0xfc, 0x00, 0x00, 0x00, 0x00, 0x00, 0xae, 0x00,
    0x00, 0x00, 0x05, 0xdf, 0xf9, 0x10, 0x00, 0x00,
    0x00, 0x00, 0xae, 0x00, 0x00, 0x16, 0xdf, 0xb3,
    0x7f, 0xf9, 0x30, 0x00, 0x00, 0x00, 0xae, 0x00,
    0x3b, 0xff, 0xc4, 0x00, 0x01, 0x9f, 0xfe, 0xa1,
    0x00, 0x00, 0xae, 0x16, 0x6c, 0x82, 0x00, 0x0c,
    0x60, 0x00, 0x5b, 0x90, 0x00, 0x01, 0xcf, 0xff,
    0x90, 0x00, 0x00, 0x1f, 0x80, 0x00, 0x00, 0x00,
    0x06, 0xbf, 0xff, 0x94, 0x00, 0x88, 0x88, 0x8f,
    0xc8, 0x88, 0x81, 0x00, 0x0e, 0xe9, 0xce, 0x00,
    0x00, 0xff, 0xff, 0xff, 0xff, 0xff, 0xf2, 0x00,
    0x02, 0x00, 0xae, 0x00, 0x00, 0x00, 0x00, 0x1f,
    0x80, 0x00, 0x00, 0x00, 0x00, 0x00, 0xae, 0x00,
    0x00, 0x00, 0x00, 0x1f, 0x80, 0x00, 0x00, 0x00,
    0x00, 0x00, 0xae, 0x00, 0x28, 0x88, 0x88, 0x8f,
    0xc8, 0x88, 0x88, 0x70, 0x00, 0x00, 0xae, 0x00,
    0x4f, 0xff, 0xff, 0xff, 0xff, 0xff, 0xff, 0xd0,
    0x00, 0x00, 0xae, 0x00, 0x00, 0x00, 0x00, 0x1f,
    0x80, 0x00, 0x00, 0x00, 0x00, 0x00, 0xae, 0x00,
    0x00, 0x00, 0x00, 0x1f, 0x80, 0x00, 0x00, 0x00,
    0x02, 0x88, 0xed, 0x00, 0x00, 0x00, 0x00, 0x1f,
    0x80, 0x00, 0x00, 0x00, 0x01, 0xff, 0xd5, 0x00,
    0x00, 0x00, 0x00, 0x1f, 0x80, 0x00, 0x00, 0x00,

    /* U+6301 "持" */
    0x00, 0x00, 0x11, 0x00, 0x00, 0x00, 0x00, 0x00,
    0x00, 0x00, 0x00, 0x00, 0x00, 0x0c, 0xb0, 0x00,
    0x00, 0x00, 0x00, 0xd9, 0x00, 0x00, 0x00, 0x00,
    0x00, 0xcb, 0x00, 0x00, 0x00, 0x00, 0x0d, 0x90,
    0x00, 0x00, 0x00, 0x00, 0x0c, 0xb0, 0x00, 0x00,
    0x00, 0x00, 0xd9, 0x00, 0x00, 0x00, 0x00, 0x00,
    0xcb, 0x00, 0x00, 0xcc, 0xcc, 0xcf, 0xec, 0xcc,
    0xca, 0x00, 0x00, 0x0c, 0xb0, 0x00, 0x0b, 0xbb,
    0xbb, 0xfe, 0xbb, 0xbb, 0x90, 0x0f, 0xff, 0xff,
    0xff, 0x50, 0x00, 0x00, 0x0d, 0x90, 0x00, 0x00,
    0x00, 0x77, 0x7e, 0xd7, 0x72, 0x00, 0x00, 0x00,
    0xd9, 0x00, 0x00, 0x00, 0x00, 0x00, 0xcb, 0x00,
    0x13, 0x33, 0x33, 0x3e, 0xb3, 0x33, 0x33, 0x30,
    0x00, 0x0c, 0xb0, 0x04, 0xff, 0xff, 0xff, 0xff,
    0xff, 0xff, 0xff, 0x00, 0x00, 0xcb, 0x00, 0x13,
    0x33, 0x33, 0x33, 0x33, 0xcd, 0x33, 0x30, 0x00,
    0x0c, 0xb1, 0x51, 0x00, 0x00, 0x00, 0x00, 0x0b,
    0xd0, 0x00, 0x00, 0x02, 0xdf, 0xff, 0x40, 0x00,
    0x00, 0x00, 0x00, 0xbd, 0x00, 0x01, 0x8d, 0xff,
    0xe8, 0x30, 0xff, 0xff, 0xff, 0xff, 0xff, 0xff,
    0xfc, 0x1f, 0xd8, 0xdb, 0x00, 0x08, 0x88, 0x88,
    0x88, 0x88, 0xde, 0x88, 0x70, 0x20, 0x0c, 0xb0,
    0x00, 0x00, 0x53, 0x00, 0x00, 0x0b, 0xd0, 0x00,
    0x00, 0x00, 0xcb, 0x00, 0x00, 0x0d, 0xd0, 0x00,
    0x00, 0xbd, 0x00, 0x00, 0x00, 0x0c, 0xb0, 0x00,
    0x00, 0x2f, 0xa0, 0x00, 0x0b, 0xd0, 0x00, 0x00,
    0x00, 0xcb, 0x00, 0x00, 0x00, 0x8f, 0x30, 0x00,
    0xbd, 0x00, 0x00, 0x00, 0x0c, 0xb0, 0x00, 0x00,
    0x00, 0xe9, 0x00, 0x0b, 0xd0, 0x00, 0x00, 0x00,
    0xcb, 0x00, 0x00, 0x00, 0x02, 0x00, 0x00, 0xbd,
    0x00, 0x00, 0x38, 0x8f, 0xa0, 0x00, 0x00, 0x00,
    0x00, 0x88, 0x8e, 0xb0, 0x00, 0x03, 0xfe, 0xc2,
    0x00, 0x00, 0x00, 0x00, 0x0d, 0xff, 0xc4, 0x00,
    0x00,

    /* U+6309 "按" */
    0x00, 0x00, 0x00, 0x00, 0x00, 0x00, 0x00, 0x00,
    0x00, 0x00, 0x00, 0x00, 0x00, 0x0a, 0xe0, 0x00,
    0x00, 0x00, 0x08, 0xf1, 0x00, 0x00, 0x00, 0x00,
    0x00, 0xae, 0x00, 0x00, 0x00, 0x00, 0x4f, 0x60,
    0x00, 0x00, 0x00, 0x00, 0x0a, 0xe0, 0x00, 0x00,
    0x00, 0x00, 0xfb, 0x00, 0x00, 0x00, 0x00, 0x00,
    0xae, 0x00, 0x0a, 0xdd, 0xdd, 0xdf, 0xfd, 0xdd,
    0xdd, 0x80, 0x00, 0x0a, 0xe0, 0x00, 0xce, 0xaa,
    0xaa, 0xaa, 0xaa, 0xaa, 0xfa, 0x0f, 0xff, 0xff,
    0xff, 0x8c, 0xb0, 0x00, 0x42, 0x00, 0x00, 0x0e,
    0xa0, 0x77, 0x7d, 0xf7, 0x73, 0xcb, 0x00, 0x2f,
    0x80, 0x00, 0x00, 0xea, 0x00, 0x00, 0xae, 0x00,
    0x07, 0x70, 0x08, 0xf3, 0x00, 0x00, 0x08, 0x50,
    0x00, 0x0a, 0xe0, 0x00, 0x00, 0x00, 0xdd, 0x00,
    0x00, 0x00, 0x00, 0x00, 0x00, 0xae, 0x00, 0x38,
    0x88, 0x9f, 0xc8, 0x88, 0x88, 0x88, 0x70, 0x00,
    0x0a, 0xe0, 0x06, 0xff, 0xff, 0xff, 0xff, 0xff,
    0xff, 0xfe, 0x00, 0x00, 0xae, 0x16, 0x90, 0x01,
    0xfa, 0x00, 0x00, 0x9f, 0x20, 0x00, 0x00, 0x3c,
    0xff, 0xfc, 0x00, 0x9f, 0x20, 0x00, 0x0d, 0xd0,
    0x00, 0x19, 0xef, 0xff, 0x72, 0x00, 0x1f, 0xa0,
    0x00, 0x02, 0xf8, 0x00, 0x00, 0xfb, 0x6b, 0xe0,
    0x00, 0x0a, 0xf7, 0x00, 0x00, 0x8f, 0x30, 0x00,
    0x00, 0x00, 0xae, 0x00, 0x00, 0x4d, 0xfc, 0x40,
    0x2f, 0xb0, 0x00, 0x00, 0x00, 0x0a, 0xe0, 0x00,
    0x00, 0x05, 0xdf, 0xbc, 0xf2, 0x00, 0x00, 0x00,
    0x00, 0xae, 0x00, 0x00, 0x00, 0x00, 0x7f, 0xfc,
    0x10, 0x00, 0x00, 0x00, 0x0a, 0xe0, 0x00, 0x00,
    0x00, 0x4e, 0xfb, 0xfe, 0x60, 0x00, 0x00, 0x00,
    0xae, 0x00, 0x00, 0x04, 0xaf, 0xd3, 0x03, 0xdf,
    0xc2, 0x00, 0x37, 0x7d, 0xd0, 0x01, 0xaf, 0xfe,
    0x80, 0x00, 0x00, 0x8f, 0xf5, 0x03, 0xff, 0xd5,
    0x00, 0x0c, 0xa4, 0x00, 0x00, 0x00, 0x00, 0x3d,
    0x30, 0x00, 0x00, 0x00, 0x00, 0x00, 0x00, 0x00,
    0x00, 0x00, 0x00, 0x00,

    /* U+6362 "换" */
    0x00, 0x00, 0x00, 0x00, 0x00, 0x00, 0x00, 0x00,
    0x00, 0x00, 0x00, 0x00, 0x00, 0x00, 0xe9, 0x00,
    0x00, 0x00, 0x5e, 0x20, 0x00, 0x00, 0x00, 0x00,
    0x00, 0x00, 0xfa, 0x00, 0x00, 0x00, 0xdc, 0x00,
    0x00, 0x00, 0x00, 0x00, 0x00, 0x00, 0xfa, 0x00,
    0x00, 0x07, 0xff, 0xff, 0xff, 0xfd, 0x10, 0x00,
    0x00, 0x00, 0xfa, 0x00, 0x00, 0x2f, 0xb6, 0x66,
    0x6a, 0xfa, 0x00, 0x00, 0x02, 0x33, 0xfb, 0x33,
    0x01, 0xde, 0x10, 0x00, 0x2f, 0xd1, 0x00, 0x00,
    0x0c, 0xff, 0xff, 0xfe, 0x1c, 0xf5, 0x00, 0x02,
    0xde, 0x30, 0x00, 0x00, 0x03, 0x44, 0xfb, 0x44,
    0x9f, 0xff, 0xff, 0xff, 0xff, 0xff, 0xf0, 0x00,
    0x00, 0x00, 0xfa, 0x00, 0x05, 0xf8, 0x33, 0x9f,
    0x53, 0x3b, 0xf0, 0x00, 0x00, 0x00, 0xfa, 0x00,
    0x01, 0xf6, 0x00, 0x7f, 0x10, 0x09, 0xf0, 0x00,
    0x00, 0x00, 0xfa, 0x00, 0x01, 0xf6, 0x00, 0x7f,
    0x10, 0x09, 0xf0, 0x00, 0x00, 0x00, 0xfa, 0x05,
    0x01, 0xf6, 0x00, 0x7f, 0x10, 0x09, 0xf0, 0x00,
    0x00, 0x01, 0xfe, 0xff, 0x21, 0xf6, 0x00, 0x8f,
    0x00, 0x09, 0xf0, 0x00, 0x07, 0xcf, 0xfe, 0x83,
    0x01, 0xf6, 0x00, 0xbd, 0x00, 0x09, 0xf0, 0x00,
    0x0d, 0xd8, 0xfa, 0x00, 0xff, 0xff, 0xff, 0xff,
    0xff, 0xff, 0xff, 0xb0, 0x01, 0x00, 0xfa, 0x00,
    0x66, 0x66, 0x6a, 0xff, 0x96, 0x66, 0x66, 0x50,
    0x00, 0x00, 0xfa, 0x00, 0x00, 0x00, 0x0c, 0xdd,
    0xc0, 0x00, 0x00, 0x00, 0x00, 0x00, 0xfa, 0x00,
    0x00, 0x00, 0x7f, 0x43, 0xf7, 0x00, 0x00, 0x00,
    0x00, 0x00, 0xfa, 0x00, 0x00, 0x05, 0xf9, 0x00,
    0x8f, 0x60, 0x00, 0x00, 0x00, 0x00, 0xfa, 0x00,
    0x00, 0x7f, 0xb0, 0x00, 0x0a, 0xf7, 0x00, 0x00,
    0x00, 0x00, 0xfa, 0x00, 0x1a, 0xfa, 0x00, 0x00,
    0x00, 0xaf, 0xb2, 0x00, 0x02, 0x89, 0xf8, 0x08,
    0xff, 0x60, 0x00, 0x00, 0x00, 0x07, 0xff, 0xa0,
    0x00, 0xff, 0xc2, 0x0b, 0xa1, 0x00, 0x00, 0x00,
    0x00, 0x00, 0x2a, 0x80, 0x00, 0x00, 0x00, 0x00,
    0x00, 0x00, 0x00, 0x00, 0x00, 0x00, 0x00, 0x00,

    /* U+636E "据" */
    0x00, 0x00, 0xd9, 0x00, 0x00, 0x00, 0x00, 0x00,
    0x00, 0x00, 0x00, 0x00, 0x00, 0x0d, 0x90, 0x00,
    0x7f, 0xff, 0xff, 0xff, 0xff, 0xff, 0xf1, 0x00,
    0x00, 0xd9, 0x00, 0x07, 0xf6, 0x55, 0x55, 0x55,
    0x55, 0xaf, 0x10, 0x00, 0x0d, 0x90, 0x00, 0x7f,
    0x10, 0x00, 0x00, 0x00, 0x06, 0xf1, 0x03, 0x33,
    0xeb, 0x33, 0x17, 0xf1, 0x00, 0x00, 0x00, 0x00,
    0x6f, 0x10, 0xff, 0xff, 0xff, 0xf6, 0x7f, 0x76,
    0x66, 0x66, 0x66, 0x6a, 0xf1, 0x04, 0x44, 0xeb,
    0x44, 0x17, 0xff, 0xff, 0xff, 0xff, 0xff, 0xff,
    0x10, 0x00, 0x0d, 0x90, 0x00, 0x7f, 0x10, 0x00,
    0x0f, 0x80, 0x00, 0x00, 0x00, 0x00, 0xd9, 0x00,
    0x07, 0xf1, 0x00, 0x00, 0xf8, 0x00, 0x00, 0x00,
    0x00, 0x0d, 0x90, 0x00, 0x7f, 0x53, 0x33, 0x4f,
    0xa3, 0x33, 0x33, 0x00, 0x00, 0xd9, 0x05, 0x28,
    0xff, 0xff, 0xff, 0xff, 0xff, 0xff, 0xf0, 0x00,
    0x2e, 0xef, 0xf5, 0x8f, 0x32, 0x22, 0x3f, 0x92,
    0x22, 0x22, 0x19, 0xdf, 0xfd, 0x72, 0x0a, 0xe0,
    0x00, 0x00, 0xf8, 0x00, 0x00, 0x00, 0xea, 0x5e,
    0x90, 0x00, 0xcd, 0x00, 0x00, 0x0f, 0x80, 0x00,
    0x00, 0x00, 0x00, 0xd9, 0x00, 0x0e, 0xa6, 0xee,
    0xef, 0xff, 0xee, 0xee, 0x30, 0x00, 0x0d, 0x90,
    0x01, 0xf8, 0x6f, 0x76, 0x66, 0x66, 0x69, 0xf3,
    0x00, 0x00, 0xd9, 0x00, 0x5f, 0x56, 0xf0, 0x00,
    0x00, 0x00, 0x4f, 0x30, 0x00, 0x0d, 0x90, 0x09,
    0xf1, 0x6f, 0x00, 0x00, 0x00, 0x04, 0xf3, 0x00,
    0x00, 0xd9, 0x00, 0xeb, 0x06, 0xf0, 0x00, 0x00,
    0x00, 0x4f, 0x30, 0x00, 0x0e, 0x90, 0x7f, 0x60,
    0x6f, 0x66, 0x66, 0x66, 0x68, 0xf3, 0x05, 0x9a,
    0xf8, 0x0e, 0xe0, 0x06, 0xff, 0xff, 0xff, 0xff,
    0xff, 0x30, 0x3d, 0xc9, 0x10, 0x85, 0x00, 0x6f,
    0x00, 0x00, 0x00, 0x04, 0xe2,

    /* U+63CF "描" */
    0x00, 0x00, 0xe7, 0x00, 0x00, 0x00, 0xe8, 0x00,
    0x00, 0xe8, 0x00, 0x00, 0x00, 0x0f, 0x70, 0x00,
    0x00, 0x0f, 0x90, 0x00, 0x0f, 0x90, 0x00, 0x00,
    0x00, 0xf7, 0x00, 0x00, 0x00, 0xf9, 0x00, 0x00,
    0xf9, 0x00, 0x00, 0x00, 0x0f, 0x70, 0x02, 0x66,
    0x6f, 0xc6, 0x66, 0x6f, 0xc6, 0x65, 0x00, 0x00,
    0xf8, 0x00, 0x6f, 0xff, 0xff, 0xff, 0xff, 0xff,
    0xff, 0xc0, 0xff, 0xff, 0xff, 0xf2, 0x00, 0x0f,
    0x90, 0x00, 0x0f, 0x90, 0x00, 0x07, 0x77, 0xfb,
    0x77, 0x10, 0x00, 0xf9, 0x00, 0x00, 0xf9, 0x00,
    0x00, 0x00, 0x0f, 0x70, 0x00, 0x00, 0x0f, 0x90,
    0x00, 0x0f, 0x90, 0x00, 0x00, 0x00, 0xf7, 0x00,
    0x00, 0x00, 0x00, 0x00, 0x00, 0x00, 0x00, 0x00,
    0x00, 0x0f, 0x70, 0x00, 0x4f, 0xff, 0xff, 0xff,
    0xff, 0xff, 0xd0, 0x00, 0x00, 0xf8, 0x38, 0x04,
    0xf9, 0x77, 0x7f, 0xb7, 0x77, 0xce, 0x00, 0x00,
    0x3f, 0xff, 0xf1, 0x4f, 0x20, 0x00, 0xf7, 0x00,
    0x09, 0xe0, 0x1a, 0xef, 0xfd, 0x61, 0x04, 0xf2,
    0x00, 0x0f, 0x70, 0x00, 0x9e, 0x01, 0xfc, 0x6f,
    0x70, 0x00, 0x4f, 0x20, 0x00, 0xf7, 0x00, 0x09,
    0xe0, 0x01, 0x00, 0xf7, 0x00, 0x04, 0xff, 0xff,
    0xff, 0xff, 0xff, 0xfe, 0x00, 0x00, 0x0f, 0x70,
    0x00, 0x4f, 0x97, 0x77, 0xfb, 0x77, 0x7c, 0xe0,
    0x00, 0x00, 0xf7, 0x00, 0x04, 0xf2, 0x00, 0x0f,
    0x70, 0x00, 0x9e, 0x00, 0x00, 0x0f, 0x70, 0x00,
    0x4f, 0x20, 0x00, 0xf7, 0x00, 0x09, 0xe0, 0x00,
    0x00, 0xf7, 0x00, 0x04, 0xf2, 0x00, 0x0f, 0x70,
    0x00, 0x9e, 0x00, 0x00, 0x0f, 0x70, 0x00, 0x4f,
    0xff, 0xff, 0xff, 0xff, 0xff, 0xe0, 0x05, 0x99,
    0xf6, 0x00, 0x04, 0xf9, 0x77, 0x77, 0x77, 0x77,
    0xce, 0x00, 0x5e, 0xd9, 0x00, 0x00, 0x4f, 0x20,
    0x00, 0x00, 0x00, 0x08, 0xc0,

    /* U+63D0 "提" */
    0x00, 0x00, 0xd7, 0x00, 0x00, 0x44, 0x44, 0x44,
    0x44, 0x44, 0x40, 0x00, 0x00, 0x00, 0xf8, 0x00,
    0x02, 0xff, 0xff, 0xff, 0xff, 0xff, 0xf1, 0x00,
    0x00, 0x00, 0xf8, 0x00, 0x02, 0xf4, 0x00, 0x00,
    0x00, 0x07, 0xf1, 0x00, 0x00, 0x00, 0xf8, 0x00,
    0x02, 0xf5, 0x00, 0x00, 0x00, 0x08, 0xf1, 0x00,
    0x03, 0x33, 0xfa, 0x33, 0x02, 0xff, 0xff, 0xff,
    0xff, 0xff, 0xf1, 0x00, 0x0f, 0xff, 0xff, 0xff,
    0x32, 0xf6, 0x22, 0x22, 0x22, 0x28, 0xf1, 0x00,
    0x02, 0x22, 0xfa, 0x22, 0x02, 0xf4, 0x00, 0x00,
    0x00, 0x07, 0xf1, 0x00, 0x00, 0x00, 0xf8, 0x00,
    0x02, 0xff, 0xff, 0xff, 0xff, 0xff, 0xf1, 0x00,
    0x00, 0x00, 0xf8, 0x00, 0x00, 0x44, 0x44, 0x44,
    0x44, 0x44, 0x40, 0x00, 0x00, 0x00, 0xf8, 0x00,
    0x00, 0x00, 0x00, 0x00, 0x00, 0x00, 0x00, 0x00,
    0x00, 0x00, 0xf9, 0x49, 0x4e, 0xee, 0xee, 0xee,
    0xee, 0xee, 0xee, 0x50, 0x00, 0x04, 0xff, 0xff,
    0x36, 0x66, 0x66, 0xaf, 0x76, 0x66, 0x66, 0x20,
    0x1a, 0xff, 0xfd, 0x50, 0x00, 0x21, 0x00, 0x6f,
    0x10, 0x00, 0x00, 0x00, 0x0f, 0xd7, 0xf8, 0x00,
    0x00, 0xcb, 0x00, 0x6f, 0x10, 0x00, 0x00, 0x00,
    0x02, 0x00, 0xf8, 0x00, 0x00, 0xf8, 0x00, 0x6f,
    0x76, 0x66, 0x61, 0x00, 0x00, 0x00, 0xf8, 0x00,
    0x02, 0xf6, 0x00, 0x6f, 0xff, 0xff, 0xf3, 0x00,
    0x00, 0x00, 0xf8, 0x00, 0x06, 0xfa, 0x00, 0x6f,
    0x10, 0x00, 0x00, 0x00, 0x00, 0x00, 0xf8, 0x00,
    0x0c, 0xef, 0x10, 0x6f, 0x10, 0x00, 0x00, 0x00,
    0x00, 0x00, 0xf8, 0x00, 0x3f, 0x6a, 0xb0, 0x6f,
    0x10, 0x00, 0x00, 0x00, 0x00, 0x00, 0xf8, 0x00,
    0xce, 0x01, 0xeb, 0x9f, 0x10, 0x00, 0x00, 0x00,
    0x04, 0x65, 0xf7, 0x09, 0xf4, 0x00, 0x1c, 0xff,
    0x98, 0x76, 0x77, 0x70, 0x06, 0xff, 0xb1, 0x1d,
    0x70, 0x00, 0x00, 0x5a, 0xde, 0xff, 0xff, 0xd0,
    0x00, 0x00, 0x00, 0x00, 0x00, 0x00, 0x00, 0x00,
    0x00, 0x00, 0x00, 0x00,

    /* U+64CD "操" */
    0x00, 0x02, 0xd4, 0x00, 0x00, 0x01, 0x11, 0x11,
    0x11, 0x10, 0x00, 0x00, 0x00, 0x02, 0xf5, 0x00,
    0x00, 0x0f, 0xff, 0xff, 0xff, 0xf8, 0x00, 0x00,
    0x00, 0x02, 0xf5, 0x00, 0x00, 0x0f, 0x71, 0x11,
    0x11, 0xe8, 0x00, 0x00, 0x00, 0x02, 0xf5, 0x00,
    0x00, 0x0f, 0x60, 0x00, 0x00, 0xe8, 0x00, 0x00,
    0x04, 0x46, 0xf8, 0x43, 0x00, 0x0f, 0x83, 0x33,
    0x33, 0xf8, 0x00, 0x00, 0x0e, 0xff, 0xff, 0xfa,
    0x00, 0x0f, 0xff, 0xff, 0xff, 0xf8, 0x00, 0x00,
    0x02, 0x24, 0xf7, 0x21, 0x00, 0x00, 0x00, 0x00,
    0x00, 0x00, 0x00, 0x00, 0x00, 0x02, 0xf5, 0x00,
    0x6f, 0xff, 0xff, 0x80, 0xff, 0xff, 0xff, 0x20,
    0x00, 0x02, 0xf5, 0x00, 0x6e, 0x44, 0x4d, 0x80,
    0xf7, 0x44, 0x6f, 0x20, 0x00, 0x02, 0xf5, 0x00,
    0x6d, 0x00, 0x0c, 0x80, 0xf3, 0x00, 0x3f, 0x20,
    0x00, 0x02, 0xf7, 0x77, 0x6d, 0x00, 0x0c, 0x80,
    0xf3, 0x00, 0x3f, 0x20, 0x00, 0x06, 0xff, 0xf9,
    0x6f, 0xee, 0xef, 0x80, 0xfe, 0xee, 0xef, 0x20,
    0x07, 0xef, 0xfc, 0x30, 0x24, 0x44, 0x44, 0x55,
    0x54, 0x44, 0x44, 0x00, 0x0f, 0xea, 0xf5, 0x00,
    0x00, 0x00, 0x00, 0x7f, 0x00, 0x00, 0x00, 0x00,
    0x03, 0x02, 0xf5, 0x00, 0x56, 0x66, 0x66, 0xbf,
    0x66, 0x66, 0x66, 0x40, 0x00, 0x02, 0xf5, 0x00,
    0xdf, 0xff, 0xff, 0xff, 0xff, 0xff, 0xff, 0xa0,
    0x00, 0x02, 0xf5, 0x00, 0x00, 0x00, 0x3e, 0xff,
    0xf9, 0x00, 0x00, 0x00, 0x00, 0x02, 0xf5, 0x00,
    0x00, 0x05, 0xfc, 0x8f, 0x3e, 0x90, 0x00, 0x00,
    0x00, 0x02, 0xf5, 0x00, 0x01, 0x9f, 0xa0, 0x7f,
    0x02, 0xec, 0x30, 0x00, 0x00, 0x02, 0xf5, 0x01,
    0x7f, 0xf7, 0x00, 0x7f, 0x00, 0x2d, 0xf9, 0x20,
    0x01, 0x69, 0xf4, 0x2f, 0xfa, 0x20, 0x00, 0x7f,
    0x00, 0x00, 0x8f, 0xb0, 0x00, 0xff, 0xb0, 0x04,
    0x20, 0x00, 0x00, 0x7f, 0x00, 0x00, 0x01, 0x10,
    0x00, 0x00, 0x00, 0x00, 0x00, 0x00, 0x00, 0x00,
    0x00, 0x00, 0x00, 0x00,

    /* U+652F "支" */
    0x00, 0x00, 0x00, 0x00, 0x00, 0x02, 0x20, 0x00,
    0x00, 0x00, 0x00, 0x00, 0x00, 0x00, 0x00, 0x00,
    0x00, 0x0d, 0xc0, 0x00, 0x00, 0x00, 0x00, 0x00,
    0x00, 0x00, 0x00, 0x00, 0x00, 0x0d, 0xc0, 0x00,
    0x00, 0x00, 0x00, 0x00, 0x00, 0x00, 0x00, 0x00,
    0x00, 0x0d, 0xc0, 0x00, 0x00, 0x00, 0x00, 0x00,
    0x01, 0x88, 0x88, 0x88, 0x88, 0x8f, 0xe8, 0x88,
    0x88, 0x88, 0x88, 0x00, 0x01, 0xff, 0xff, 0xff,
    0xff, 0xff, 0xff, 0xff, 0xff, 0xff, 0xff, 0x10,
    0x00, 0x00, 0x00, 0x00, 0x00, 0x0d, 0xc0, 0x00,
    0x00, 0x00, 0x00, 0x00, 0x00, 0x00, 0x00, 0x00,
    0x00, 0x0d, 0xc0, 0x00, 0x00, 0x00, 0x00, 0x00,
    0x00, 0x00, 0x00, 0x00, 0x00, 0x0d, 0xc0, 0x00,
    0x00, 0x00, 0x00, 0x00, 0x00, 0x00, 0x00, 0x00,
    0x00, 0x0d, 0xc0, 0x00, 0x00, 0x00, 0x00, 0x00,
    0x00, 0x0f, 0xff, 0xff, 0xff, 0xff, 0xff, 0xff,
    0xff, 0xfa, 0x00, 0x00, 0x00, 0x09, 0x9e, 0xe9,
    0x99, 0x99, 0x99, 0x99, 0x9c, 0xf9, 0x00, 0x00,
    0x00, 0x00, 0x07, 0xf5, 0x00, 0x00, 0x00, 0x00,
    0x1e, 0xf1, 0x00, 0x00, 0x00, 0x00, 0x00, 0xce,
    0x10, 0x00, 0x00, 0x00, 0xbf, 0x70, 0x00, 0x00,
    0x00, 0x00, 0x00, 0x3f, 0xb0, 0x00, 0x00, 0x06,
    0xfb, 0x00, 0x00, 0x00, 0x00, 0x00, 0x00, 0x07,
    0xfb, 0x00, 0x00, 0x7f, 0xc1, 0x00, 0x00, 0x00,
    0x00, 0x00, 0x00, 0x00, 0x6f, 0xd2, 0x0a, 0xfc,
    0x10, 0x00, 0x00, 0x00, 0x00, 0x00, 0x00, 0x00,
    0x05, 0xfe, 0xdf, 0xa0, 0x00, 0x00, 0x00, 0x00,
    0x00, 0x00, 0x00, 0x00, 0x04, 0xdf, 0xfe, 0x40,
    0x00, 0x00, 0x00, 0x00, 0x00, 0x00, 0x00, 0x17,
    0xdf, 0xe8, 0x8e, 0xfe, 0x71, 0x00, 0x00, 0x00,
    0x00, 0x14, 0x8c, 0xff, 0xd6, 0x00, 0x00, 0x6e,
    0xff, 0xc9, 0x52, 0x00, 0x0b, 0xff, 0xfd, 0x94,
    0x00, 0x00, 0x00, 0x00, 0x59, 0xdf, 0xff, 0xd0,
    0x05, 0xa6, 0x10, 0x00, 0x00, 0x00, 0x00, 0x00,
    0x00, 0x01, 0x48, 0x30,

    /* U+6539 "改" */
    0x00, 0x00, 0x00, 0x00, 0x00, 0x00, 0x01, 0x10,
    0x00, 0x00, 0x00, 0x00, 0x00, 0x00, 0x00, 0x00,
    0x00, 0x00, 0xaf, 0x00, 0x00, 0x00, 0x00, 0x07,
    0x88, 0x88, 0x88, 0x84, 0x00, 0x0e, 0xc0, 0x00,
    0x00, 0x00, 0x00, 0xef, 0xff, 0xff, 0xff, 0x80,
    0x03, 0xf8, 0x00, 0x00, 0x00, 0x00, 0x00, 0x00,
    0x00, 0x01, 0xf8, 0x00, 0x7f, 0x40, 0x00, 0x00,
    0x00, 0x00, 0x00, 0x00, 0x00, 0x1f, 0x80, 0x0c,
    0xf9, 0x88, 0x88, 0x88, 0x80, 0x00, 0x00, 0x00,
    0x01, 0xf8, 0x00, 0xff, 0xff, 0xff, 0xff, 0xff,
    0x00, 0x00, 0x00, 0x00, 0x1f, 0x80, 0x7f, 0x80,
    0x00, 0x07, 0xf3, 0x00, 0x00, 0x00, 0x00, 0x01,
    0xf8, 0x0e, 0xfc, 0x00, 0x00, 0xaf, 0x00, 0x00,
    0x68, 0x88, 0x88, 0x9f, 0x86, 0xfd, 0xf0, 0x00,
    0x0e, 0xd0, 0x00, 0x0a, 0xff, 0xff, 0xff, 0xf9,
    0xfd, 0x3f, 0x40, 0x02, 0xf9, 0x00, 0x00, 0xae,
    0x00, 0x00, 0x00, 0x5f, 0x30, 0xe9, 0x00, 0x6f,
    0x40, 0x00, 0x0a, 0xe0, 0x00, 0x00, 0x00, 0x30,
    0x09, 0xf0, 0x0c, 0xe0, 0x00, 0x00, 0xae, 0x00,
    0x00, 0x00, 0x00, 0x00, 0x3f, 0x63, 0xf8, 0x00,
    0x00, 0x0a, 0xe0, 0x00, 0x00, 0x00, 0x00, 0x00,
    0xcd, 0x9f, 0x10, 0x00, 0x00, 0xae, 0x00, 0x00,
    0x00, 0x00, 0x00, 0x05, 0xff, 0x90, 0x00, 0x00,
    0x0a, 0xe0, 0x00, 0x00, 0x12, 0x00, 0x00, 0x0f,
    0xf3, 0x00, 0x00, 0x00, 0xae, 0x00, 0x05, 0xbf,
    0x90, 0x00, 0x09, 0xff, 0xb0, 0x00, 0x00, 0x0b,
    0xe4, 0xaf, 0xfe, 0x82, 0x00, 0x08, 0xfb, 0x9f,
    0x90, 0x00, 0x00, 0xef, 0xff, 0xb5, 0x00, 0x00,
    0x09, 0xfb, 0x00, 0xbf, 0x80, 0x00, 0x2f, 0xe8,
    0x10, 0x00, 0x00, 0x4d, 0xfc, 0x00, 0x00, 0xcf,
    0xc2, 0x00, 0x50, 0x00, 0x00, 0x00, 0x8f, 0xf7,
    0x00, 0x00, 0x00, 0x9f, 0xf1, 0x00, 0x00, 0x00,
    0x00, 0x03, 0xb2, 0x00, 0x00, 0x00, 0x00, 0x46,
    0x00,

    /* U+653E "放" */
    0x00, 0x00, 0x00, 0x00, 0x00, 0x00, 0x00, 0x00,
    0x00, 0x00, 0x00, 0x00, 0x00, 0x00, 0x0b, 0xa0,
    0x00, 0x00, 0x00, 0x5f, 0x40, 0x00, 0x00, 0x00,
    0x00, 0x00, 0x07, 0xf2, 0x00, 0x00, 0x00, 0xaf,
    0x10, 0x00, 0x00, 0x00, 0x00, 0x00, 0x01, 0xf8,
    0x00, 0x00, 0x00, 0xed, 0x00, 0x00, 0x00, 0x00,
    0x02, 0x22, 0x22, 0x94, 0x22, 0x21, 0x02, 0xf9,
    0x00, 0x00, 0x00, 0x00, 0x0e, 0xff, 0xff, 0xff,
    0xff, 0xfc, 0x06, 0xfc, 0x88, 0x88, 0x88, 0x80,
    0x05, 0x66, 0xfb, 0x66, 0x66, 0x64, 0x0b, 0xff,
    0xff, 0xff, 0xff, 0xf0, 0x00, 0x00, 0xf8, 0x00,
    0x00, 0x00, 0x1f, 0xe0, 0x00, 0x06, 0xf3, 0x00,
    0x00, 0x00, 0xf8, 0x00, 0x00, 0x00, 0x8f, 0xf1,
    0x00, 0x0a, 0xf0, 0x00, 0x00, 0x00, 0xfc, 0x77,
    0x77, 0x41, 0xed, 0xf5, 0x00, 0x0d, 0xc0, 0x00,
    0x00, 0x00, 0xff, 0xff, 0xff, 0x99, 0xf4, 0xd9,
    0x00, 0x1f, 0x80, 0x00, 0x00, 0x00, 0xf8, 0x00,
    0x0f, 0x9f, 0xa0, 0x9d, 0x00, 0x5f, 0x40, 0x00,
    0x00, 0x00, 0xf7, 0x00, 0x0f, 0x83, 0x20, 0x5f,
    0x30, 0xbf, 0x00, 0x00, 0x00, 0x00, 0xf7, 0x00,
    0x0f, 0x80, 0x00, 0x0f, 0x92, 0xf8, 0x00, 0x00,
    0x00, 0x02, 0xf6, 0x00, 0x0f, 0x70, 0x00, 0x09,
    0xf9, 0xf2, 0x00, 0x00, 0x00, 0x04, 0xf3, 0x00,
    0x1f, 0x70, 0x00, 0x03, 0xff, 0xa0, 0x00, 0x00,
    0x00, 0x07, 0xf1, 0x00, 0x2f, 0x60, 0x00, 0x00,
    0xdf, 0x40, 0x00, 0x00, 0x00, 0x0b, 0xd0, 0x00,
    0x2f, 0x50, 0x00, 0x06, 0xff, 0xa0, 0x00, 0x00,
    0x00, 0x2f, 0x80, 0x00, 0x4f, 0x50, 0x00, 0x4f,
    0xdb, 0xf6, 0x00, 0x00, 0x00, 0x8f, 0x20, 0x00,
    0x5f, 0x30, 0x03, 0xfe, 0x21, 0xdf, 0x30, 0x00,
    0x03, 0xfb, 0x00, 0x00, 0x8f, 0x10, 0x8f, 0xe2,
    0x00, 0x2f, 0xf7, 0x00, 0x0d, 0xe1, 0x06, 0x87,
    0xee, 0x3d, 0xfc, 0x20, 0x00, 0x03, 0xef, 0xb0,
    0x1d, 0x50, 0x07, 0xff, 0xd4, 0x3f, 0x70, 0x00,
    0x00, 0x00, 0x1b, 0xa0, 0x00, 0x00, 0x00, 0x00,
    0x00, 0x01, 0x00, 0x00, 0x00, 0x00, 0x00, 0x00,

    /* U+6570 "数" */
    0x00, 0x00, 0x00, 0x11, 0x00, 0x00, 0x00, 0x00,
    0x00, 0x00, 0x00, 0x00, 0x00, 0x32, 0x00, 0xda,
    0x00, 0x53, 0x00, 0x1d, 0x50, 0x00, 0x00, 0x00,
    0x00, 0xad, 0x00, 0xda, 0x01, 0xf9, 0x00, 0x4f,
    0x40, 0x00, 0x00, 0x00, 0x00, 0x2f, 0x50, 0xda,
    0x09, 0xe0, 0x00, 0x7f, 0x10, 0x00, 0x00, 0x00,
    0x00, 0x0b, 0x90, 0xda, 0x1e, 0x30, 0x00, 0xbd,
    0x00, 0x00, 0x00, 0x00, 0x08, 0x9a, 0x99, 0xfd,
    0x9a, 0x99, 0x50, 0xed, 0x66, 0x66, 0x66, 0x30,
    0x0a, 0xbb, 0xbd, 0xff, 0xcb, 0xbb, 0x72, 0xff,
    0xff, 0xff, 0xff, 0x80, 0x00, 0x00, 0x2e, 0xff,
    0xd4, 0x00, 0x07, 0xf7, 0x11, 0x1b, 0xd1, 0x00,
    0x00, 0x02, 0xec, 0xea, 0x8f, 0xa1, 0x0d, 0xfa,
    0x00, 0x0e, 0x90, 0x00, 0x00, 0x5e, 0xc0, 0xda,
    0x04, 0xea, 0x3f, 0xed, 0x00, 0x1f, 0x60, 0x00,
    0x0b, 0xfa, 0x00, 0xda, 0x00, 0x21, 0xcd, 0x5f,
    0x10, 0x4f, 0x20, 0x00, 0x07, 0x50, 0x02, 0x63,
    0x00, 0x04, 0xf5, 0x0f, 0x60, 0x9f, 0x00, 0x00,
    0x00, 0x00, 0x0d, 0xb0, 0x00, 0x00, 0x60, 0x0b,
    0xc0, 0xea, 0x00, 0x00, 0x06, 0xee, 0xef, 0xfe,
    0xee, 0xe6, 0x00, 0x06, 0xf6, 0xf4, 0x00, 0x00,
    0x03, 0x77, 0xfc, 0x77, 0x7a, 0xf3, 0x00, 0x00,
    0xff, 0xd0, 0x00, 0x00, 0x00, 0x06, 0xf3, 0x00,
    0x0b, 0xc0, 0x00, 0x00, 0x9f, 0x70, 0x00, 0x00,
    0x00, 0x1e, 0xd1, 0x00, 0x5f, 0x40, 0x00, 0x00,
    0xcf, 0x90, 0x00, 0x00, 0x00, 0x07, 0xef, 0xa5,
    0xf8, 0x00, 0x00, 0x09, 0xfc, 0xf4, 0x00, 0x00,
    0x00, 0x00, 0x05, 0xef, 0xf1, 0x00, 0x00, 0x5f,
    0x80, 0xde, 0x10, 0x00, 0x00, 0x00, 0x2b, 0xfa,
    0xef, 0x60, 0x06, 0xfa, 0x00, 0x3f, 0xc1, 0x00,
    0x00, 0x5a, 0xfd, 0x40, 0x19, 0x31, 0x9f, 0xb0,
    0x00, 0x05, 0xfd, 0x30, 0x0d, 0xfc, 0x60, 0x00,
    0x00, 0x1e, 0xf6, 0x00, 0x00, 0x00, 0x3e, 0xd0,
    0x02, 0x20, 0x00, 0x00, 0x00, 0x06, 0x20, 0x00,
    0x00, 0x00, 0x01, 0x10,

    /* U+6574 "整" */
    0x00, 0x00, 0x00, 0xb9, 0x00, 0x00, 0x00, 0x0a,
    0x80, 0x00, 0x00, 0x00, 0x03, 0x55, 0x55, 0xdc,
    0x55, 0x55, 0x10, 0x2f, 0x70, 0x00, 0x00, 0x00,
    0x09, 0xee, 0xee, 0xff, 0xee, 0xee, 0x40, 0x9f,
    0x52, 0x22, 0x22, 0x20, 0x00, 0x00, 0x00, 0xca,
    0x00, 0x00, 0x01, 0xff, 0xff, 0xff, 0xff, 0xd0,
    0x00, 0xef, 0xff, 0xff, 0xff, 0xfa, 0x0c, 0xf9,
    0x00, 0x07, 0xf1, 0x00, 0x00, 0xe8, 0x11, 0xcb,
    0x11, 0xca, 0x9f, 0xbf, 0x10, 0x0d, 0xa0, 0x00,
    0x00, 0xe7, 0x00, 0xca, 0x00, 0xba, 0xa9, 0x0d,
    0xa0, 0x6f, 0x40, 0x00, 0x00, 0xef, 0xff, 0xff,
    0xff, 0xfa, 0x00, 0x04, 0xf8, 0xf9, 0x00, 0x00,
    0x00, 0x11, 0x2b, 0xfb, 0xa3, 0x11, 0x00, 0x00,
    0x9f, 0xe0, 0x00, 0x00, 0x00, 0x00, 0xbd, 0xdb,
    0xaf, 0x70, 0x00, 0x05, 0xef, 0xf8, 0x00, 0x00,
    0x00, 0x5e, 0xc1, 0xca, 0x03, 0xe6, 0x04, 0xbf,
    0xa1, 0x8f, 0xc4, 0x00, 0x0b, 0xf8, 0x00, 0xca,
    0x00, 0x10, 0xbf, 0xd5, 0x00, 0x04, 0xdf, 0xb0,
    0x02, 0x20, 0x00, 0x43, 0x00, 0x00, 0x34, 0x00,
    0x00, 0x00, 0x05, 0x30, 0x00, 0x3f, 0xff, 0xff,
    0xff, 0xff, 0xff, 0xff, 0xff, 0xff, 0xf5, 0x00,
    0x00, 0x16, 0x66, 0x66, 0x66, 0x6e, 0xd6, 0x66,
    0x66, 0x66, 0x62, 0x00, 0x00, 0x00, 0x00, 0x00,
    0x00, 0x0c, 0xc0, 0x00, 0x00, 0x00, 0x00, 0x00,
    0x00, 0x00, 0x06, 0x50, 0x00, 0x0c, 0xd5, 0x55,
    0x55, 0x54, 0x00, 0x00, 0x00, 0x00, 0x0d, 0xb0,
    0x00, 0x0c, 0xfe, 0xee, 0xee, 0xec, 0x00, 0x00,
    0x00, 0x00, 0x0d, 0xb0, 0x00, 0x0c, 0xc0, 0x00,
    0x00, 0x00, 0x00, 0x00, 0x00, 0x00, 0x0d, 0xb0,
    0x00, 0x0c, 0xc0, 0x00, 0x00, 0x00, 0x00, 0x00,
    0x05, 0x66, 0x6e, 0xd6, 0x66, 0x6e, 0xd6, 0x66,
    0x66, 0x66, 0x66, 0x50, 0x0d, 0xff, 0xff, 0xff,
    0xff, 0xff, 0xff, 0xff, 0xff, 0xff, 0xff, 0xe0,

    /* U+6587 "文" */
    0x00, 0x00, 0x00, 0x00, 0x00, 0x03, 0x00, 0x00,
    0x00, 0x00, 0x00, 0x00, 0x00, 0x00, 0x00, 0x00,
    0x00, 0x8f, 0x60, 0x00, 0x00, 0x00, 0x00, 0x00,
    0x00, 0x00, 0x00, 0x00, 0x00, 0x1e, 0xe0, 0x00,
    0x00, 0x00, 0x00, 0x00, 0x00, 0x00, 0x00, 0x00,
    0x00, 0x08, 0xf7, 0x00, 0x00, 0x00, 0x00, 0x00,
    0x00, 0x00, 0x00, 0x00, 0x00, 0x01, 0xc5, 0x00,
    0x00, 0x00, 0x00, 0x00, 0x0b, 0xff, 0xff, 0xff,
    0xff, 0xff, 0xff, 0xff, 0xff, 0xff, 0xff, 0xe0,
    0x07, 0x99, 0x9f, 0xe9, 0x99, 0x99, 0x99, 0x99,
    0x9e, 0xfa, 0x99, 0x80, 0x00, 0x00, 0x08, 0xf2,
    0x00, 0x00, 0x00, 0x00, 0x2f, 0xb0, 0x00, 0x00,
    0x00, 0x00, 0x01, 0xfa, 0x00, 0x00, 0x00, 0x00,
    0xaf, 0x50, 0x00, 0x00, 0x00, 0x00, 0x00, 0x9f,
    0x20, 0x00, 0x00, 0x02, 0xfd, 0x00, 0x00, 0x00,
    0x00, 0x00, 0x00, 0x1f, 0xa0, 0x00, 0x00, 0x09,
    0xf5, 0x00, 0x00, 0x00, 0x00, 0x00, 0x00, 0x09,
    0xf5, 0x00, 0x00, 0x3f, 0xc0, 0x00, 0x00, 0x00,
    0x00, 0x00, 0x00, 0x00, 0xdf, 0x20, 0x01, 0xdf,
    0x20, 0x00, 0x00, 0x00, 0x00, 0x00, 0x00, 0x00,
    0x2f, 0xd1, 0x0b, 0xf5, 0x00, 0x00, 0x00, 0x00,
    0x00, 0x00, 0x00, 0x00, 0x05, 0xfb, 0x8f, 0x90,
    0x00, 0x00, 0x00, 0x00, 0x00, 0x00, 0x00, 0x00,
    0x00, 0x9f, 0xfc, 0x00, 0x00, 0x00, 0x00, 0x00,
    0x00, 0x00, 0x00, 0x00, 0x00, 0x9f, 0xfc, 0x20,
    0x00, 0x00, 0x00, 0x00, 0x00, 0x00, 0x00, 0x00,
    0x2d, 0xfa, 0x8f, 0xf7, 0x00, 0x00, 0x00, 0x00,
    0x00, 0x00, 0x00, 0x08, 0xfe, 0x50, 0x03, 0xef,
    0xc2, 0x00, 0x00, 0x00, 0x00, 0x00, 0x18, 0xef,
    0xb1, 0x00, 0x00, 0x0a, 0xff, 0x92, 0x00, 0x00,
    0x00, 0x5a, 0xff, 0xd5, 0x00, 0x00, 0x00, 0x00,
    0x5d, 0xff, 0xb6, 0x10, 0x0c, 0xff, 0xc5, 0x00,
    0x00, 0x00, 0x00, 0x00, 0x00, 0x4b, 0xff, 0xd0,
    0x03, 0x82, 0x00, 0x00, 0x00, 0x00, 0x00, 0x00,
    0x00, 0x00, 0x16, 0x30,

    /* U+660E "明" */
    0x08, 0x88, 0x88, 0x88, 0x40, 0x0e, 0xff, 0xff,
    0xff, 0xff, 0xf1, 0x0f, 0xff, 0xff, 0xff, 0x90,
    0x0e, 0xd8, 0x88, 0x88, 0x8c, 0xf1, 0x0f, 0x70,
    0x00, 0x0e, 0x90, 0x0e, 0xa0, 0x00, 0x00, 0x08,
    0xf1, 0x0f, 0x70, 0x00, 0x0e, 0x90, 0x0e, 0xa0,
    0x00, 0x00, 0x08, 0xf1, 0x0f, 0x70, 0x00, 0x0e,
    0x90, 0x0e, 0xa0, 0x00, 0x00, 0x08, 0xf1, 0x0f,
    0x70, 0x00, 0x0e, 0x90, 0x0e, 0xb3, 0x33, 0x33,
    0x3a, 0xf1, 0x0f, 0xa5, 0x55, 0x5f, 0x90, 0x0e,
    0xff, 0xff, 0xff, 0xff, 0xf1, 0x0f, 0xff, 0xff,
    0xff, 0x90, 0x0e, 0xb3, 0x33, 0x33, 0x3a, 0xf1,
    0x0f, 0x81, 0x11, 0x1e, 0x90, 0x0e, 0xa0, 0x00,
    0x00, 0x08, 0xf1, 0x0f, 0x70, 0x00, 0x0e, 0x90,
    0x0f, 0x90, 0x00, 0x00, 0x08, 0xf1, 0x0f, 0x70,
    0x00, 0x0e, 0x90, 0x0f, 0x80, 0x00, 0x00, 0x08,
    0xf1, 0x0f, 0x70, 0x00, 0x0e, 0x90, 0x1f, 0xa5,
    0x55, 0x55, 0x5b, 0xf1, 0x0f, 0x70, 0x00, 0x0e,
    0x90, 0x4f, 0xff, 0xff, 0xff, 0xff, 0xf1, 0x0f,
    0xff, 0xff, 0xff, 0x90, 0x7f, 0x31, 0x11, 0x11,
    0x19, 0xf1, 0x0f, 0xc8, 0x88, 0x88, 0x50, 0xae,
    0x00, 0x00, 0x00, 0x08, 0xf1, 0x0f, 0x70, 0x00,
    0x00, 0x02, 0xf9, 0x00, 0x00, 0x00, 0x08, 0xf1,
    0x0f, 0x70, 0x00, 0x00, 0x09, 0xf3, 0x00, 0x00,
    0x00, 0x08, 0xf1, 0x00, 0x00, 0x00, 0x00, 0x2f,
    0xb0, 0x00, 0x00, 0x00, 0x08, 0xf1, 0x00, 0x00,
    0x00, 0x00, 0xdf, 0x20, 0x00, 0x00, 0x00, 0x08,
    0xf1, 0x00, 0x00, 0x00, 0x1c, 0xf5, 0x00, 0x00,
    0x04, 0x98, 0x8d, 0xf0, 0x00, 0x00, 0x00, 0x3e,
    0x50, 0x00, 0x00, 0x02, 0xff, 0xfc, 0x50, 0x00,
    0x00, 0x00, 0x00, 0x00, 0x00, 0x00, 0x00, 0x00,
    0x00, 0x00,

    /* U+6620 "映" */
    0x00, 0x00, 0x00, 0x00, 0x00, 0x00, 0x00, 0x00,
    0x00, 0x00, 0x00, 0x00, 0x00, 0x00, 0x00, 0x00,
    0x00, 0x00, 0x0e, 0x80, 0x00, 0x00, 0x00, 0x05,
    0x55, 0x55, 0x50, 0x00, 0x00, 0x00, 0xe8, 0x00,
    0x00, 0x00, 0x01, 0xff, 0xff, 0xff, 0x00, 0x00,
    0x00, 0x0e, 0x80, 0x00, 0x00, 0x00, 0x1f, 0x72,
    0x28, 0xf0, 0x01, 0x33, 0x33, 0xfa, 0x33, 0x33,
    0x20, 0x01, 0xf5, 0x00, 0x6f, 0x00, 0x7f, 0xff,
    0xff, 0xff, 0xff, 0xf9, 0x00, 0x1f, 0x50, 0x06,
    0xf0, 0x07, 0xf4, 0x44, 0xfa, 0x44, 0x4f, 0x90,
    0x01, 0xf5, 0x00, 0x6f, 0x00, 0x7f, 0x00, 0x0e,
    0x80, 0x00, 0xe9, 0x00, 0x1f, 0x50, 0x06, 0xf0,
    0x07, 0xf0, 0x00, 0xe8, 0x00, 0x0e, 0x90, 0x01,
    0xf9, 0x55, 0x9f, 0x00, 0x7f, 0x00, 0x0e, 0x80,
    0x00, 0xe9, 0x00, 0x1f, 0xff, 0xff, 0xf0, 0x07,
    0xf0, 0x00, 0xf8, 0x00, 0x0e, 0x90, 0x01, 0xf6,
    0x11, 0x7f, 0x00, 0x7f, 0x00, 0x0f, 0x80, 0x00,
    0xe9, 0x00, 0x1f, 0x50, 0x06, 0xf1, 0x39, 0xf4,
    0x34, 0xf9, 0x33, 0x3f, 0xa3, 0x01, 0xf5, 0x00,
    0x6f, 0x3f, 0xff, 0xff, 0xff, 0xff, 0xff, 0xff,
    0xf0, 0x1f, 0x50, 0x06, 0xf1, 0x33, 0x33, 0x38,
    0xff, 0x63, 0x33, 0x33, 0x01, 0xf5, 0x00, 0x6f,
    0x00, 0x00, 0x00, 0xbe, 0xf8, 0x00, 0x00, 0x00,
    0x1f, 0x71, 0x17, 0xf0, 0x00, 0x00, 0x2f, 0x99,
    0xe0, 0x00, 0x00, 0x01, 0xff, 0xff, 0xff, 0x00,
    0x00, 0x0b, 0xf2, 0x2f, 0x80, 0x00, 0x00, 0x1f,
    0x95, 0x55, 0x50, 0x00, 0x07, 0xf7, 0x00, 0x9f,
    0x20, 0x00, 0x01, 0xf5, 0x00, 0x00, 0x00, 0x09,
    0xfb, 0x00, 0x01, 0xee, 0x20, 0x00, 0x03, 0x10,
    0x00, 0x00, 0x3c, 0xf9, 0x00, 0x00, 0x03, 0xfe,
    0x40, 0x00, 0x00, 0x00, 0x00, 0xbf, 0xe6, 0x00,
    0x00, 0x00, 0x03, 0xef, 0xa0, 0x00, 0x00, 0x00,
    0x06, 0x70, 0x00, 0x00, 0x00, 0x00, 0x01, 0x95,
    0x00,

    /* U+6700 "最" */
    0x00, 0x03, 0x33, 0x33, 0x33, 0x33, 0x33, 0x33,
    0x33, 0x30, 0x00, 0x00, 0x0d, 0xff, 0xff, 0xff,
    0xff, 0xff, 0xff, 0xff, 0xc0, 0x00, 0x00, 0x0d,
    0xb0, 0x00, 0x00, 0x00, 0x00, 0x00, 0x0c, 0xc0,
    0x00, 0x00, 0x0d, 0xc2, 0x22, 0x22, 0x22, 0x22,
    0x22, 0x2d, 0xc0, 0x00, 0x00, 0x0d, 0xff, 0xff,
    0xff, 0xff, 0xff, 0xff, 0xff, 0xc0, 0x00, 0x00,
    0x0d, 0xb0, 0x00, 0x00, 0x00, 0x00, 0x00, 0x0c,
    0xc0, 0x00, 0x00, 0x0d, 0xc3, 0x33, 0x33, 0x33,
    0x33, 0x33, 0x3d, 0xc0, 0x00, 0x00, 0x0c, 0xff,
    0xff, 0xff, 0xff, 0xff, 0xff, 0xff, 0xb0, 0x00,
    0x00, 0x00, 0x00, 0x00, 0x00, 0x00, 0x00, 0x00,
    0x00, 0x00, 0x00, 0xef, 0xff, 0xff, 0xff, 0xff,
    0xff, 0xff, 0xff, 0xff, 0xff, 0xf9, 0x56, 0xbf,
    0x66, 0x66, 0xaf, 0x76, 0x66, 0x66, 0x66, 0x66,
    0x63, 0x00, 0x8e, 0x00, 0x00, 0x6f, 0x11, 0x11,
    0x11, 0x11, 0x11, 0x00, 0x00, 0x8f, 0xff, 0xff,
    0xff, 0x1d, 0xff, 0xff, 0xff, 0xff, 0xa0, 0x00,
    0x8f, 0x44, 0x44, 0x9f, 0x13, 0xcc, 0x44, 0x44,
    0x6f, 0x50, 0x00, 0x8e, 0x00, 0x00, 0x6f, 0x10,
    0x4f, 0x30, 0x00, 0xbd, 0x00, 0x00, 0x8f, 0xee,
    0xee, 0xff, 0x10, 0x0c, 0xc0, 0x05, 0xf6, 0x00,
    0x00, 0x8f, 0x55, 0x55, 0x9f, 0x10, 0x03, 0xfa,
    0x3f, 0xa0, 0x00, 0x00, 0x8e, 0x00, 0x00, 0x6f,
    0x52, 0x00, 0x6f, 0xfc, 0x00, 0x00, 0x02, 0xaf,
    0x79, 0xbd, 0xff, 0xf7, 0x00, 0x5f, 0xfb, 0x10,
    0x00, 0xef, 0xff, 0xfd, 0xb9, 0xbf, 0x40, 0x2b,
    0xfb, 0x7f, 0xe6, 0x00, 0x66, 0x31, 0x00, 0x00,
    0x6f, 0x3b, 0xff, 0x60, 0x02, 0xdf, 0xf8, 0x00,
    0x00, 0x00, 0x00, 0x6f, 0x2a, 0x71, 0x00, 0x00,
    0x04, 0xb4,

    /* U+671F "期" */
    0x00, 0x08, 0xa0, 0x00, 0x07, 0xc0, 0x00, 0x00,
    0x00, 0x00, 0x00, 0x00, 0x00, 0xac, 0x00, 0x00,
    0x9e, 0x00, 0x0f, 0xff, 0xff, 0xff, 0xf1, 0x00,
    0x0a, 0xc0, 0x00, 0x09, 0xe0, 0x00, 0xfc, 0x77,
    0x77, 0xbf, 0x10, 0xaf, 0xff, 0xff, 0xff, 0xff,
    0xfb, 0x0f, 0x80, 0x00, 0x07, 0xf1, 0x05, 0x7d,
    0xe7, 0x77, 0x7c, 0xf7, 0x50, 0xf8, 0x00, 0x00,
    0x7f, 0x10, 0x00, 0xac, 0x00, 0x00, 0x9e, 0x00,
    0x0f, 0x80, 0x00, 0x07, 0xf1, 0x00, 0x0a, 0xd2,
    0x22, 0x2a, 0xe0, 0x00, 0xfb, 0x66, 0x66, 0xaf,
    0x10, 0x00, 0xaf, 0xff, 0xff, 0xfe, 0x00, 0x0f,
    0xff, 0xff, 0xff, 0xf1, 0x00, 0x0a, 0xd2, 0x22,
    0x2a, 0xe0, 0x00, 0xf9, 0x11, 0x11, 0x8f, 0x10,
    0x00, 0xac, 0x00, 0x00, 0x9e, 0x00, 0x0f, 0x80,
    0x00, 0x07, 0xf1, 0x00, 0x0a, 0xe5, 0x55, 0x5b,
    0xe0, 0x00, 0xf8, 0x00, 0x00, 0x7f, 0x10, 0x00,
    0xaf, 0xff, 0xff, 0xfe, 0x00, 0x0f, 0x70, 0x00,
    0x07, 0xf1, 0x00, 0x0a, 0xc0, 0x00, 0x09, 0xe0,
    0x00, 0xfe, 0xcc, 0xcc, 0xef, 0x10, 0x00, 0xac,
    0x00, 0x00, 0x9e, 0x00, 0x2f, 0xca, 0xaa, 0xad,
    0xf1, 0x07, 0x7c, 0xe7, 0x77, 0x7c, 0xf7, 0x53,
    0xf4, 0x00, 0x00, 0x7f, 0x10, 0xff, 0xff, 0xff,
    0xff, 0xff, 0xfc, 0x5f, 0x10, 0x00, 0x07, 0xf1,
    0x00, 0x00, 0x31, 0x00, 0x11, 0x00, 0x08, 0xf0,
    0x00, 0x00, 0x7f, 0x10, 0x00, 0x2f, 0x90, 0x0e,
    0xb0, 0x00, 0xcc, 0x00, 0x00, 0x07, 0xf1, 0x00,
    0x0b, 0xf1, 0x00, 0x5f, 0x60, 0x0f, 0x90, 0x00,
    0x00, 0x7f, 0x10, 0x07, 0xf7, 0x00, 0x00, 0xbf,
    0x16, 0xf4, 0x00, 0x00, 0x07, 0xf1, 0x06, 0xfa,
    0x00, 0x00, 0x02, 0xe4, 0xee, 0x00, 0x05, 0x98,
    0xdf, 0x00, 0x7c, 0x00, 0x00, 0x00, 0x00, 0x1c,
    0x60, 0x00, 0x6f, 0xfd, 0x60, 0x00, 0x00, 0x00,
    0x00, 0x00, 0x00, 0x00, 0x00, 0x00, 0x00, 0x00,
    0x00,

    /* U+673A "机" */
    0x00, 0x00, 0x0d, 0xa0, 0x00, 0x00, 0x00, 0x00,
    0x00, 0x00, 0x00, 0x00, 0x00, 0x00, 0x0d, 0xa0,
    0x00, 0x00, 0x88, 0x88, 0x88, 0x86, 0x00, 0x00,
    0x00, 0x00, 0x0d, 0xa0, 0x00, 0x00, 0xff, 0xff,
    0xff, 0xfa, 0x00, 0x00, 0x00, 0x00, 0x0d, 0xa0,
    0x00, 0x00, 0xf9, 0x00, 0x00, 0xea, 0x00, 0x00,
    0x00, 0x00, 0x0d, 0xa0, 0x00, 0x00, 0xf9, 0x00,
    0x00, 0xea, 0x00, 0x00, 0x0e, 0xff, 0xff, 0xff,
    0xff, 0x50, 0xf9, 0x00, 0x00, 0xea, 0x00, 0x00,
    0x08, 0x99, 0xaf, 0xd9, 0x99, 0x30, 0xf9, 0x00,
    0x00, 0xea, 0x00, 0x00, 0x00, 0x00, 0x5f, 0xa0,
    0x00, 0x00, 0xf9, 0x00, 0x00, 0xea, 0x00, 0x00,
    0x00, 0x00, 0xaf, 0xb0, 0x00, 0x00, 0xf9, 0x00,
    0x00, 0xea, 0x00, 0x00, 0x00, 0x00, 0xff, 0xf4,
    0x00, 0x00, 0xf9, 0x00, 0x00, 0xea, 0x00, 0x00,
    0x00, 0x06, 0xed, 0xff, 0x30, 0x00, 0xf8, 0x00,
    0x00, 0xea, 0x00, 0x00, 0x00, 0x0c, 0x8d, 0xbb,
    0xe1, 0x00, 0xf7, 0x00, 0x00, 0xea, 0x00, 0x00,
    0x00, 0x4f, 0x1d, 0xa1, 0xed, 0x12, 0xf6, 0x00,
    0x00, 0xea, 0x00, 0x00, 0x00, 0xcb, 0x0d, 0xa0,
    0x4f, 0x24, 0xf4, 0x00, 0x00, 0xea, 0x00, 0x00,
    0x05, 0xf4, 0x0d, 0xa0, 0x02, 0x07, 0xf1, 0x00,
    0x00, 0xea, 0x00, 0x00, 0x1f, 0xb0, 0x0d, 0xa0,
    0x00, 0x0a, 0xe0, 0x00, 0x00, 0xea, 0x00, 0x00,
    0x4f, 0x20, 0x0d, 0xa0, 0x00, 0x0f, 0x90, 0x00,
    0x00, 0xea, 0x00, 0xe2, 0x03, 0x00, 0x0d, 0xa0,
    0x00, 0x6f, 0x30, 0x00, 0x00, 0xea, 0x00, 0xf3,
    0x00, 0x00, 0x0d, 0xa0, 0x00, 0xcd, 0x00, 0x00,
    0x00, 0xea, 0x00, 0xf3, 0x00, 0x00, 0x0d, 0xa0,
    0x06, 0xf5, 0x00, 0x00, 0x00, 0xeb, 0x01, 0xf2,
    0x00, 0x00, 0x0d, 0xa0, 0x3f, 0xb0, 0x00, 0x00,
    0x00, 0xde, 0x7b, 0xf0, 0x00, 0x00, 0x0d, 0xa0,
    0x5c, 0x10, 0x00, 0x00, 0x00, 0x5e, 0xfe, 0x80,
    0x00, 0x00, 0x00, 0x00, 0x00, 0x00, 0x00, 0x00,
    0x00, 0x00, 0x00, 0x00,

    /* U+6761 "条" */
    0x00, 0x00, 0x00, 0x00, 0x02, 0x00, 0x00, 0x00,
    0x00, 0x00, 0x00, 0x00, 0x00, 0x00, 0x00, 0x09,
    0xf6, 0x00, 0x00, 0x00, 0x00, 0x00, 0x00, 0x00,
    0x00, 0x00, 0x04, 0xfb, 0x00, 0x00, 0x00, 0x00,
    0x00, 0x00, 0x00, 0x00, 0x00, 0x03, 0xff, 0xff,
    0xff, 0xff, 0xff, 0xd2, 0x00, 0x00, 0x00, 0x00,
    0x04, 0xff, 0x87, 0x77, 0x77, 0x7a, 0xfb, 0x00,
    0x00, 0x00, 0x00, 0x07, 0xfd, 0xfc, 0x00, 0x00,
    0x02, 0xee, 0x10, 0x00, 0x00, 0x00, 0x3c, 0xfb,
    0x15, 0xfb, 0x10, 0x03, 0xef, 0x30, 0x00, 0x00,
    0x00, 0x2f, 0xf7, 0x00, 0x05, 0xfe, 0x47, 0xfd,
    0x20, 0x00, 0x00, 0x00, 0x00, 0x42, 0x00, 0x00,
    0x03, 0xff, 0xfc, 0x10, 0x00, 0x00, 0x00, 0x00,
    0x00, 0x00, 0x00, 0x17, 0xdf, 0xef, 0xfb, 0x50,
    0x00, 0x00, 0x00, 0x00, 0x00, 0x15, 0xaf, 0xfb,
    0x40, 0x17, 0xdf, 0xe8, 0x41, 0x00, 0x01, 0x6a,
    0xdf, 0xfd, 0x81, 0x00, 0x42, 0x00, 0x4a, 0xef,
    0xfe, 0xb6, 0x0d, 0xc8, 0x41, 0x00, 0x00, 0x0f,
    0x90, 0x00, 0x00, 0x25, 0x9c, 0x30, 0x00, 0x00,
    0x00, 0x00, 0x00, 0xf9, 0x00, 0x00, 0x00, 0x00,
    0x00, 0x00, 0x0a, 0xff, 0xff, 0xff, 0xff, 0xff,
    0xff, 0xff, 0xff, 0x20, 0x00, 0x00, 0x57, 0x77,
    0x77, 0x78, 0xfc, 0x77, 0x77, 0x77, 0x71, 0x00,
    0x00, 0x00, 0x00, 0x03, 0x00, 0x0f, 0x90, 0x02,
    0x20, 0x00, 0x00, 0x00, 0x00, 0x00, 0x0a, 0xf2,
    0x00, 0xf9, 0x00, 0xce, 0x30, 0x00, 0x00, 0x00,
    0x00, 0x09, 0xf5, 0x00, 0x0f, 0x90, 0x01, 0xdf,
    0x30, 0x00, 0x00, 0x00, 0x0b, 0xf6, 0x00, 0x00,
    0xf9, 0x00, 0x01, 0xdf, 0x30, 0x00, 0x00, 0x3d,
    0xf5, 0x00, 0x00, 0x0f, 0x90, 0x00, 0x01, 0xde,
    0x10, 0x00, 0x05, 0xe4, 0x00, 0x02, 0x67, 0xf8,
    0x00, 0x00, 0x02, 0xf6, 0x00, 0x00, 0x00, 0x00,
    0x00, 0x2f, 0xfc, 0x20, 0x00, 0x00, 0x01, 0x00,
    0x00,

    /* U+6807 "标" */
    0x00, 0x00, 0x0d, 0xb0, 0x00, 0x00, 0x00, 0x00,
    0x00, 0x00, 0x00, 0x00, 0x00, 0x00, 0x0d, 0xb0,
    0x00, 0x00, 0x00, 0x00, 0x00, 0x00, 0x00, 0x00,
    0x00, 0x00, 0x0d, 0xb0, 0x00, 0x08, 0xff, 0xff,
    0xff, 0xff, 0xfe, 0x00, 0x00, 0x00, 0x0d, 0xb0,
    0x00, 0x03, 0x77, 0x77, 0x77, 0x77, 0x76, 0x00,
    0x00, 0x00, 0x0d, 0xb0, 0x00, 0x00, 0x00, 0x00,
    0x00, 0x00, 0x00, 0x00, 0x08, 0xdd, 0xdf, 0xfd,
    0xdc, 0x00, 0x00, 0x00, 0x00, 0x00, 0x00, 0x00,
    0x05, 0x99, 0xbf, 0xe9, 0x98, 0x00, 0x00, 0x00,
    0x00, 0x00, 0x00, 0x00, 0x00, 0x00, 0x9f, 0xe1,
    0x00, 0x57, 0x77, 0x77, 0x77, 0x77, 0x77, 0x71,
    0x00, 0x00, 0xef, 0xfb, 0x00, 0xaf, 0xff, 0xff,
    0xff, 0xff, 0xff, 0xf2, 0x00, 0x04, 0xff, 0xde,
    0x80, 0x00, 0x00, 0x06, 0xf4, 0x00, 0x00, 0x00,
    0x00, 0x0a, 0xbd, 0xb5, 0xf5, 0x00, 0x00, 0x05,
    0xf4, 0x00, 0x00, 0x00, 0x00, 0x1f, 0x5d, 0xb0,
    0xbc, 0x00, 0x00, 0x05, 0xf4, 0x00, 0x10, 0x00,
    0x00, 0x9e, 0x0d, 0xb0, 0x23, 0x01, 0xf7, 0x05,
    0xf4, 0x0b, 0xb0, 0x00, 0x03, 0xf7, 0x0d, 0xb0,
    0x00, 0x06, 0xf3, 0x05, 0xf4, 0x06, 0xf2, 0x00,
    0x0d, 0xe0, 0x0d, 0xb0, 0x00, 0x0c, 0xd0, 0x05,
    0xf4, 0x01, 0xf9, 0x00, 0x0e, 0x60, 0x0d, 0xb0,
    0x00, 0x1f, 0x70, 0x05, 0xf4, 0x00, 0x9f, 0x00,
    0x02, 0x00, 0x0d, 0xb0, 0x00, 0x9f, 0x10, 0x05,
    0xf4, 0x00, 0x3f, 0x50, 0x00, 0x00, 0x0d, 0xb0,
    0x02, 0xf9, 0x00, 0x05, 0xf4, 0x00, 0x0e, 0xb0,
    0x00, 0x00, 0x0d, 0xb0, 0x0c, 0xf1, 0x00, 0x05,
    0xf4, 0x00, 0x09, 0xf0, 0x00, 0x00, 0x0d, 0xb0,
    0x02, 0x50, 0x00, 0x06, 0xf4, 0x00, 0x04, 0x70,
    0x00, 0x00, 0x0d, 0xb0, 0x00, 0x00, 0x49, 0x9d,
    0xf2, 0x00, 0x00, 0x00, 0x00, 0x00, 0x0d, 0xb0,
    0x00, 0x00, 0x3f, 0xfd, 0x80, 0x00, 0x00, 0x00,

    /* U+680F "栏" */
    0x00, 0x00, 0x4f, 0x40, 0x00, 0x01, 0x60, 0x00,
    0x00, 0x0a, 0x40, 0x00, 0x00, 0x04, 0xf4, 0x00,
    0x00, 0x5f, 0x50, 0x00, 0x05, 0xf5, 0x00, 0x00,
    0x00, 0x4f, 0x40, 0x00, 0x00, 0xbe, 0x00, 0x00,
    0xcd, 0x00, 0x00, 0x00, 0x04, 0xf4, 0x00, 0x00,
    0x02, 0xf7, 0x00, 0x5f, 0x50, 0x00, 0x02, 0x55,
    0x8f, 0x85, 0x50, 0x00, 0x0b, 0x90, 0x0d, 0xb0,
    0x00, 0x00, 0x6f, 0xff, 0xff, 0xff, 0x19, 0x99,
    0x99, 0x9b, 0xfb, 0x99, 0x80, 0x00, 0x11, 0x8f,
    0x51, 0x10, 0xff, 0xff, 0xff, 0xff, 0xff, 0xfd,
    0x00, 0x00, 0x0c, 0xfc, 0x00, 0x00, 0x00, 0x00,
    0x00, 0x00, 0x00, 0x00, 0x00, 0x01, 0xff, 0xf7,
    0x00, 0x00, 0x00, 0x00, 0x00, 0x00, 0x00, 0x00,
    0x00, 0x7f, 0xfb, 0xf2, 0x00, 0x00, 0x00, 0x00,
    0x00, 0x00, 0x00, 0x00, 0x0c, 0xdf, 0x4d, 0xc0,
    0x00, 0x00, 0x00, 0x00, 0x00, 0x00, 0x00, 0x02,
    0xf7, 0xf4, 0x4f, 0x30, 0x00, 0x00, 0x00, 0x00,
    0x00, 0x00, 0x00, 0x9c, 0x4f, 0x40, 0x40, 0x0f,
    0xff, 0xff, 0xff, 0xff, 0xb0, 0x00, 0x1f, 0x64,
    0xf4, 0x00, 0x00, 0x77, 0x77, 0x77, 0x77, 0x75,
    0x00, 0x0b, 0xe0, 0x4f, 0x40, 0x00, 0x00, 0x00,
    0x00, 0x00, 0x00, 0x00, 0x01, 0xf7, 0x04, 0xf4,
    0x00, 0x00, 0x00, 0x00, 0x00, 0x00, 0x00, 0x00,
    0x06, 0x00, 0x4f, 0x40, 0x00, 0x00, 0x00, 0x00,
    0x00, 0x00, 0x00, 0x00, 0x00, 0x04, 0xf4, 0x00,
    0x00, 0x00, 0x00, 0x00, 0x00, 0x00, 0x00, 0x00,
    0x00, 0x4f, 0x40, 0x00, 0x00, 0x00, 0x00, 0x00,
    0x00, 0x00, 0x00, 0x00, 0x04, 0xf4, 0x00, 0xff,
    0xff, 0xff, 0xff, 0xff, 0xff, 0xfa, 0x00, 0x00,
    0x4f, 0x40, 0x08, 0x88, 0x88, 0x88, 0x88, 0x88,
    0x88, 0x60, 0x00, 0x04, 0xf4, 0x00, 0x00, 0x00,
    0x00, 0x00, 0x00, 0x00, 0x00,

    /* U+6821 "校" */
    0x00, 0x00, 0x00, 0x00, 0x00, 0x00, 0x00, 0x00,
    0x00, 0x00, 0x00, 0x00, 0x00, 0x00, 0x4f, 0x30,
    0x00, 0x00, 0x00, 0xc9, 0x00, 0x00, 0x00, 0x00,
    0x00, 0x00, 0x4f, 0x30, 0x00, 0x00, 0x00, 0x6f,
    0x60, 0x00, 0x00, 0x00, 0x00, 0x00, 0x4f, 0x30,
    0x00, 0x00, 0x00, 0x0c, 0xe0, 0x00, 0x00, 0x00,
    0x00, 0x00, 0x4f, 0x30, 0x03, 0x77, 0x77, 0x7a,
    0x97, 0x77, 0x77, 0x50, 0x00, 0x00, 0x4f, 0x30,
    0x06, 0xff, 0xff, 0xff, 0xff, 0xff, 0xff, 0xb0,
    0x06, 0xff, 0xff, 0xff, 0xf0, 0x00, 0x11, 0x00,
    0x00, 0x30, 0x00, 0x00, 0x03, 0x88, 0xdf, 0xa8,
    0x80, 0x00, 0xaf, 0x10, 0x07, 0xf5, 0x00, 0x00,
    0x00, 0x00, 0xdf, 0x40, 0x00, 0x04, 0xf8, 0x00,
    0x00, 0xbf, 0x40, 0x00, 0x00, 0x02, 0xff, 0xc0,
    0x00, 0x1e, 0xd0, 0x00, 0x00, 0x0c, 0xf2, 0x00,
    0x00, 0x07, 0xff, 0xf6, 0x01, 0xdf, 0x20, 0x00,
    0x00, 0x01, 0xed, 0x00, 0x00, 0x0b, 0xdf, 0x9e,
    0x1c, 0xf7, 0xd2, 0x00, 0x00, 0xda, 0x4f, 0x70,
    0x00, 0x1f, 0x7f, 0x3d, 0x95, 0x40, 0xe9, 0x00,
    0x03, 0xf7, 0x05, 0x00, 0x00, 0x7d, 0x4f, 0x36,
    0xd0, 0x00, 0x8f, 0x10, 0x09, 0xf1, 0x00, 0x00,
    0x00, 0xd8, 0x4f, 0x30, 0x20, 0x00, 0x1f, 0xa0,
    0x2f, 0xa0, 0x00, 0x00, 0x05, 0xf2, 0x4f, 0x30,
    0x00, 0x00, 0x07, 0xf5, 0xbf, 0x20, 0x00, 0x00,
    0x0e, 0xb0, 0x4f, 0x30, 0x00, 0x00, 0x00, 0xcf,
    0xf8, 0x00, 0x00, 0x00, 0x0e, 0x30, 0x4f, 0x30,
    0x00, 0x00, 0x00, 0x6f, 0xf2, 0x00, 0x00, 0x00,
    0x02, 0x00, 0x4f, 0x30, 0x00, 0x00, 0x05, 0xfe,
    0xfe, 0x30, 0x00, 0x00, 0x00, 0x00, 0x4f, 0x30,
    0x00, 0x00, 0x6f, 0xd2, 0x4f, 0xf5, 0x00, 0x00,
    0x00, 0x00, 0x4f, 0x30, 0x00, 0x2b, 0xfc, 0x10,
    0x03, 0xef, 0xc4, 0x00, 0x00, 0x00, 0x4f, 0x30,
    0x09, 0xff, 0x70, 0x00, 0x00, 0x19, 0xff, 0xc0,
    0x00, 0x00, 0x4f, 0x30, 0x0b, 0xa1, 0x00, 0x00,
    0x00, 0x00, 0x29, 0x40, 0x00, 0x00, 0x00, 0x00,
    0x00, 0x00, 0x00, 0x00, 0x00, 0x00, 0x00, 0x00,

    /* U+6837 "样" */
    0x00, 0x00, 0x00, 0x00, 0x00, 0x00, 0x00, 0x00,
    0x00, 0x00, 0x00, 0x00, 0x00, 0x0b, 0xc0, 0x00,
    0x04, 0xc1, 0x00, 0x00, 0x00, 0xac, 0x00, 0x00,
    0x00, 0xbc, 0x00, 0x00, 0x1f, 0xb0, 0x00, 0x00,
    0x1f, 0xa0, 0x00, 0x00, 0x0b, 0xc0, 0x00, 0x00,
    0x7f, 0x40, 0x00, 0x09, 0xf2, 0x00, 0x00, 0x00,
    0xbc, 0x00, 0x00, 0x00, 0xeb, 0x00, 0x02, 0xf8,
    0x00, 0x00, 0x67, 0x7d, 0xe7, 0x72, 0x57, 0x7b,
    0x87, 0x77, 0xcf, 0x87, 0x70, 0x0d, 0xff, 0xff,
    0xff, 0x6a, 0xff, 0xff, 0xff, 0xff, 0xff, 0xff,
    0x00, 0x00, 0x0e, 0xc0, 0x00, 0x00, 0x00, 0x03,
    0xf6, 0x00, 0x00, 0x00, 0x00, 0x02, 0xff, 0x20,
    0x00, 0x00, 0x00, 0x3f, 0x60, 0x00, 0x00, 0x00,
    0x00, 0x7f, 0xfc, 0x00, 0x00, 0x00, 0x03, 0xf6,
    0x00, 0x00, 0x00, 0x00, 0x0c, 0xfd, 0xe6, 0x00,
    0x78, 0x88, 0x9f, 0xb8, 0x88, 0x81, 0x00, 0x01,
    0xfe, 0xc7, 0xf1, 0x0e, 0xff, 0xff, 0xff, 0xff,
    0xff, 0x20, 0x00, 0x7d, 0xbc, 0x0e, 0x60, 0x00,
    0x00, 0x3f, 0x60, 0x00, 0x00, 0x00, 0x0d, 0x7b,
    0xc0, 0x30, 0x00, 0x00, 0x03, 0xf6, 0x00, 0x00,
    0x00, 0x05, 0xf2, 0xbc, 0x00, 0x00, 0x00, 0x00,
    0x3f, 0x60, 0x00, 0x00, 0x00, 0xeb, 0x0b, 0xc0,
    0x04, 0x77, 0x77, 0x79, 0xfa, 0x77, 0x77, 0x73,
    0x4f, 0x40, 0xbc, 0x00, 0x9f, 0xff, 0xff, 0xff,
    0xff, 0xff, 0xff, 0x70, 0x70, 0x0b, 0xc0, 0x00,
    0x00, 0x00, 0x03, 0xf6, 0x00, 0x00, 0x00, 0x00,
    0x00, 0xbc, 0x00, 0x00, 0x00, 0x00, 0x3f, 0x60,
    0x00, 0x00, 0x00, 0x00, 0x0b, 0xc0, 0x00, 0x00,
    0x00, 0x03, 0xf6, 0x00, 0x00, 0x00, 0x00, 0x00,
    0xbc, 0x00, 0x00, 0x00, 0x00, 0x3f, 0x60, 0x00,
    0x00, 0x00, 0x00, 0x0b, 0xc0, 0x00, 0x00, 0x00,
    0x03, 0xf6, 0x00, 0x00, 0x00, 0x00, 0x00, 0xbc,
    0x00, 0x00, 0x00, 0x00, 0x3f, 0x60, 0x00, 0x00,
    0x00,

    /* U+683C "格" */
    0x00, 0x00, 0x3f, 0x40, 0x00, 0x00, 0x06, 0xd2,
    0x00, 0x00, 0x00, 0x00, 0x00, 0x00, 0x3f, 0x40,
    0x00, 0x00, 0x0e, 0xd0, 0x00, 0x00, 0x00, 0x00,
    0x00, 0x00, 0x3f, 0x40, 0x00, 0x00, 0x8f, 0xb7,
    0x77, 0x77, 0x50, 0x00, 0x00, 0x00, 0x3f, 0x40,
    0x00, 0x02, 0xff, 0xff, 0xff, 0xff, 0xc0, 0x00,
    0x00, 0x00, 0x3f, 0x40, 0x00, 0x1d, 0xf5, 0x00,
    0x00, 0x4f, 0x40, 0x00, 0x0e, 0xff, 0xff, 0xff,
    0xf7, 0xbf, 0xdd, 0x00, 0x00, 0xdc, 0x00, 0x00,
    0x08, 0x88, 0xcf, 0xa8, 0x9e, 0xf7, 0x2f, 0x90,
    0x09, 0xf4, 0x00, 0x00, 0x00, 0x00, 0xbf, 0x50,
    0x2e, 0x80, 0x06, 0xf7, 0x7f, 0x70, 0x00, 0x00,
    0x00, 0x00, 0xff, 0xe1, 0x01, 0x00, 0x00, 0x9f,
    0xfa, 0x00, 0x00, 0x00, 0x00, 0x04, 0xff, 0xec,
    0x00, 0x00, 0x00, 0x9f, 0xf9, 0x00, 0x00, 0x00,
    0x00, 0x0a, 0xcf, 0x6f, 0xa0, 0x00, 0x3d, 0xf8,
    0x8f, 0xd3, 0x00, 0x00, 0x00, 0x1f, 0x6f, 0x46,
    0xf3, 0x18, 0xfd, 0x30, 0x04, 0xef, 0xa4, 0x00,
    0x00, 0x8d, 0x3f, 0x40, 0x8a, 0xff, 0x90, 0x00,
    0x00, 0x08, 0xff, 0xc0, 0x00, 0xe6, 0x3f, 0x40,
    0xaf, 0xbf, 0xff, 0xff, 0xff, 0xff, 0xf8, 0x60,
    0x08, 0xf1, 0x3f, 0x40, 0x11, 0x1f, 0xa6, 0x66,
    0x66, 0x6c, 0xf0, 0x00, 0x3f, 0x80, 0x3f, 0x40,
    0x00, 0x1f, 0x60, 0x00, 0x00, 0x09, 0xf0, 0x00,
    0x2d, 0x00, 0x3f, 0x40, 0x00, 0x1f, 0x60, 0x00,
    0x00, 0x09, 0xf0, 0x00, 0x01, 0x00, 0x3f, 0x40,
    0x00, 0x1f, 0x60, 0x00, 0x00, 0x09, 0xf0, 0x00,
    0x00, 0x00, 0x3f, 0x40, 0x00, 0x1f, 0x60, 0x00,
    0x00, 0x09, 0xf0, 0x00, 0x00, 0x00, 0x3f, 0x40,
    0x00, 0x1f, 0xb7, 0x77, 0x77, 0x7c, 0xf0, 0x00,
    0x00, 0x00, 0x3f, 0x40, 0x00, 0x1f, 0xff, 0xff,
    0xff, 0xff, 0xf0, 0x00, 0x00, 0x00, 0x3f, 0x40,
    0x00, 0x1f, 0x60, 0x00, 0x00, 0x09, 0xf0, 0x00,
    0x00, 0x00, 0x00, 0x00, 0x00, 0x00, 0x00, 0x00,
    0x00, 0x00, 0x00, 0x00,

    /* U+68C0 "检" */
    0x00, 0x00, 0x00, 0x00, 0x00, 0x00, 0x00, 0x00,
    0x00, 0x00, 0x00, 0x00, 0x00, 0x0b, 0xb0, 0x00,
    0x00, 0x00, 0x08, 0xe1, 0x00, 0x00, 0x00, 0x00,
    0x00, 0xbb, 0x00, 0x00, 0x00, 0x01, 0xff, 0x10,
    0x00, 0x00, 0x00, 0x00, 0x0b, 0xb0, 0x00, 0x00,
    0x00, 0xae, 0xec, 0x00, 0x00, 0x00, 0x00, 0x00,
    0xbb, 0x00, 0x00, 0x00, 0x6f, 0x43, 0xfa, 0x00,
    0x00, 0x00, 0x78, 0x8e, 0xe8, 0x83, 0x00, 0x3f,
    0x70, 0x05, 0xf9, 0x00, 0x00, 0x0e, 0xff, 0xff,
    0xff, 0x50, 0x4f, 0xb0, 0x00, 0x06, 0xfa, 0x00,
    0x00, 0x00, 0x1f, 0xb0, 0x00, 0x4f, 0xd1, 0x00,
    0x00, 0x06, 0xfc, 0x10, 0x00, 0x05, 0xfe, 0x00,
    0x8f, 0xc8, 0x77, 0x77, 0x77, 0x76, 0xfe, 0x50,
    0x00, 0xaf, 0xf9, 0x5f, 0xb0, 0xef, 0xff, 0xff,
    0xff, 0x23, 0xd9, 0x00, 0x0e, 0xfe, 0xf3, 0x50,
    0x00, 0x00, 0x00, 0x00, 0x00, 0x01, 0x10, 0x03,
    0xfd, 0xba, 0xd0, 0x00, 0x00, 0x02, 0x10, 0x00,
    0x02, 0x00, 0x00, 0x9b, 0xbb, 0x2f, 0x44, 0x80,
    0x00, 0xd7, 0x00, 0x02, 0xf5, 0x00, 0x0f, 0x6b,
    0xb0, 0x40, 0x5f, 0x10, 0x0a, 0xb0, 0x00, 0x8e,
    0x00, 0x07, 0xf1, 0xbb, 0x00, 0x00, 0xf7, 0x00,
    0x6e, 0x00, 0x0e, 0x80, 0x01, 0xf9, 0x0b, 0xb0,
    0x00, 0x0a, 0xb0, 0x04, 0xf1, 0x05, 0xf1, 0x00,
    0x1e, 0x20, 0xbb, 0x00, 0x00, 0x6f, 0x00, 0x1f,
    0x30, 0xc9, 0x00, 0x00, 0x20, 0x0b, 0xb0, 0x00,
    0x03, 0xf2, 0x00, 0x61, 0x4f, 0x20, 0x00, 0x00,
    0x00, 0xbb, 0x00, 0x00, 0x00, 0x00, 0x00, 0x0c,
    0xa0, 0x00, 0x00, 0x00, 0x0b, 0xb0, 0x00, 0x00,
    0x00, 0x00, 0x04, 0xf1, 0x00, 0x00, 0x00, 0x00,
    0xbb, 0x00, 0xef, 0xff, 0xff, 0xff, 0xff, 0xff,
    0xff, 0x50, 0x00, 0x0b, 0xb0, 0x07, 0x88, 0x88,
    0x88, 0x88, 0x88, 0x88, 0x82, 0x00, 0x00, 0xbb,
    0x00, 0x00, 0x00, 0x00, 0x00, 0x00, 0x00, 0x00,
    0x00,

    /* U+6A21 "模" */
    0x00, 0x00, 0xda, 0x00, 0x00, 0x00, 0xe9, 0x00,
    0x08, 0xf0, 0x00, 0x00, 0x00, 0x0d, 0xa0, 0x00,
    0x00, 0x0e, 0x90, 0x00, 0x8f, 0x00, 0x00, 0x00,
    0x00, 0xda, 0x00, 0x8f, 0xff, 0xff, 0xff, 0xff,
    0xff, 0xff, 0x70, 0x00, 0x0d, 0xa0, 0x03, 0x66,
    0x6f, 0xc6, 0x66, 0xbf, 0x66, 0x63, 0x05, 0x55,
    0xec, 0x55, 0x10, 0x00, 0xe9, 0x00, 0x08, 0xf0,
    0x00, 0x00, 0xef, 0xff, 0xff, 0xf3, 0x24, 0x48,
    0x64, 0x44, 0x68, 0x44, 0x00, 0x01, 0x12, 0xfb,
    0x11, 0x08, 0xff, 0xff, 0xff, 0xff, 0xff, 0xf3,
    0x00, 0x00, 0x4f, 0xe0, 0x00, 0x8f, 0x00, 0x00,
    0x00, 0x00, 0x5f, 0x30, 0x00, 0x09, 0xff, 0x80,
    0x08, 0xf3, 0x33, 0x33, 0x33, 0x38, 0xf3, 0x00,
    0x00, 0xdf, 0xdf, 0x20, 0x8f, 0xff, 0xff, 0xff,
    0xff, 0xff, 0x30, 0x00, 0x2f, 0xfa, 0xbc, 0x08,
    0xf0, 0x00, 0x00, 0x00, 0x05, 0xf3, 0x00, 0x07,
    0xcd, 0xa3, 0xf5, 0x8f, 0x33, 0x33, 0x33, 0x33,
    0x7f, 0x30, 0x00, 0xe7, 0xda, 0x09, 0x18, 0xff,
    0xff, 0xff, 0xff, 0xff, 0xf3, 0x00, 0x5f, 0x1d,
    0xa0, 0x00, 0x00, 0x00, 0x0a, 0xe0, 0x00, 0x00,
    0x00, 0x0d, 0xb0, 0xda, 0x00, 0x00, 0x00, 0x00,
    0xdb, 0x00, 0x00, 0x00, 0x03, 0xf4, 0x0d, 0xa0,
    0x1f, 0xff, 0xff, 0xff, 0xff, 0xff, 0xff, 0xf6,
    0x06, 0x00, 0xda, 0x00, 0x66, 0x66, 0x6c, 0xfc,
    0xf7, 0x66, 0x66, 0x30, 0x00, 0x0d, 0xa0, 0x00,
    0x00, 0x02, 0xfb, 0x2f, 0x90, 0x00, 0x00, 0x00,
    0x00, 0xda, 0x00, 0x00, 0x02, 0xdf, 0x20, 0x7f,
    0x80, 0x00, 0x00, 0x00, 0x0d, 0xa0, 0x00, 0x07,
    0xef, 0x40, 0x00, 0x8f, 0xc3, 0x00, 0x00, 0x00,
    0xda, 0x04, 0xaf, 0xfb, 0x20, 0x00, 0x00, 0x5e,
    0xfc, 0x60, 0x00, 0x0d, 0xa0, 0x3e, 0x93, 0x00,
    0x00, 0x00, 0x00, 0x17, 0xd5, 0x00, 0x00, 0x00,
    0x00, 0x00, 0x00, 0x00, 0x00, 0x00, 0x00, 0x00,
    0x00,

    /* U+6B21 "次" */
    0x00, 0x00, 0x00, 0x00, 0x00, 0x00, 0x00, 0x00,
    0x00, 0x00, 0x00, 0x00, 0x00, 0x00, 0x00, 0x03,
    0xf8, 0x00, 0x00, 0x00, 0x00, 0x00, 0x03, 0x00,
    0x00, 0x00, 0x07, 0xf5, 0x00, 0x00, 0x00, 0x00,
    0x00, 0x4f, 0xc3, 0x00, 0x00, 0x0c, 0xf1, 0x00,
    0x00, 0x00, 0x00, 0x00, 0x05, 0xef, 0x80, 0x00,
    0x1f, 0xc0, 0x00, 0x00, 0x00, 0x00, 0x00, 0x00,
    0x1b, 0xfc, 0x00, 0x5f, 0xff, 0xff, 0xff, 0xff,
    0xff, 0xd1, 0x00, 0x00, 0x77, 0x00, 0xaf, 0xa9,
    0x99, 0x99, 0x99, 0x9e, 0xf0, 0x00, 0x00, 0x00,
    0x01, 0xfc, 0x00, 0x02, 0x10, 0x00, 0x0f, 0xa0,
    0x00, 0x00, 0x00, 0x08, 0xf5, 0x00, 0x3f, 0x70,
    0x00, 0x6f, 0x40, 0x00, 0x00, 0x00, 0x2f, 0xd0,
    0x00, 0x3f, 0x70, 0x00, 0xce, 0x00, 0x00, 0x00,
    0x00, 0xbf, 0x40, 0x00, 0x5f, 0x60, 0x03, 0xf7,
    0x00, 0x00, 0x00, 0x00, 0x17, 0x00, 0x00, 0x6f,
    0x80, 0x04, 0xd1, 0x00, 0x00, 0x00, 0x3a, 0x00,
    0x00, 0x00, 0x8f, 0xd0, 0x00, 0x00, 0x00, 0x00,
    0x00, 0xdf, 0x10, 0x00, 0x00, 0xbf, 0xf2, 0x00,
    0x00, 0x00, 0x00, 0x08, 0xf6, 0x00, 0x00, 0x01,
    0xfd, 0xf7, 0x00, 0x00, 0x00, 0x00, 0x3f, 0xc0,
    0x00, 0x00, 0x07, 0xf5, 0xae, 0x00, 0x00, 0x00,
    0x00, 0xdf, 0x30, 0x00, 0x00, 0x1f, 0xe0, 0x3f,
    0x80, 0x00, 0x00, 0x09, 0xf8, 0x00, 0x00, 0x00,
    0xbf, 0x40, 0x0b, 0xf2, 0x00, 0x00, 0x5f, 0xd0,
    0x00, 0x00, 0x0a, 0xf9, 0x00, 0x02, 0xfe, 0x10,
    0x00, 0x8f, 0x20, 0x00, 0x01, 0xbf, 0xa0, 0x00,
    0x00, 0x5f, 0xd1, 0x00, 0x02, 0x00, 0x00, 0x4d,
    0xfa, 0x00, 0x00, 0x00, 0x06, 0xff, 0x80, 0x00,
    0x00, 0x0b, 0xff, 0x60, 0x00, 0x00, 0x00, 0x00,
    0x4e, 0xfb, 0x00, 0x00, 0x07, 0xa2, 0x00, 0x00,
    0x00, 0x00, 0x00, 0x00, 0x72,

    /* U+6B63 "正" */
    0x05, 0x88, 0x88, 0x88, 0x88, 0x88, 0x88, 0x88,
    0x88, 0x88, 0x80, 0x0a, 0xff, 0xff, 0xff, 0xff,
    0xff, 0xff, 0xff, 0xff, 0xff, 0xf0, 0x00, 0x00,
    0x00, 0x00, 0x00, 0x3f, 0x70, 0x00, 0x00, 0x00,
    0x00, 0x00, 0x00, 0x00, 0x00, 0x00, 0x2f, 0x70,
    0x00, 0x00, 0x00, 0x00, 0x00, 0x00, 0x00, 0x00,
    0x00, 0x2f, 0x70, 0x00, 0x00, 0x00, 0x00, 0x00,
    0x00, 0x00, 0x00, 0x00, 0x2f, 0x70, 0x00, 0x00,
    0x00, 0x00, 0x00, 0x01, 0x52, 0x00, 0x00, 0x2f,
    0x70, 0x00, 0x00, 0x00, 0x00, 0x00, 0x04, 0xf5,
    0x00, 0x00, 0x2f, 0x70, 0x00, 0x00, 0x00, 0x00,
    0x00, 0x04, 0xf5, 0x00, 0x00, 0x2f, 0x70, 0x00,
    0x00, 0x00, 0x00, 0x00, 0x04, 0xf5, 0x00, 0x00,
    0x2f, 0xff, 0xff, 0xff, 0xff, 0x10, 0x00, 0x04,
    0xf5, 0x00, 0x00, 0x2f, 0xb8, 0x88, 0x88, 0x88,
    0x00, 0x00, 0x04, 0xf5, 0x00, 0x00, 0x2f, 0x70,
    0x00, 0x00, 0x00, 0x00, 0x00, 0x04, 0xf5, 0x00,
    0x00, 0x2f, 0x70, 0x00, 0x00, 0x00, 0x00, 0x00,
    0x04, 0xf5, 0x00, 0x00, 0x2f, 0x70, 0x00, 0x00,
    0x00, 0x00, 0x00, 0x04, 0xf5, 0x00, 0x00, 0x2f,
    0x70, 0x00, 0x00, 0x00, 0x00, 0x00, 0x04, 0xf5,
    0x00, 0x00, 0x2f, 0x70, 0x00, 0x00, 0x00, 0x00,
    0x00, 0x04, 0xf5, 0x00, 0x00, 0x2f, 0x70, 0x00,
    0x00, 0x00, 0x00, 0x00, 0x04, 0xf5, 0x00, 0x00,
    0x2f, 0x70, 0x00, 0x00, 0x00, 0x00, 0x9f, 0xff,
    0xff, 0xff, 0xff, 0xff, 0xff, 0xff, 0xff, 0xff,
    0xfe, 0x59, 0x99, 0x99, 0x99, 0x99, 0x99, 0x99,
    0x99, 0x99, 0x99, 0x98,

    /* U+6B65 "步" */
    0x00, 0x00, 0x00, 0x00, 0x00, 0xbf, 0x00, 0x00,
    0x00, 0x00, 0x00, 0x00, 0x00, 0x00, 0x00, 0x00,
    0xbf, 0x00, 0x00, 0x00, 0x00, 0x00, 0x00, 0x00,
    0xf9, 0x00, 0x00, 0xbf, 0x77, 0x77, 0x77, 0x71,
    0x00, 0x00, 0x00, 0xf9, 0x00, 0x00, 0xbf, 0xff,
    0xff, 0xff, 0xf2, 0x00, 0x00, 0x00, 0xf9, 0x00,
    0x00, 0xbf, 0x00, 0x00, 0x00, 0x00, 0x00, 0x00,
    0x00, 0xf9, 0x00, 0x00, 0xbf, 0x00, 0x00, 0x00,
    0x00, 0x00, 0x00, 0x00, 0xf9, 0x00, 0x00, 0xbf,
    0x00, 0x00, 0x00, 0x00, 0x00, 0x69, 0x99, 0xfd,
    0x99, 0x99, 0xef, 0x99, 0x99, 0x99, 0x99, 0x92,
    0xbf, 0xff, 0xff, 0xff, 0xff, 0xff, 0xff, 0xff,
    0xff, 0xff, 0xf3, 0x00, 0x00, 0x00, 0x00, 0x00,
    0xdd, 0x00, 0x00, 0x00, 0x00, 0x00, 0x00, 0x00,
    0x06, 0xc3, 0x00, 0xdd, 0x00, 0x00, 0x03, 0x60,
    0x00, 0x00, 0x00, 0x2f, 0xc0, 0x00, 0xdd, 0x00,
    0x00, 0x0d, 0xf2, 0x00, 0x00, 0x00, 0xdf, 0x20,
    0x00, 0xdd, 0x00, 0x00, 0x7f, 0x80, 0x00, 0x00,
    0x1c, 0xf5, 0x00, 0x00, 0xdd, 0x00, 0x05, 0xfc,
    0x00, 0x00, 0x02, 0xdf, 0x60, 0x00, 0x00, 0xdd,
    0x00, 0x5f, 0xe1, 0x00, 0x00, 0x0b, 0xf6, 0x00,
    0x00, 0x00, 0xdd, 0x07, 0xfe, 0x20, 0x00, 0x00,
    0x00, 0x40, 0x00, 0x00, 0x00, 0x8b, 0xcf, 0xd1,
    0x00, 0x00, 0x00, 0x00, 0x00, 0x00, 0x00, 0x02,
    0x9f, 0xf8, 0x00, 0x00, 0x00, 0x00, 0x00, 0x00,
    0x00, 0x06, 0xbf, 0xfb, 0x30, 0x00, 0x00, 0x00,
    0x00, 0x00, 0x14, 0x8c, 0xff, 0xf9, 0x30, 0x00,
    0x00, 0x00, 0x00, 0x00, 0x9e, 0xff, 0xfe, 0xa5,
    0x00, 0x00, 0x00, 0x00, 0x00, 0x00, 0x00, 0x5c,
    0x96, 0x20, 0x00, 0x00, 0x00, 0x00, 0x00, 0x00,
    0x00, 0x00,

    /* U+6C14 "气" */
    0x00, 0x00, 0x00, 0x10, 0x00, 0x00, 0x00, 0x00,
    0x00, 0x00, 0x00, 0x00, 0x00, 0x00, 0x00, 0xfa,
    0x00, 0x00, 0x00, 0x00, 0x00, 0x00, 0x00, 0x00,
    0x00, 0x00, 0x06, 0xf5, 0x00, 0x00, 0x00, 0x00,
    0x00, 0x00, 0x00, 0x00, 0x00, 0x00, 0x0d, 0xf6,
    0x66, 0x66, 0x66, 0x66, 0x66, 0x66, 0x66, 0x10,
    0x00, 0x00, 0x6f, 0xff, 0xff, 0xff, 0xff, 0xff,
    0xff, 0xff, 0xff, 0x30, 0x00, 0x00, 0xee, 0x10,
    0x00, 0x00, 0x00, 0x00, 0x00, 0x00, 0x00, 0x00,
    0x00, 0x09, 0xf4, 0x11, 0x11, 0x11, 0x11, 0x11,
    0x11, 0x11, 0x00, 0x00, 0x00, 0x4f, 0xa0, 0xef,
    0xff, 0xff, 0xff, 0xff, 0xff, 0xff, 0x70, 0x00,
    0x03, 0xfd, 0x10, 0x44, 0x44, 0x44, 0x44, 0x44,
    0x44, 0x44, 0x20, 0x00, 0x0e, 0xf2, 0x00, 0x00,
    0x00, 0x00, 0x00, 0x00, 0x00, 0x00, 0x00, 0x00,
    0x02, 0x34, 0xff, 0xff, 0xff, 0xff, 0xff, 0xff,
    0xff, 0x70, 0x00, 0x00, 0x00, 0x02, 0x77, 0x77,
    0x77, 0x77, 0x77, 0x77, 0x8f, 0x80, 0x00, 0x00,
    0x00, 0x00, 0x00, 0x00, 0x00, 0x00, 0x00, 0x00,
    0x0f, 0x90, 0x00, 0x00, 0x00, 0x00, 0x00, 0x00,
    0x00, 0x00, 0x00, 0x00, 0x0f, 0xa0, 0x00, 0x00,
    0x00, 0x00, 0x00, 0x00, 0x00, 0x00, 0x00, 0x00,
    0x0e, 0xb0, 0x00, 0x00, 0x00, 0x00, 0x00, 0x00,
    0x00, 0x00, 0x00, 0x00, 0x0c, 0xd0, 0x00, 0x00,
    0x00, 0x00, 0x00, 0x00, 0x00, 0x00, 0x00, 0x00,
    0x0b, 0xf0, 0x00, 0x00, 0x00, 0x00, 0x00, 0x00,
    0x00, 0x00, 0x00, 0x00, 0x08, 0xf2, 0x00, 0x00,
    0x00, 0x00, 0x00, 0x00, 0x00, 0x00, 0x00, 0x00,
    0x05, 0xf5, 0x01, 0x70, 0x00, 0x00, 0x00, 0x00,
    0x00, 0x00, 0x00, 0x00, 0x01, 0xfa, 0x02, 0xf0,
    0x00, 0x00, 0x00, 0x00, 0x00, 0x00, 0x00, 0x00,
    0x00, 0xbf, 0x24, 0xe0, 0x00, 0x00, 0x00, 0x00,
    0x00, 0x00, 0x00, 0x00, 0x00, 0x3f, 0xec, 0xb0,
    0x00, 0x00, 0x00, 0x00, 0x00, 0x00, 0x00, 0x00,
    0x00, 0x05, 0xde, 0x40,

    /* U+6C22 "氢" */
    0x00, 0x00, 0x01, 0x00, 0x00, 0x00, 0x00, 0x00,
    0x00, 0x00, 0x00, 0x00, 0x00, 0x0d, 0xb0, 0x00,
    0x00, 0x00, 0x00, 0x00, 0x00, 0x00, 0x00, 0x00,
    0x9f, 0x63, 0x33, 0x33, 0x33, 0x33, 0x33, 0x33,
    0x10, 0x00, 0x05, 0xff, 0xff, 0xff, 0xff, 0xff,
    0xff, 0xff, 0xff, 0x70, 0x00, 0x6f, 0xa0, 0x00,
    0x00, 0x00, 0x00, 0x00, 0x00, 0x00, 0x00, 0x08,
    0xfb, 0x05, 0x55, 0x55, 0x55, 0x55, 0x55, 0x55,
    0x30, 0x00, 0x4f, 0xa0, 0x0e, 0xee, 0xee, 0xee,
    0xee, 0xee, 0xee, 0xa0, 0x00, 0x02, 0x00, 0x00,
    0x00, 0x00, 0x00, 0x00, 0x00, 0x00, 0x00, 0x00,
    0x03, 0xee, 0xee, 0xee, 0xee, 0xee, 0xee, 0xee,
    0xee, 0x00, 0x00, 0x01, 0x55, 0x55, 0x55, 0x55,
    0x55, 0x55, 0x55, 0xaf, 0x00, 0x00, 0x00, 0x00,
    0x00, 0x00, 0x00, 0x00, 0x00, 0x00, 0x7f, 0x00,
    0x00, 0x00, 0x0e, 0xff, 0xff, 0xff, 0xff, 0xfa,
    0x00, 0x6f, 0x00, 0x00, 0x00, 0x03, 0x33, 0x33,
    0x33, 0x7f, 0xe2, 0x00, 0x6f, 0x10, 0x00, 0x00,
    0x00, 0x00, 0x00, 0x4b, 0xfa, 0x10, 0x00, 0x5f,
    0x10, 0x00, 0x00, 0x00, 0x26, 0xae, 0xfd, 0xfe,
    0x95, 0x00, 0x5f, 0x20, 0x00, 0x08, 0xdf, 0xfe,
    0xa5, 0x00, 0x15, 0xaf, 0xfb, 0x4f, 0x30, 0x00,
    0x02, 0x74, 0x10, 0x00, 0x00, 0x00, 0x00, 0x56,
    0x2f, 0x40, 0x00, 0x00, 0x0d, 0xff, 0xff, 0xff,
    0xff, 0xff, 0x80, 0x0f, 0x50, 0x00, 0x00, 0x04,
    0x44, 0x44, 0xeb, 0x44, 0x44, 0x20, 0x0e, 0x80,
    0x46, 0x00, 0x00, 0x00, 0x00, 0xd9, 0x00, 0x00,
    0x00, 0x0b, 0xb0, 0x6d, 0x00, 0x00, 0x00, 0x00,
    0xd9, 0x00, 0x00, 0x00, 0x07, 0xf0, 0x8c, 0x03,
    0x44, 0x44, 0x44, 0xeb, 0x44, 0x44, 0x44, 0x11,
    0xfc, 0xd8, 0x0e, 0xff, 0xff, 0xff, 0xff, 0xff,
    0xff, 0xff, 0x60, 0x5e, 0xd1,

    /* U+6C27 "氧" */
    0x00, 0x00, 0x00, 0x00, 0x00, 0x00, 0x00, 0x00,
    0x00, 0x00, 0x00, 0x00, 0x00, 0x00, 0x01, 0xf7,
    0x00, 0x00, 0x00, 0x00, 0x00, 0x00, 0x00, 0x00,
    0x00, 0x00, 0x09, 0xf2, 0x00, 0x00, 0x00, 0x00,
    0x00, 0x00, 0x00, 0x00, 0x00, 0x00, 0x3f, 0xff,
    0xff, 0xff, 0xff, 0xff, 0xff, 0xff, 0xff, 0x80,
    0x00, 0x00, 0xde, 0x44, 0x44, 0x44, 0x44, 0x44,
    0x44, 0x44, 0x44, 0x20, 0x00, 0x0a, 0xf3, 0x33,
    0x33, 0x33, 0x33, 0x33, 0x33, 0x33, 0x20, 0x00,
    0x00, 0x8f, 0x80, 0xef, 0xff, 0xff, 0xff, 0xff,
    0xff, 0xff, 0xb0, 0x00, 0x09, 0xfa, 0x00, 0x00,
    0x00, 0x00, 0x00, 0x00, 0x00, 0x00, 0x00, 0x00,
    0x08, 0xb2, 0x55, 0x55, 0x55, 0x55, 0x55, 0x55,
    0x55, 0x51, 0x00, 0x00, 0x00, 0x05, 0xff, 0xff,
    0xff, 0xff, 0xff, 0xff, 0xff, 0xf3, 0x00, 0x00,
    0x00, 0x00, 0x0b, 0x80, 0x00, 0x00, 0xb8, 0x00,
    0x05, 0xf3, 0x00, 0x00, 0x00, 0x00, 0x08, 0xf2,
    0x00, 0x06, 0xf5, 0x00, 0x05, 0xf3, 0x00, 0x00,
    0x00, 0x14, 0x45, 0xf8, 0x44, 0x4e, 0xc4, 0x44,
    0x05, 0xf4, 0x00, 0x00, 0x00, 0x6f, 0xff, 0xff,
    0xff, 0xff, 0xff, 0xff, 0x34, 0xf4, 0x00, 0x00,
    0x00, 0x00, 0x00, 0x00, 0x7f, 0x20, 0x00, 0x00,
    0x04, 0xf4, 0x00, 0x00, 0x00, 0x09, 0xdd, 0xdd,
    0xef, 0xdd, 0xdd, 0xd9, 0x03, 0xf5, 0x00, 0x00,
    0x00, 0x04, 0x55, 0x55, 0xaf, 0x75, 0x55, 0x54,
    0x02, 0xf6, 0x00, 0x00, 0x00, 0x00, 0x00, 0x00,
    0x7f, 0x20, 0x00, 0x00, 0x00, 0xf8, 0x00, 0x20,
    0x03, 0xee, 0xee, 0xee, 0xff, 0xfe, 0xee, 0xee,
    0xd0, 0xea, 0x00, 0xd2, 0x01, 0x55, 0x55, 0x55,
    0xaf, 0x75, 0x55, 0x55, 0x50, 0xbe, 0x00, 0xf3,
    0x00, 0x00, 0x00, 0x00, 0x7f, 0x20, 0x00, 0x00,
    0x00, 0x7f, 0x41, 0xf1, 0x00, 0x00, 0x00, 0x00,
    0x7f, 0x20, 0x00, 0x00, 0x00, 0x1e, 0xeb, 0xe0,
    0x00, 0x00, 0x00, 0x00, 0x7f, 0x20, 0x00, 0x00,
    0x00, 0x03, 0xde, 0x60,

    /* U+6C2E "氮" */
    0x00, 0x00, 0x00, 0x00, 0x00, 0x00, 0x00, 0x00,
    0x00, 0x00, 0x00, 0x00, 0x00, 0x5f, 0x30, 0x00,
    0x00, 0x00, 0x00, 0x00, 0x00, 0x00, 0x00, 0x00,
    0xcd, 0x00, 0x00, 0x00, 0x00, 0x00, 0x00, 0x00,
    0x00, 0x00, 0x04, 0xff, 0xff, 0xff, 0xff, 0xff,
    0xff, 0xff, 0xff, 0xf1, 0x00, 0x0d, 0xc2, 0x22,
    0x22, 0x22, 0x22, 0x22, 0x22, 0x22, 0x20, 0x00,
    0x9f, 0x24, 0x44, 0x44, 0x44, 0x44, 0x44, 0x44,
    0x41, 0x00, 0x06, 0xf8, 0x0a, 0xcc, 0xcc, 0xcc,
    0xcc, 0xcc, 0xcc, 0xc3, 0x00, 0x5f, 0xb1, 0x00,
    0x00, 0x00, 0x00, 0x00, 0x00, 0x00, 0x00, 0x00,
    0x6c, 0x7f, 0xff, 0xff, 0xff, 0xff, 0xff, 0xff,
    0xfa, 0x00, 0x00, 0x00, 0x12, 0x22, 0x28, 0xc2,
    0x22, 0x22, 0x22, 0xea, 0x00, 0x00, 0x00, 0x03,
    0xd0, 0x0b, 0xc0, 0x00, 0x7c, 0x00, 0xdb, 0x00,
    0x00, 0x00, 0x0b, 0x90, 0x1f, 0xb0, 0x05, 0xf5,
    0x00, 0xcb, 0x00, 0x00, 0x00, 0x9e, 0x10, 0xaf,
    0xee, 0x9f, 0x50, 0x00, 0xbc, 0x00, 0x00, 0x00,
    0x53, 0x19, 0xf6, 0x06, 0xef, 0x60, 0x00, 0xad,
    0x00, 0x00, 0x00, 0x27, 0xef, 0x56, 0x90, 0x08,
    0xfc, 0x10, 0x9e, 0x00, 0x00, 0x0a, 0xfd, 0x71,
    0x0b, 0xb0, 0x00, 0x3d, 0x50, 0x8f, 0x00, 0x00,
    0x01, 0x15, 0x30, 0x0e, 0x80, 0x00, 0x39, 0x10,
    0x6f, 0x20, 0x00, 0x00, 0x0e, 0x60, 0x4f, 0xa1,
    0x02, 0xea, 0x00, 0x4f, 0x40, 0x00, 0x00, 0xad,
    0x00, 0xce, 0xdf, 0x8e, 0xa0, 0x00, 0x1f, 0x70,
    0x2b, 0x03, 0xf3, 0x07, 0xf4, 0x07, 0xff, 0x50,
    0x00, 0x0d, 0xb0, 0x3e, 0x00, 0x01, 0xaf, 0x70,
    0x00, 0x1a, 0xfb, 0x20, 0x08, 0xf2, 0x4d, 0x16,
    0xbf, 0xd4, 0x00, 0x00, 0x00, 0x4d, 0xf6, 0x01,
    0xfd, 0xca, 0x1e, 0xa5, 0x00, 0x00, 0x00, 0x00,
    0x00, 0x9b, 0x00, 0x4d, 0xe3, 0x00, 0x00, 0x00,
    0x00, 0x00, 0x00, 0x00, 0x00, 0x00, 0x00, 0x00,

    /* U+6CE8 "注" */
    0x00, 0x00, 0x00, 0x00, 0x00, 0x00, 0x01, 0x00,
    0x00, 0x00, 0x00, 0x00, 0x2a, 0x30, 0x00, 0x00,
    0x00, 0x08, 0xf1, 0x00, 0x00, 0x00, 0x00, 0x05,
    0xef, 0xa2, 0x00, 0x00, 0x00, 0x2f, 0xa0, 0x00,
    0x00, 0x00, 0x00, 0x00, 0x8f, 0xf6, 0x00, 0x00,
    0x00, 0x9f, 0x30, 0x00, 0x00, 0x00, 0x00, 0x00,
    0x2b, 0x30, 0x00, 0x00, 0x02, 0xf8, 0x00, 0x00,
    0x00, 0x00, 0x00, 0x00, 0x00, 0x88, 0x88, 0x88,
    0x8b, 0x88, 0x88, 0x88, 0x30, 0x00, 0x00, 0x00,
    0x0f, 0xff, 0xff, 0xff, 0xff, 0xff, 0xff, 0xf7,
    0x00, 0x00, 0x00, 0x00, 0x00, 0x00, 0x00, 0xaf,
    0x00, 0x00, 0x00, 0x00, 0xae, 0x70, 0x00, 0x00,
    0x00, 0x00, 0x0a, 0xf0, 0x00, 0x00, 0x00, 0x02,
    0xbf, 0xe5, 0x00, 0x00, 0x00, 0x00, 0xaf, 0x00,
    0x00, 0x00, 0x00, 0x00, 0x3d, 0xf2, 0x00, 0x00,
    0x00, 0x0a, 0xf0, 0x00, 0x00, 0x00, 0x00, 0x00,
    0x03, 0x00, 0x00, 0x00, 0x00, 0xaf, 0x00, 0x00,
    0x00, 0x00, 0x00, 0x00, 0x00, 0x01, 0x77, 0x77,
    0x7d, 0xf7, 0x77, 0x77, 0x40, 0x00, 0x00, 0x00,
    0x10, 0x2f, 0xff, 0xff, 0xff, 0xff, 0xff, 0xf9,
    0x00, 0x00, 0x00, 0x2f, 0x30, 0x00, 0x00, 0x0a,
    0xf0, 0x00, 0x00, 0x00, 0x00, 0x00, 0x0b, 0xf1,
    0x00, 0x00, 0x00, 0xaf, 0x00, 0x00, 0x00, 0x00,
    0x00, 0x04, 0xf8, 0x00, 0x00, 0x00, 0x0a, 0xf0,
    0x00, 0x00, 0x00, 0x00, 0x00, 0xce, 0x00, 0x00,
    0x00, 0x00, 0xaf, 0x00, 0x00, 0x00, 0x00, 0x00,
    0x6f, 0x70, 0x00, 0x00, 0x00, 0x0a, 0xf0, 0x00,
    0x00, 0x00, 0x00, 0x1e, 0xd0, 0x00, 0x00, 0x00,
    0x00, 0xaf, 0x00, 0x00, 0x00, 0x00, 0x0a, 0xf4,
    0x00, 0x67, 0x77, 0x77, 0x7d, 0xf7, 0x77, 0x77,
    0x77, 0x01, 0xeb, 0x00, 0x0d, 0xff, 0xff, 0xff,
    0xff, 0xff, 0xff, 0xff, 0xf0, 0x02, 0x20, 0x00,
    0x00, 0x00, 0x00, 0x00, 0x00, 0x00, 0x00, 0x00,
    0x00,

    /* U+6D4B "测" */
    0x03, 0x91, 0x00, 0x00, 0x00, 0x00, 0x00, 0x00,
    0x00, 0x00, 0xd4, 0x07, 0xfe, 0x60, 0x4b, 0xbb,
    0xbb, 0xbb, 0x40, 0x00, 0x00, 0xf5, 0x00, 0x2c,
    0xf9, 0x5f, 0x99, 0x99, 0x9f, 0x60, 0x4f, 0x00,
    0xf5, 0x00, 0x00, 0x85, 0x5e, 0x00, 0x00, 0x0e,
    0x60, 0x4f, 0x00, 0xf5, 0x00, 0x00, 0x00, 0x5e,
    0x01, 0xa1, 0x0e, 0x60, 0x4f, 0x00, 0xf5, 0x00,
    0x00, 0x00, 0x5e, 0x02, 0xf1, 0x0e, 0x60, 0x4f,
    0x00, 0xf5, 0x11, 0x00, 0x00, 0x5e, 0x02, 0xf1,
    0x0e, 0x60, 0x4f, 0x00, 0xf5, 0xaf, 0x80, 0x00,
    0x5e, 0x02, 0xf1, 0x0e, 0x60, 0x4f, 0x00, 0xf5,
    0x1a, 0xfe, 0x40, 0x5e, 0x02, 0xf1, 0x0e, 0x60,
    0x4f, 0x00, 0xf5, 0x00, 0x4d, 0x90, 0x5e, 0x02,
    0xf1, 0x0e, 0x60, 0x4f, 0x00, 0xf5, 0x00, 0x00,
    0x00, 0x5e, 0x02, 0xf1, 0x0e, 0x60, 0x4f, 0x00,
    0xf5, 0x00, 0x00, 0x00, 0x5e, 0x02, 0xf1, 0x0e,
    0x60, 0x4f, 0x00, 0xf5, 0x00, 0x00, 0x00, 0x5e,
    0x02, 0xf1, 0x0e, 0x60, 0x4f, 0x00, 0xf5, 0x00,
    0x04, 0x80, 0x5e, 0x03, 0xf0, 0x0e, 0x60, 0x4f,
    0x00, 0xf5, 0x00, 0x0b, 0xe0, 0x5e, 0x04, 0xf0,
    0x0e, 0x60, 0x4f, 0x00, 0xf5, 0x00, 0x1f, 0x80,
    0x5e, 0x06, 0xe0, 0x0e, 0x60, 0x4f, 0x00, 0xf5,
    0x00, 0x7f, 0x20, 0x13, 0x0b, 0x90, 0x02, 0x10,
    0x15, 0x00, 0xf5, 0x00, 0xec, 0x00, 0x00, 0x1f,
    0x6a, 0x20, 0x00, 0x00, 0x00, 0xf5, 0x05, 0xf6,
    0x00, 0x00, 0xbd, 0x0a, 0xd1, 0x00, 0x00, 0x00,
    0xf5, 0x0c, 0xe0, 0x00, 0x08, 0xf3, 0x00, 0xcc,
    0x00, 0x00, 0x00, 0xf5, 0x3f, 0x80, 0x01, 0xbf,
    0x50, 0x00, 0x1e, 0x80, 0x05, 0x56, 0xf4, 0x07,
    0x20, 0x05, 0xc3, 0x00, 0x00, 0x05, 0x80, 0x0e,
    0xfe, 0xa0, 0x00, 0x00, 0x00, 0x00, 0x00, 0x00,
    0x00, 0x00, 0x00, 0x00, 0x00,

    /* U+6D4F "浏" */
    0x00, 0x00, 0x00, 0x00, 0x00, 0x00, 0x00, 0x00,
    0x00, 0x00, 0x00, 0x00, 0x10, 0x00, 0x00, 0x39,
    0x00, 0x00, 0x00, 0x00, 0x05, 0xf1, 0x07, 0xe3,
    0x00, 0x00, 0x3f, 0x70, 0x00, 0x00, 0x00, 0x05,
    0xf1, 0x00, 0xcf, 0x30, 0x00, 0x0b, 0xe0, 0x00,
    0x01, 0x40, 0x05, 0xf1, 0x00, 0x0c, 0xe2, 0x00,
    0x04, 0xf3, 0x00, 0x04, 0xf1, 0x05, 0xf1, 0x00,
    0x01, 0x91, 0xbb, 0xbb, 0xcb, 0xbb, 0x84, 0xf1,
    0x05, 0xf1, 0x00, 0x00, 0x00, 0xbb, 0xbb, 0xbd,
    0xfb, 0x74, 0xf1, 0x05, 0xf1, 0x00, 0x00, 0x00,
    0x00, 0x00, 0x09, 0xe0, 0x04, 0xf1, 0x05, 0xf1,
    0x28, 0x00, 0x00, 0x00, 0x00, 0x0d, 0xb0, 0x04,
    0xf1, 0x05, 0xf1, 0x5f, 0xc1, 0x00, 0x4e, 0x10,
    0x0f, 0x80, 0x04, 0xf1, 0x05, 0xf1, 0x03, 0xee,
    0x20, 0x1e, 0xc0, 0x4f, 0x50, 0x04, 0xf1, 0x05,
    0xf1, 0x00, 0x2d, 0x30, 0x04, 0xf7, 0x7f, 0x10,
    0x04, 0xf1, 0x05, 0xf1, 0x00, 0x00, 0x00, 0x00,
    0x9f, 0xdc, 0x00, 0x04, 0xf1, 0x05, 0xf1, 0x00,
    0x00, 0x00, 0x00, 0x0e, 0xf8, 0x00, 0x04, 0xf1,
    0x05, 0xf1, 0x00, 0x01, 0x50, 0x00, 0x07, 0xf8,
    0x00, 0x04, 0xf1, 0x05, 0xf1, 0x00, 0x08, 0xf1,
    0x00, 0x0d, 0xff, 0x20, 0x04, 0xf1, 0x05, 0xf1,
    0x00, 0x0e, 0xa0, 0x00, 0x5f, 0x7f, 0xa0, 0x04,
    0xf1, 0x05, 0xf1, 0x00, 0x5f, 0x40, 0x00, 0xdd,
    0x08, 0xf3, 0x03, 0xd1, 0x05, 0xf1, 0x00, 0xcd,
    0x00, 0x07, 0xf4, 0x01, 0xfa, 0x00, 0x00, 0x05,
    0xf1, 0x04, 0xf6, 0x00, 0x5f, 0xb0, 0x00, 0x9b,
    0x00, 0x00, 0x05, 0xf1, 0x0c, 0xe0, 0x03, 0xfd,
    0x10, 0x00, 0x00, 0x00, 0x00, 0x05, 0xf1, 0x1e,
    0x70, 0x0b, 0xe2, 0x00, 0x00, 0x00, 0x00, 0x06,
    0x6a, 0xf0, 0x00, 0x00, 0x01, 0x30, 0x00, 0x00,
    0x00, 0x00, 0x0d, 0xfe, 0x80, 0x00, 0x00, 0x00,
    0x00, 0x00, 0x00, 0x00, 0x00, 0x00, 0x00, 0x00,

    /* U+6D88 "消" */
    0x00, 0x25, 0x00, 0x00, 0x00, 0x00, 0x00, 0x7e,
    0x10, 0x00, 0x00, 0x00, 0x09, 0xfc, 0x30, 0x04,
    0xe3, 0x00, 0x08, 0xf1, 0x00, 0x08, 0xe2, 0x00,
    0x05, 0xef, 0x60, 0x0e, 0xd0, 0x00, 0x8f, 0x10,
    0x01, 0xfc, 0x00, 0x00, 0x01, 0xbd, 0x00, 0x5f,
    0x60, 0x08, 0xf1, 0x00, 0x9f, 0x30, 0x00, 0x00,
    0x00, 0x10, 0x00, 0xde, 0x00, 0x8f, 0x10, 0x4f,
    0x80, 0x00, 0x00, 0x00, 0x00, 0x00, 0x05, 0xb1,
    0x08, 0xf1, 0x05, 0xb0, 0x00, 0x01, 0x00, 0x00,
    0x00, 0x00, 0x00, 0x00, 0x8f, 0x10, 0x00, 0x00,
    0x00, 0xcd, 0x50, 0x00, 0x00, 0xef, 0xff, 0xff,
    0xff, 0xff, 0xff, 0x70, 0x02, 0xbf, 0xc2, 0x00,
    0x0e, 0xd7, 0x77, 0x77, 0x77, 0x78, 0xf7, 0x00,
    0x00, 0x5e, 0xd0, 0x00, 0xea, 0x00, 0x00, 0x00,
    0x00, 0x1f, 0x70, 0x00, 0x00, 0x23, 0x00, 0x0e,
    0xa0, 0x00, 0x00, 0x00, 0x01, 0xf7, 0x00, 0x00,
    0x00, 0x00, 0x00, 0xef, 0xff, 0xff, 0xff, 0xff,
    0xff, 0x70, 0x00, 0x00, 0x00, 0x00, 0x0e, 0xc6,
    0x66, 0x66, 0x66, 0x67, 0xf7, 0x00, 0x00, 0x00,
    0xaa, 0x00, 0xea, 0x00, 0x00, 0x00, 0x00, 0x1f,
    0x70, 0x00, 0x00, 0x2f, 0x90, 0x0e, 0xa0, 0x00,
    0x00, 0x00, 0x01, 0xf7, 0x00, 0x00, 0x09, 0xf2,
    0x00, 0xef, 0xff, 0xff, 0xff, 0xff, 0xff, 0x70,
    0x00, 0x01, 0xfa, 0x00, 0x0e, 0xc6, 0x66, 0x66,
    0x66, 0x67, 0xf7, 0x00, 0x00, 0x9f, 0x30, 0x00,
    0xea, 0x00, 0x00, 0x00, 0x00, 0x1f, 0x70, 0x00,
    0x2f, 0xb0, 0x00, 0x0e, 0xa0, 0x00, 0x00, 0x00,
    0x01, 0xf7, 0x00, 0x0a, 0xf3, 0x00, 0x00, 0xea,
    0x00, 0x00, 0x00, 0x00, 0x1f, 0x70, 0x02, 0xfa,
    0x00, 0x00, 0x0e, 0xa0, 0x00, 0x00, 0x7a, 0xab,
    0xf6, 0x00, 0x05, 0x20, 0x00, 0x00, 0xea, 0x00,
    0x00, 0x05, 0xdd, 0xc8, 0x00,

    /* U+70B9 "点" */
    0x00, 0x00, 0x00, 0x00, 0x00, 0x53, 0x00, 0x00,
    0x00, 0x00, 0x00, 0x00, 0x00, 0x00, 0x00, 0x00,
    0xf9, 0x00, 0x00, 0x00, 0x00, 0x00, 0x00, 0x00,
    0x00, 0x00, 0x00, 0xf9, 0x00, 0x00, 0x00, 0x00,
    0x00, 0x00, 0x00, 0x00, 0x00, 0x00, 0xfc, 0x77,
    0x77, 0x77, 0x77, 0x60, 0x00, 0x00, 0x00, 0x00,
    0x00, 0xff, 0xff, 0xff, 0xff, 0xff, 0xc0, 0x00,
    0x00, 0x00, 0x00, 0x00, 0xfa, 0x00, 0x00, 0x00,
    0x00, 0x00, 0x00, 0x00, 0x00, 0x00, 0x00, 0xf9,
    0x00, 0x00, 0x00, 0x00, 0x00, 0x00, 0x00, 0x00,
    0x00, 0x00, 0xf9, 0x00, 0x00, 0x00, 0x00, 0x00,
    0x00, 0x0e, 0xff, 0xff, 0xff, 0xff, 0xff, 0xff,
    0xff, 0xf0, 0x00, 0x00, 0x0f, 0xc8, 0x88, 0x88,
    0x88, 0x88, 0x88, 0x8d, 0xf0, 0x00, 0x00, 0x0f,
    0x80, 0x00, 0x00, 0x00, 0x00, 0x00, 0x0a, 0xf0,
    0x00, 0x00, 0x0f, 0x80, 0x00, 0x00, 0x00, 0x00,
    0x00, 0x0a, 0xf0, 0x00, 0x00, 0x0f, 0x80, 0x00,
    0x00, 0x00, 0x00, 0x00, 0x0a, 0xf0, 0x00, 0x00,
    0x0f, 0x80, 0x00, 0x00, 0x00, 0x00, 0x00, 0x0a,
    0xf0, 0x00, 0x00, 0x0f, 0xc8, 0x88, 0x88, 0x88,
    0x88, 0x88, 0x8d, 0xf0, 0x00, 0x00, 0x0e, 0xff,
    0xff, 0xff, 0xff, 0xff, 0xff, 0xff, 0xf0, 0x00,
    0x00, 0x00, 0x00, 0x00, 0x00, 0x00, 0x00, 0x00,
    0x00, 0x00, 0x00, 0x00, 0x05, 0x20, 0x00, 0x00,
    0x00, 0x01, 0x00, 0x03, 0x60, 0x00, 0x00, 0x2f,
    0x90, 0x0a, 0xd0, 0x00, 0x9e, 0x00, 0x07, 0xf5,
    0x00, 0x00, 0xbf, 0x10, 0x08, 0xf0, 0x00, 0x3f,
    0x60, 0x00, 0xcf, 0x20, 0x05, 0xf7, 0x00, 0x06,
    0xf3, 0x00, 0x0c, 0xd0, 0x00, 0x1f, 0xb0, 0x3f,
    0xb0, 0x00, 0x05, 0xf4, 0x00, 0x07, 0xf2, 0x00,
    0x08, 0xf5, 0x7d, 0x10, 0x00, 0x03, 0xb3, 0x00,
    0x02, 0xa2, 0x00, 0x00, 0xb4, 0x00, 0x00, 0x00,
    0x00, 0x00, 0x00, 0x00, 0x00, 0x00, 0x00, 0x00,

    /* U+70F7 "烷" */
    0x00, 0x00, 0x00, 0x00, 0x00, 0x00, 0x00, 0x01,
    0x00, 0x00, 0x00, 0x00, 0x00, 0x00, 0x8e, 0x00,
    0x00, 0x00, 0x00, 0x9e, 0x10, 0x00, 0x00, 0x00,
    0x00, 0x00, 0x8e, 0x00, 0x00, 0x00, 0x00, 0x2f,
    0x80, 0x00, 0x00, 0x00, 0x00, 0x00, 0x8e, 0x00,
    0x01, 0x22, 0x22, 0x2b, 0xe2, 0x22, 0x22, 0x10,
    0x00, 0x00, 0x8e, 0x00, 0x08, 0xff, 0xff, 0xff,
    0xff, 0xff, 0xff, 0xb0, 0x00, 0x20, 0x8e, 0x03,
    0x88, 0xf4, 0x44, 0x44, 0x44, 0x44, 0x4e, 0xb0,
    0x00, 0xf1, 0x8e, 0x09, 0xc8, 0xf0, 0x00, 0x00,
    0x00, 0x00, 0x0d, 0xb0, 0x02, 0xf0, 0x8e, 0x0e,
    0x58, 0xf0, 0x00, 0x00, 0x00, 0x00, 0x0d, 0xb0,
    0x03, 0xe0, 0x8e, 0x4e, 0x00, 0x0b, 0xff, 0xff,
    0xff, 0xff, 0xb0, 0x00, 0x06, 0xc0, 0x8e, 0xb7,
    0x00, 0x05, 0x77, 0x77, 0x77, 0x77, 0x50, 0x00,
    0x0a, 0x80, 0x9d, 0x41, 0x00, 0x00, 0x00, 0x00,
    0x00, 0x00, 0x00, 0x00, 0x0b, 0x40, 0x9d, 0x00,
    0x00, 0x00, 0x00, 0x00, 0x00, 0x00, 0x00, 0x00,
    0x00, 0x00, 0xac, 0x00, 0x04, 0x77, 0x77, 0x77,
    0x77, 0x77, 0x77, 0x70, 0x00, 0x00, 0xcb, 0x00,
    0x08, 0xff, 0xff, 0xff, 0xff, 0xff, 0xff, 0xf0,
    0x00, 0x00, 0xeb, 0x00, 0x00, 0x00, 0x2f, 0x60,
    0x0e, 0xa0, 0x00, 0x00, 0x00, 0x00, 0xff, 0x50,
    0x00, 0x00, 0x4f, 0x40, 0x0e, 0xa0, 0x00, 0x00,
    0x00, 0x04, 0xfb, 0xf2, 0x00, 0x00, 0x7f, 0x10,
    0x0e, 0xa0, 0x00, 0x00, 0x00, 0x09, 0xf0, 0xcd,
    0x10, 0x00, 0xcd, 0x00, 0x0e, 0xa0, 0x00, 0x00,
    0x00, 0x0f, 0xa0, 0x1f, 0xb0, 0x03, 0xf7, 0x00,
    0x0e, 0xa0, 0x01, 0x50, 0x00, 0x5f, 0x40, 0x06,
    0x70, 0x1d, 0xf1, 0x00, 0x0e, 0xa0, 0x03, 0xf2,
    0x00, 0xed, 0x00, 0x00, 0x01, 0xcf, 0x40, 0x00,
    0x0e, 0xa0, 0x04, 0xf1, 0x0a, 0xf4, 0x00, 0x01,
    0x7e, 0xf6, 0x00, 0x00, 0x0d, 0xd6, 0x6b, 0xe0,
    0x0d, 0x90, 0x00, 0x03, 0xfb, 0x20, 0x00, 0x00,
    0x06, 0xff, 0xff, 0x60, 0x01, 0x00, 0x00, 0x00,
    0x10, 0x00, 0x00, 0x00, 0x00, 0x00, 0x00, 0x00,

    /* U+72B6 "状" */
    0x00, 0x00, 0x00, 0xe9, 0x00, 0x00, 0x00, 0xd9,
    0x00, 0x00, 0x00, 0x00, 0x00, 0x00, 0x00, 0xf9,
    0x00, 0x00, 0x00, 0xea, 0x01, 0xd5, 0x00, 0x00,
    0x00, 0x00, 0x00, 0xf9, 0x00, 0x00, 0x00, 0xea,
    0x00, 0xaf, 0x30, 0x00, 0x04, 0xa0, 0x00, 0xf9,
    0x00, 0x00, 0x00, 0xea, 0x00, 0x0d, 0xd0, 0x00,
    0x04, 0xf9, 0x00, 0xf9, 0x00, 0x00, 0x00, 0xea,
    0x00, 0x03, 0xf9, 0x00, 0x00, 0x7f, 0x60, 0xf9,
    0x00, 0x00, 0x00, 0xea, 0x00, 0x00, 0x73, 0x00,
    0x00, 0x0c, 0xf1, 0xf9, 0x00, 0x00, 0x00, 0xea,
    0x00, 0x00, 0x00, 0x00, 0x00, 0x02, 0xf5, 0xf9,
    0x8f, 0xff, 0xff, 0xff, 0xff, 0xff, 0xff, 0xa0,
    0x00, 0x00, 0x10, 0xf9, 0x59, 0x99, 0x9a, 0xff,
    0xa9, 0x99, 0x99, 0x60, 0x00, 0x00, 0x00, 0xf9,
    0x00, 0x00, 0x02, 0xff, 0x20, 0x00, 0x00, 0x00,
    0x00, 0x00, 0x00, 0xf9, 0x00, 0x00, 0x05, 0xff,
    0x60, 0x00, 0x00, 0x00, 0x00, 0x00, 0x0a, 0xf9,
    0x00, 0x00, 0x07, 0xfe, 0xb0, 0x00, 0x00, 0x00,
    0x00, 0x00, 0xbf, 0xf9, 0x00, 0x00, 0x0c, 0xe7,
    0xf0, 0x00, 0x00, 0x00, 0x00, 0x1c, 0xf6, 0xf9,
    0x00, 0x00, 0x1f, 0x92, 0xf6, 0x00, 0x00, 0x00,
    0x02, 0xdf, 0x50, 0xf9, 0x00, 0x00, 0x7f, 0x50,
    0xcd, 0x00, 0x00, 0x00, 0x0e, 0xf5, 0x00, 0xf9,
    0x00, 0x00, 0xee, 0x00, 0x5f, 0x50, 0x00, 0x00,
    0x08, 0x40, 0x00, 0xf9, 0x00, 0x08, 0xf7, 0x00,
    0x0d, 0xe1, 0x00, 0x00, 0x00, 0x00, 0x00, 0xf9,
    0x00, 0x1f, 0xd0, 0x00, 0x04, 0xfb, 0x00, 0x00,
    0x00, 0x00, 0x00, 0xf9, 0x00, 0xcf, 0x30, 0x00,
    0x00, 0x9f, 0x70, 0x00, 0x00, 0x00, 0x00, 0xf9,
    0x0a, 0xf8, 0x00, 0x00, 0x00, 0x0c, 0xf9, 0x00,
    0x00, 0x00, 0x00, 0xfa, 0xaf, 0x90, 0x00, 0x00,
    0x00, 0x01, 0xcf, 0xc0, 0x00, 0x00, 0x00, 0xfa,
    0x79, 0x00, 0x00, 0x00, 0x00, 0x00, 0x0a, 0x60,
    0x00, 0x00, 0x00, 0x00, 0x00, 0x00, 0x00, 0x00,
    0x00, 0x00, 0x00, 0x00,

    /* U+7532 "甲" */
    0x89, 0x99, 0x99, 0x99, 0x99, 0x99, 0x99, 0x99,
    0x99, 0x1e, 0xff, 0xff, 0xff, 0xff, 0xff, 0xff,
    0xff, 0xff, 0xf1, 0xeb, 0x00, 0x00, 0x00, 0xbe,
    0x00, 0x00, 0x00, 0x9f, 0x1e, 0xb0, 0x00, 0x00,
    0x0b, 0xe0, 0x00, 0x00, 0x09, 0xf1, 0xeb, 0x00,
    0x00, 0x00, 0xbe, 0x00, 0x00, 0x00, 0x9f, 0x1e,
    0xb0, 0x00, 0x00, 0x0b, 0xe0, 0x00, 0x00, 0x09,
    0xf1, 0xef, 0xff, 0xff, 0xff, 0xff, 0xff, 0xff,
    0xff, 0xff, 0x1e, 0xe9, 0x99, 0x99, 0x9e, 0xf9,
    0x99, 0x99, 0x9d, 0xf1, 0xeb, 0x00, 0x00, 0x00,
    0xbe, 0x00, 0x00, 0x00, 0x9f, 0x1e, 0xb0, 0x00,
    0x00, 0x0b, 0xe0, 0x00, 0x00, 0x09, 0xf1, 0xeb,
    0x00, 0x00, 0x00, 0xbe, 0x00, 0x00, 0x00, 0x9f,
    0x1e, 0xb0, 0x00, 0x00, 0x0c, 0xe0, 0x00, 0x00,
    0x09, 0xf1, 0xef, 0xff, 0xff, 0xff, 0xff, 0xff,
    0xff, 0xff, 0xff, 0x1e, 0xd8, 0x88, 0x88, 0x8e,
    0xf8, 0x88, 0x88, 0x8c, 0xf1, 0xa8, 0x00, 0x00,
    0x00, 0xbe, 0x00, 0x00, 0x00, 0x59, 0x10, 0x00,
    0x00, 0x00, 0x0b, 0xe0, 0x00, 0x00, 0x00, 0x00,
    0x00, 0x00, 0x00, 0x00, 0xbe, 0x00, 0x00, 0x00,
    0x00, 0x00, 0x00, 0x00, 0x00, 0x0b, 0xe0, 0x00,
    0x00, 0x00, 0x00, 0x00, 0x00, 0x00, 0x00, 0xbe,
    0x00, 0x00, 0x00, 0x00, 0x00, 0x00, 0x00, 0x00,
    0x0b, 0xe0, 0x00, 0x00, 0x00, 0x00, 0x00, 0x00,
    0x00, 0x00, 0xbe, 0x00, 0x00, 0x00, 0x00, 0x00,

    /* U+754C "界" */
    0x00, 0x05, 0x55, 0x55, 0x55, 0x55, 0x55, 0x55,
    0x55, 0x50, 0x00, 0x00, 0x1f, 0xff, 0xff, 0xff,
    0xff, 0xff, 0xff, 0xff, 0xf1, 0x00, 0x00, 0x1f,
    0x80, 0x00, 0x00, 0xbe, 0x00, 0x00, 0x09, 0xf1,
    0x00, 0x00, 0x1f, 0x80, 0x00, 0x00, 0xbe, 0x00,
    0x00, 0x08, 0xf1, 0x00, 0x00, 0x1f, 0xa3, 0x33,
    0x33, 0xcf, 0x33, 0x33, 0x3a, 0xf1, 0x00, 0x00,
    0x1f, 0xff, 0xff, 0xff, 0xff, 0xff, 0xff, 0xff,
    0xf1, 0x00, 0x00, 0x1f, 0x80, 0x00, 0x00, 0xbe,
    0x00, 0x00, 0x09, 0xf1, 0x00, 0x00, 0x1f, 0x80,
    0x00, 0x00, 0xbe, 0x00, 0x00, 0x08, 0xf1, 0x00,
    0x00, 0x1f, 0x92, 0x22, 0x22, 0xce, 0x22, 0x22,
    0x2a, 0xf1, 0x00, 0x00, 0x1f, 0xff, 0xff, 0xff,
    0xff, 0xff, 0xff, 0xff, 0xf1, 0x00, 0x00, 0x02,
    0x22, 0x3a, 0xf9, 0x22, 0x4f, 0xd3, 0x22, 0x20,
    0x00, 0x00, 0x00, 0x00, 0x9f, 0xa0, 0x00, 0x04,
    0xfb, 0x10, 0x00, 0x00, 0x00, 0x00, 0x2c, 0xf9,
    0x00, 0x00, 0x00, 0x4f, 0xe4, 0x00, 0x00, 0x00,
    0x19, 0xff, 0x75, 0x10, 0x00, 0x00, 0x38, 0xdf,
    0xb3, 0x00, 0x3a, 0xff, 0xa1, 0x5f, 0x30, 0x00,
    0x00, 0xaf, 0x07, 0xff, 0xd6, 0x3f, 0xa3, 0x00,
    0x6f, 0x30, 0x00, 0x00, 0xaf, 0x00, 0x17, 0xe4,
    0x00, 0x00, 0x00, 0x8f, 0x10, 0x00, 0x00, 0xaf,
    0x00, 0x00, 0x00, 0x00, 0x00, 0x00, 0xed, 0x00,
    0x00, 0x00, 0xaf, 0x00, 0x00, 0x00, 0x00, 0x00,
    0x08, 0xf7, 0x00, 0x00, 0x00, 0xaf, 0x00, 0x00,
    0x00, 0x00, 0x00, 0x7f, 0xd0, 0x00, 0x00, 0x00,
    0xaf, 0x00, 0x00, 0x00, 0x00, 0x4c, 0xfc, 0x10,
    0x00, 0x00, 0x00, 0xaf, 0x00, 0x00, 0x00, 0x00,
    0x8e, 0x70, 0x00, 0x00, 0x00, 0x00, 0xaf, 0x00,
    0x00, 0x00, 0x00, 0x00, 0x00, 0x00, 0x00, 0x00,
    0x00, 0x00, 0x00, 0x00, 0x00,

    /* U+7801 "码" */
    0x09, 0xaa, 0xaa, 0xaa, 0xa2, 0x48, 0x88, 0x88,
    0x88, 0x89, 0x30, 0x00, 0xbc, 0xcf, 0xec, 0xcc,
    0x37, 0xff, 0xff, 0xff, 0xff, 0xf5, 0x00, 0x00,
    0x01, 0xf7, 0x00, 0x00, 0x00, 0x00, 0x00, 0x00,
    0x5f, 0x30, 0x00, 0x00, 0x5f, 0x30, 0x00, 0x00,
    0x26, 0x10, 0x00, 0x06, 0xf2, 0x00, 0x00, 0x09,
    0xe0, 0x00, 0x00, 0x06, 0xf1, 0x00, 0x00, 0x8f,
    0x00, 0x00, 0x00, 0xda, 0x00, 0x00, 0x00, 0x8f,
    0x00, 0x00, 0x0a, 0xe0, 0x00, 0x00, 0x1f, 0x60,
    0x00, 0x00, 0x09, 0xe0, 0x00, 0x00, 0xbc, 0x00,
    0x00, 0x06, 0xf6, 0x44, 0x42, 0x00, 0xbd, 0x00,
    0x00, 0x0d, 0xa0, 0x00, 0x00, 0xdf, 0xff, 0xff,
    0x80, 0x0c, 0xb0, 0x00, 0x00, 0xf8, 0x00, 0x00,
    0x5f, 0xf3, 0x22, 0xe8, 0x00, 0xec, 0x77, 0x77,
    0x8f, 0xb7, 0x73, 0x0d, 0xff, 0x10, 0x0e, 0x80,
    0x1e, 0xee, 0xee, 0xff, 0xff, 0xff, 0x74, 0xfa,
    0xf1, 0x00, 0xe8, 0x00, 0x00, 0x00, 0x00, 0x00,
    0x03, 0xf5, 0x08, 0x5f, 0x10, 0x0e, 0x80, 0x00,
    0x00, 0x00, 0x00, 0x00, 0x5f, 0x40, 0x05, 0xf1,
    0x00, 0xe8, 0x00, 0x00, 0x00, 0x00, 0x00, 0x06,
    0xf2, 0x00, 0x5f, 0x10, 0x0e, 0x84, 0xbb, 0xbb,
    0xbb, 0xbb, 0xb0, 0x8f, 0x00, 0x05, 0xf1, 0x00,
    0xe8, 0x4b, 0xbb, 0xbb, 0xbb, 0xbb, 0x0b, 0xe0,
    0x00, 0x5f, 0x87, 0x7f, 0x80, 0x00, 0x00, 0x00,
    0x00, 0x00, 0xdb, 0x00, 0x05, 0xff, 0xff, 0xf7,
    0x00, 0x00, 0x00, 0x00, 0x00, 0x1f, 0x80, 0x00,
    0x5f, 0x10, 0x00, 0x00, 0x00, 0x00, 0x00, 0x00,
    0x06, 0xf4, 0x00, 0x05, 0xe1, 0x00, 0x00, 0x00,
    0x00, 0x00, 0x37, 0x67, 0xee, 0x00, 0x00, 0x00,
    0x00, 0x00, 0x00, 0x00, 0x00, 0x03, 0xff, 0xfd,
    0x30, 0x00, 0x00, 0x00, 0x00, 0x00, 0x00, 0x00,
    0x00, 0x00, 0x00, 0x00, 0x00,

    /* U+786B "硫" */
    0x00, 0x00, 0x00, 0x00, 0x00, 0x00, 0x00, 0x00,
    0x00, 0x00, 0x00, 0x00, 0x00, 0x00, 0x00, 0x00,
    0x00, 0x00, 0x01, 0xf8, 0x00, 0x00, 0x00, 0x0b,
    0xcc, 0xcc, 0xcc, 0xc0, 0x00, 0x00, 0x0b, 0xe0,
    0x00, 0x00, 0x00, 0x9a, 0xaf, 0xea, 0xaa, 0x13,
    0x33, 0x33, 0x7f, 0x83, 0x33, 0x31, 0x00, 0x00,
    0xf8, 0x00, 0x01, 0xff, 0xff, 0xff, 0xff, 0xff,
    0xff, 0x50, 0x00, 0x4f, 0x40, 0x00, 0x03, 0x33,
    0x4f, 0xb3, 0x33, 0x33, 0x31, 0x00, 0x08, 0xf0,
    0x00, 0x00, 0x00, 0x0a, 0xf2, 0x00, 0xc6, 0x00,
    0x00, 0x00, 0xcb, 0x00, 0x00, 0x00, 0x06, 0xf6,
    0x00, 0x07, 0xf4, 0x00, 0x00, 0x0f, 0x70, 0x00,
    0x00, 0x02, 0xfc, 0x00, 0x00, 0x0b, 0xe1, 0x00,
    0x05, 0xf9, 0x66, 0x63, 0x07, 0xef, 0xca, 0xbc,
    0xde, 0xff, 0xb0, 0x00, 0xcf, 0xff, 0xff, 0x80,
    0xaf, 0xed, 0xcb, 0xa9, 0x87, 0x7f, 0x60, 0x3f,
    0xf3, 0x00, 0xd8, 0x01, 0x00, 0x00, 0x00, 0x00,
    0x00, 0x61, 0x0c, 0xff, 0x20, 0x0d, 0x80, 0x07,
    0xe0, 0x0d, 0x60, 0x4f, 0x10, 0x03, 0xf9, 0xf2,
    0x00, 0xd8, 0x00, 0x8e, 0x00, 0xf7, 0x04, 0xf1,
    0x00, 0x08, 0x3f, 0x20, 0x0d, 0x80, 0x08, 0xe0,
    0x0f, 0x70, 0x4f, 0x10, 0x00, 0x03, 0xf2, 0x00,
    0xd8, 0x00, 0x8e, 0x00, 0xf7, 0x04, 0xf1, 0x00,
    0x00, 0x3f, 0x20, 0x0d, 0x80, 0x09, 0xd0, 0x0f,
    0x70, 0x4f, 0x10, 0x00, 0x03, 0xf2, 0x00, 0xd8,
    0x00, 0xdb, 0x00, 0xf7, 0x04, 0xf1, 0x00, 0x00,
    0x3f, 0x75, 0x5e, 0x80, 0x1f, 0x70, 0x0f, 0x70,
    0x4f, 0x10, 0x10, 0x03, 0xff, 0xff, 0xf8, 0x0a,
    0xf2, 0x00, 0xf7, 0x04, 0xf1, 0x2e, 0x00, 0x3f,
    0x42, 0x22, 0x15, 0xf9, 0x00, 0x0f, 0x70, 0x4f,
    0x12, 0xe0, 0x02, 0xc1, 0x00, 0x08, 0xfe, 0x10,
    0x00, 0xf6, 0x04, 0xf5, 0x8d, 0x00, 0x00, 0x00,
    0x00, 0x9d, 0x20, 0x00, 0x00, 0x00, 0x0c, 0xfe,
    0x50, 0x00, 0x00, 0x00, 0x00, 0x00, 0x00, 0x00,
    0x00, 0x00, 0x00, 0x00,

    /* U+786E "确" */
    0x00, 0x00, 0x00, 0x00, 0x00, 0x00, 0x01, 0x00,
    0x00, 0x00, 0x00, 0x00, 0x00, 0x00, 0x00, 0x00,
    0x00, 0x1f, 0x70, 0x00, 0x00, 0x00, 0x0a, 0xcc,
    0xcc, 0xcc, 0xc2, 0x00, 0x8f, 0x41, 0x11, 0x20,
    0x00, 0x08, 0xaa, 0xfd, 0xaa, 0xa2, 0x01, 0xef,
    0xff, 0xff, 0xf9, 0x00, 0x00, 0x01, 0xf6, 0x00,
    0x00, 0x09, 0xf5, 0x33, 0x39, 0xf4, 0x00, 0x00,
    0x05, 0xf2, 0x00, 0x00, 0x3f, 0x70, 0x00, 0x1e,
    0xa0, 0x00, 0x00, 0x09, 0xe0, 0x00, 0x01, 0xed,
    0x00, 0x00, 0xbe, 0x10, 0x00, 0x00, 0x0d, 0xa0,
    0x00, 0x0c, 0xff, 0xff, 0xff, 0xff, 0xff, 0xff,
    0x00, 0x1f, 0x60, 0x00, 0x9f, 0xdf, 0x66, 0x6b,
    0xf6, 0x66, 0xbf, 0x00, 0x6f, 0x97, 0x77, 0x45,
    0x8f, 0x00, 0x08, 0xe0, 0x00, 0x9f, 0x00, 0xdf,
    0xee, 0xef, 0x60, 0x8f, 0x00, 0x08, 0xe0, 0x00,
    0x9f, 0x04, 0xff, 0x20, 0x0f, 0x60, 0x8f, 0xff,
    0xff, 0xff, 0xff, 0xff, 0x0d, 0xff, 0x20, 0x0f,
    0x60, 0x8f, 0x55, 0x5b, 0xf5, 0x55, 0xbf, 0x2f,
    0x8f, 0x20, 0x0f, 0x60, 0x8f, 0x00, 0x08, 0xe0,
    0x00, 0x9f, 0x06, 0x4f, 0x20, 0x0f, 0x60, 0x8e,
    0x00, 0x08, 0xe0, 0x00, 0x9f, 0x00, 0x3f, 0x20,
    0x0f, 0x60, 0x9f, 0x66, 0x6b, 0xf6, 0x66, 0xcf,
    0x00, 0x3f, 0x20, 0x0f, 0x60, 0xbf, 0xff, 0xff,
    0xff, 0xff, 0xff, 0x00, 0x3f, 0x20, 0x0f, 0x60,
    0xe9, 0x00, 0x08, 0xe0, 0x00, 0x9f, 0x00, 0x3f,
    0x97, 0x7f, 0x63, 0xf5, 0x00, 0x08, 0xe0, 0x00,
    0x9f, 0x00, 0x3f, 0xff, 0xff, 0x59, 0xf1, 0x00,
    0x08, 0xe0, 0x00, 0x9f, 0x00, 0x3f, 0x20, 0x00,
    0x2f, 0xc0, 0x00, 0x08, 0xe0, 0x00, 0x9f, 0x00,
    0x3c, 0x20, 0x00, 0xcf, 0x40, 0x00, 0x08, 0xe1,
    0x77, 0xce, 0x00, 0x00, 0x00, 0x00, 0x99, 0x00,
    0x00, 0x00, 0x00, 0xef, 0xe7, 0x00, 0x00, 0x00,
    0x00, 0x00, 0x00, 0x00, 0x00, 0x00, 0x00, 0x00,

    /* U+78B3 "碳" */
    0x00, 0x00, 0x00, 0x00, 0x00, 0x00, 0x00, 0x01,
    0x20, 0x00, 0x00, 0x00, 0x00, 0x00, 0x00, 0x00,
    0x00, 0x63, 0x00, 0x08, 0xe0, 0x00, 0x26, 0x00,
    0x07, 0x88, 0x88, 0x88, 0x81, 0xe7, 0x00, 0x08,
    0xe0, 0x00, 0x6f, 0x10, 0x0e, 0xff, 0xff, 0xff,
    0xf3, 0xe7, 0x00, 0x08, 0xe0, 0x00, 0x6f, 0x10,
    0x00, 0x03, 0xf4, 0x00, 0x00, 0xe7, 0x00, 0x08,
    0xe0, 0x00, 0x6f, 0x10, 0x00, 0x06, 0xf1, 0x00,
    0x00, 0xef, 0xff, 0xff, 0xff, 0xff, 0xff, 0x10,
    0x00, 0x09, 0xe0, 0x00, 0x00, 0x56, 0x66, 0x66,
    0x66, 0x66, 0x66, 0x00, 0x00, 0x0d, 0xb0, 0x00,
    0x00, 0x04, 0xf4, 0x00, 0x00, 0x00, 0x00, 0x00,
    0x00, 0x0f, 0x70, 0x00, 0x07, 0x8a, 0xfa, 0x88,
    0x88, 0x88, 0x88, 0x80, 0x00, 0x3f, 0xa7, 0x77,
    0x3d, 0xee, 0xfe, 0xee, 0xee, 0xee, 0xee, 0xe0,
    0x00, 0x9f, 0xff, 0xff, 0x60, 0x05, 0xf0, 0x00,
    0x08, 0x50, 0x00, 0x00, 0x00, 0xef, 0x30, 0x0f,
    0x60, 0x06, 0xf0, 0x00, 0x0d, 0x80, 0x00, 0x00,
    0x05, 0xff, 0x30, 0x0f, 0x60, 0x08, 0xd0, 0x74,
    0x0f, 0x70, 0x1a, 0x10, 0x0e, 0xef, 0x30, 0x0f,
    0x60, 0x0a, 0xb0, 0xe5, 0x0f, 0x50, 0x6e, 0x00,
    0x0d, 0x7f, 0x30, 0x0f, 0x60, 0x0d, 0x82, 0xf2,
    0x1f, 0x40, 0xb8, 0x00, 0x01, 0x2f, 0x30, 0x0f,
    0x60, 0x0f, 0x58, 0xd0, 0x5f, 0x62, 0xf1, 0x00,
    0x00, 0x2f, 0x30, 0x0f, 0x60, 0x3f, 0x2c, 0x60,
    0x8f, 0xb4, 0x80, 0x00, 0x00, 0x2f, 0x30, 0x0f,
    0x60, 0x9d, 0x00, 0x00, 0xcb, 0xf2, 0x00, 0x00,
    0x00, 0x2f, 0xff, 0xff, 0x60, 0xe8, 0x00, 0x04,
    0xf2, 0xba, 0x00, 0x00, 0x00, 0x2f, 0x97, 0x77,
    0x36, 0xf2, 0x00, 0x1d, 0xa0, 0x2f, 0x60, 0x00,
    0x00, 0x2f, 0x30, 0x00, 0x1e, 0xa0, 0x02, 0xdd,
    0x00, 0x07, 0xf6, 0x00, 0x00, 0x2c, 0x20, 0x00,
    0x2e, 0x21, 0x9f, 0xc1, 0x00, 0x00, 0x8f, 0xc1,
    0x00, 0x00, 0x00, 0x00, 0x00, 0x01, 0xc5, 0x00,
    0x00, 0x00, 0x04, 0x90,

    /* U+793A "示" */
    0x00, 0x00, 0x00, 0x00, 0x00, 0x00, 0x00, 0x00,
    0x00, 0x00, 0x00, 0x00, 0x2f, 0xff, 0xff, 0xff,
    0xff, 0xff, 0xff, 0xff, 0xfa, 0x00, 0x00, 0x18,
    0x88, 0x88, 0x88, 0x88, 0x88, 0x88, 0x88, 0x85,
    0x00, 0x00, 0x00, 0x00, 0x00, 0x00, 0x00, 0x00,
    0x00, 0x00, 0x00, 0x00, 0x00, 0x00, 0x00, 0x00,
    0x00, 0x00, 0x00, 0x00, 0x00, 0x00, 0x00, 0x00,
    0x00, 0x00, 0x00, 0x00, 0x00, 0x00, 0x00, 0x00,
    0x00, 0x00, 0x28, 0x88, 0x88, 0x88, 0x88, 0x88,
    0x88, 0x88, 0x88, 0x88, 0x86, 0x4f, 0xff, 0xff,
    0xff, 0xff, 0xff, 0xff, 0xff, 0xff, 0xff, 0xfc,
    0x00, 0x00, 0x00, 0x00, 0x00, 0xaf, 0x20, 0x00,
    0x00, 0x00, 0x00, 0x00, 0x00, 0x00, 0x00, 0x00,
    0x9f, 0x10, 0x00, 0x00, 0x00, 0x00, 0x00, 0x00,
    0x04, 0x00, 0x00, 0x9f, 0x10, 0x00, 0x11, 0x00,
    0x00, 0x00, 0x00, 0x7f, 0x60, 0x00, 0x9f, 0x10,
    0x01, 0xfb, 0x00, 0x00, 0x00, 0x01, 0xfd, 0x00,
    0x00, 0x9f, 0x10, 0x00, 0x7f, 0x60, 0x00, 0x00,
    0x08, 0xf5, 0x00, 0x00, 0x9f, 0x10, 0x00, 0x0d,
    0xf2, 0x00, 0x00, 0x1f, 0xd0, 0x00, 0x00, 0x9f,
    0x10, 0x00, 0x03, 0xfc, 0x00, 0x00, 0xcf, 0x40,
    0x00, 0x00, 0x9f, 0x10, 0x00, 0x00, 0x9f, 0x50,
    0x09, 0xf8, 0x00, 0x00, 0x00, 0x9f, 0x10, 0x00,
    0x00, 0x1f, 0xd0, 0x8f, 0xc0, 0x00, 0x00, 0x00,
    0x9f, 0x10, 0x00, 0x00, 0x09, 0xf4, 0x2a, 0x10,
    0x00, 0x00, 0x00, 0xaf, 0x10, 0x00, 0x00, 0x03,
    0x92, 0x00, 0x00, 0x00, 0x8a, 0x9a, 0xef, 0x00,
    0x00, 0x00, 0x00, 0x00, 0x00, 0x00, 0x00, 0x7f,
    0xfe, 0xc5, 0x00, 0x00, 0x00, 0x00, 0x00,

    /* U+79CD "种" */
    0x00, 0x00, 0x00, 0x03, 0x80, 0x00, 0x00, 0x01,
    0xe7, 0x00, 0x00, 0x00, 0x00, 0x36, 0xae, 0xff,
    0x60, 0x00, 0x00, 0x1f, 0x80, 0x00, 0x00, 0x0a,
    0xff, 0xff, 0xc4, 0x00, 0x00, 0x00, 0x01, 0xf8,
    0x00, 0x00, 0x00, 0x34, 0x10, 0xf8, 0x00, 0x00,
    0x00, 0x00, 0x1f, 0x80, 0x00, 0x00, 0x00, 0x00,
    0x0f, 0x80, 0x00, 0x01, 0x11, 0x12, 0xf9, 0x11,
    0x11, 0x00, 0x00, 0x00, 0xf8, 0x00, 0x06, 0xff,
    0xff, 0xff, 0xff, 0xff, 0xf7, 0x06, 0x77, 0x7f,
    0xc7, 0x75, 0x6f, 0x86, 0x67, 0xfb, 0x66, 0x7f,
    0x70, 0xef, 0xff, 0xff, 0xff, 0xb6, 0xf2, 0x00,
    0x1f, 0x80, 0x01, 0xf7, 0x00, 0x00, 0x7f, 0xa0,
    0x00, 0x6f, 0x20, 0x01, 0xf8, 0x00, 0x1f, 0x70,
    0x00, 0x0d, 0xff, 0x40, 0x06, 0xf2, 0x00, 0x1f,
    0x80, 0x01, 0xf7, 0x00, 0x05, 0xff, 0xef, 0x20,
    0x6f, 0x20, 0x01, 0xf8, 0x00, 0x1f, 0x70, 0x00,
    0xca, 0xf8, 0xbd, 0x06, 0xf2, 0x00, 0x1f, 0x80,
    0x01, 0xf7, 0x00, 0x3f, 0x3f, 0x81, 0xf9, 0x6f,
    0x97, 0x78, 0xfc, 0x77, 0x8f, 0x70, 0x0c, 0xb0,
    0xf8, 0x07, 0x56, 0xff, 0xff, 0xff, 0xff, 0xff,
    0xf7, 0x06, 0xf3, 0x0f, 0x80, 0x00, 0x6f, 0x30,
    0x02, 0xf9, 0x00, 0x1f, 0x73, 0xfa, 0x00, 0xf8,
    0x00, 0x03, 0x81, 0x00, 0x1f, 0x80, 0x00, 0x63,
    0x3e, 0x10, 0x0f, 0x80, 0x00, 0x00, 0x00, 0x01,
    0xf8, 0x00, 0x00, 0x00, 0x20, 0x00, 0xf8, 0x00,
    0x00, 0x00, 0x00, 0x1f, 0x80, 0x00, 0x00, 0x00,
    0x00, 0x0f, 0x80, 0x00, 0x00, 0x00, 0x01, 0xf8,
    0x00, 0x00, 0x00, 0x00, 0x00, 0xf8, 0x00, 0x00,
    0x00, 0x00, 0x1f, 0x80, 0x00, 0x00, 0x00, 0x00,
    0x0f, 0x80, 0x00, 0x00, 0x00, 0x01, 0xf8, 0x00,
    0x00, 0x00, 0x00, 0x00, 0xf8, 0x00, 0x00, 0x00,
    0x00, 0x1f, 0x80, 0x00, 0x00,

    /* U+79FB "移" */
    0x00, 0x00, 0x00, 0x00, 0x00, 0x00, 0x00, 0x03,
    0x00, 0x00, 0x00, 0x00, 0x00, 0x00, 0x27, 0xd8,
    0x00, 0x00, 0x04, 0xf8, 0x00, 0x00, 0x00, 0x02,
    0x7a, 0xef, 0xfb, 0x60, 0x00, 0x02, 0xec, 0x00,
    0x00, 0x00, 0x00, 0x6f, 0xcb, 0xf4, 0x00, 0x00,
    0x02, 0xef, 0xff, 0xff, 0xfe, 0x20, 0x00, 0x00,
    0x3f, 0x40, 0x00, 0x05, 0xfd, 0x66, 0x66, 0x7f,
    0xc0, 0x00, 0x00, 0x03, 0xf4, 0x00, 0x1a, 0xfb,
    0x00, 0x00, 0x0a, 0xf2, 0x00, 0x00, 0x00, 0x3f,
    0x40, 0x0a, 0xf8, 0x6d, 0x20, 0x07, 0xf6, 0x00,
    0x00, 0x00, 0x04, 0xf4, 0x00, 0x03, 0x02, 0xdf,
    0x58, 0xf5, 0x00, 0x00, 0x0e, 0xff, 0xff, 0xff,
    0xf3, 0x00, 0x00, 0xcf, 0xf4, 0x00, 0x00, 0x00,
    0x67, 0x7c, 0xf9, 0x77, 0x10, 0x04, 0xbf, 0x93,
    0x20, 0x00, 0x00, 0x00, 0x00, 0xef, 0xa0, 0x04,
    0xae, 0xfa, 0x20, 0xce, 0x10, 0x00, 0x00, 0x00,
    0x5f, 0xff, 0x80, 0x6b, 0x61, 0x00, 0x9f, 0x72,
    0x22, 0x30, 0x00, 0x0b, 0xcf, 0x7f, 0x40, 0x00,
    0x00, 0x8f, 0xff, 0xff, 0xff, 0x90, 0x02, 0xf6,
    0xf4, 0x9e, 0x00, 0x00, 0xaf, 0x73, 0x33, 0x39,
    0xf4, 0x00, 0xab, 0x3f, 0x41, 0x70, 0x03, 0xdf,
    0x50, 0x00, 0x01, 0xfc, 0x00, 0x3f, 0x43, 0xf4,
    0x00, 0x2a, 0xfc, 0x35, 0x00, 0x00, 0xaf, 0x30,
    0x0d, 0xd0, 0x3f, 0x40, 0x02, 0xd6, 0x05, 0xfc,
    0x20, 0x8f, 0x80, 0x01, 0xf4, 0x03, 0xf4, 0x00,
    0x00, 0x00, 0x03, 0xee, 0x9f, 0xa0, 0x00, 0x03,
    0x00, 0x3f, 0x40, 0x00, 0x00, 0x00, 0x03, 0xff,
    0xa0, 0x00, 0x00, 0x00, 0x03, 0xf4, 0x00, 0x00,
    0x00, 0x07, 0xff, 0x70, 0x00, 0x00, 0x00, 0x00,
    0x3f, 0x40, 0x00, 0x02, 0x7e, 0xfa, 0x10, 0x00,
    0x00, 0x00, 0x00, 0x03, 0xf4, 0x02, 0x8d, 0xff,
    0xb3, 0x00, 0x00, 0x00, 0x00, 0x00, 0x00, 0x3f,
    0x40, 0x1e, 0xb6, 0x10, 0x00, 0x00, 0x00, 0x00,
    0x00, 0x00, 0x00, 0x00, 0x00, 0x00, 0x00, 0x00,
    0x00, 0x00, 0x00, 0x00,

    /* U+7B26 "符" */
    0x00, 0x00, 0x31, 0x00, 0x00, 0x00, 0x02, 0x20,
    0x00, 0x00, 0x00, 0x00, 0x00, 0x0f, 0xb0, 0x00,
    0x00, 0x00, 0xaf, 0x10, 0x00, 0x00, 0x00, 0x00,
    0x06, 0xf5, 0x00, 0x00, 0x00, 0x1f, 0xb0, 0x00,
    0x00, 0x00, 0x00, 0x00, 0xdf, 0xff, 0xff, 0xff,
    0x38, 0xff, 0xff, 0xff, 0xff, 0xf4, 0x00, 0x5f,
    0x97, 0xfc, 0x66, 0x63, 0xec, 0x69, 0xfb, 0x66,
    0x66, 0x10, 0x0e, 0xd0, 0x0a, 0xe0, 0x00, 0xaf,
    0x20, 0x0b, 0xe1, 0x00, 0x00, 0x0a, 0xf4, 0x00,
    0x3f, 0x60, 0x8f, 0x80, 0x00, 0x2f, 0x80, 0x00,
    0x00, 0x99, 0x00, 0x01, 0x95, 0x03, 0x90, 0x00,
    0x00, 0x41, 0x00, 0x00, 0x00, 0x00, 0x03, 0xf7,
    0x00, 0x00, 0x00, 0x00, 0x06, 0xf2, 0x00, 0x00,
    0x00, 0x00, 0xcf, 0x10, 0x00, 0x00, 0x00, 0x00,
    0x6f, 0x20, 0x00, 0x00, 0x00, 0x6f, 0x70, 0x44,
    0x44, 0x44, 0x44, 0x49, 0xf6, 0x44, 0x20, 0x00,
    0x1e, 0xf1, 0x1f, 0xff, 0xff, 0xff, 0xff, 0xff,
    0xff, 0xf8, 0x00, 0x0c, 0xff, 0x10, 0x22, 0x22,
    0x22, 0x22, 0x28, 0xf5, 0x22, 0x10, 0x0a, 0xfe,
    0xf1, 0x00, 0x03, 0x00, 0x00, 0x00, 0x6f, 0x20,
    0x00, 0x0a, 0xf9, 0x7f, 0x10, 0x05, 0xf5, 0x00,
    0x00, 0x06, 0xf2, 0x00, 0x00, 0x7a, 0x07, 0xf1,
    0x00, 0x0c, 0xe1, 0x00, 0x00, 0x6f, 0x20, 0x00,
    0x00, 0x00, 0x7f, 0x10, 0x00, 0x3f, 0xa0, 0x00,
    0x06, 0xf2, 0x00, 0x00, 0x00, 0x07, 0xf1, 0x00,
    0x00, 0x9f, 0x40, 0x00, 0x6f, 0x20, 0x00, 0x00,
    0x00, 0x7f, 0x10, 0x00, 0x01, 0xe7, 0x00, 0x06,
    0xf2, 0x00, 0x00, 0x00, 0x07, 0xf1, 0x00, 0x00,
    0x01, 0x00, 0x00, 0x6f, 0x20, 0x00, 0x00, 0x00,
    0x7f, 0x10, 0x00, 0x00, 0x00, 0x00, 0x06, 0xf2,
    0x00, 0x00, 0x00, 0x07, 0xf1, 0x00, 0x00, 0x00,
    0x68, 0x88, 0xcf, 0x00, 0x00, 0x00, 0x00, 0x7f,
    0x10, 0x00, 0x00, 0x06, 0xff, 0xfd, 0x60, 0x00,
    0x00, 0x00, 0x00, 0x00, 0x00, 0x00, 0x00, 0x00,
    0x00, 0x00, 0x00, 0x00,

    /* U+7B49 "等" */
    0x00, 0x00, 0x10, 0x00, 0x00, 0x00, 0x00, 0x10,
    0x00, 0x00, 0x00, 0x00, 0x00, 0x0d, 0xd0, 0x00,
    0x00, 0x00, 0x7f, 0x30, 0x00, 0x00, 0x00, 0x00,
    0x05, 0xf7, 0x00, 0x00, 0x00, 0x0e, 0xd0, 0x00,
    0x00, 0x00, 0x00, 0x00, 0xdf, 0xff, 0xff, 0xff,
    0xb8, 0xff, 0xff, 0xff, 0xff, 0xfa, 0x00, 0x8f,
    0x88, 0xf8, 0x55, 0x58, 0xfb, 0x57, 0xfb, 0x55,
    0x55, 0x30, 0x6f, 0xb0, 0x0e, 0xa0, 0x03, 0xfe,
    0x10, 0x09, 0xf2, 0x00, 0x00, 0x0c, 0xd1, 0x00,
    0x8c, 0x00, 0x2e, 0xa0, 0x00, 0x1f, 0x70, 0x00,
    0x00, 0x01, 0x00, 0x00, 0x00, 0x00, 0xdc, 0x00,
    0x00, 0x10, 0x00, 0x00, 0x00, 0x07, 0xff, 0xff,
    0xff, 0xff, 0xff, 0xff, 0xff, 0xff, 0x90, 0x00,
    0x00, 0x36, 0x66, 0x66, 0x66, 0xee, 0x66, 0x66,
    0x66, 0x64, 0x00, 0x00, 0x00, 0x00, 0x00, 0x00,
    0x0d, 0xc0, 0x00, 0x00, 0x00, 0x00, 0x00, 0x34,
    0x44, 0x44, 0x44, 0x44, 0xed, 0x44, 0x44, 0x44,
    0x44, 0x43, 0x0d, 0xff, 0xff, 0xff, 0xff, 0xff,
    0xff, 0xff, 0xff, 0xff, 0xff, 0xe0, 0x22, 0x22,
    0x22, 0x22, 0x22, 0x22, 0x22, 0x2e, 0xc2, 0x22,
    0x22, 0x00, 0x00, 0x00, 0x00, 0x00, 0x00, 0x00,
    0x00, 0xeb, 0x00, 0x00, 0x00, 0x07, 0x77, 0x77,
    0x77, 0x77, 0x77, 0x77, 0x7f, 0xd7, 0x77, 0x72,
    0x01, 0xff, 0xff, 0xff, 0xff, 0xff, 0xff, 0xff,
    0xff, 0xff, 0xff, 0x40, 0x00, 0x00, 0x2b, 0x30,
    0x00, 0x00, 0x00, 0x0e, 0xb0, 0x00, 0x00, 0x00,
    0x00, 0x02, 0xdf, 0x70, 0x00, 0x00, 0x00, 0xeb,
    0x00, 0x00, 0x00, 0x00, 0x00, 0x00, 0xaf, 0xa0,
    0x00, 0x00, 0x0e, 0xb0, 0x00, 0x00, 0x00, 0x00,
    0x00, 0x00, 0x8f, 0x80, 0x00, 0x00, 0xeb, 0x00,
    0x00, 0x00, 0x00, 0x00, 0x00, 0x00, 0x71, 0x07,
    0x77, 0x8f, 0xa0, 0x00, 0x00, 0x00, 0x00, 0x00,
    0x00, 0x00, 0x00, 0x9f, 0xfe, 0xc3, 0x00, 0x00,
    0x00,

    /* U+7B7E "签" */
    0x00, 0x01, 0x00, 0x00, 0x00, 0x00, 0x01, 0x00,
    0x00, 0x00, 0x00, 0x00, 0x00, 0x9f, 0x10, 0x00,
    0x00, 0x06, 0xf4, 0x00, 0x00, 0x00, 0x00, 0x00,
    0x1f, 0xb0, 0x00, 0x00, 0x00, 0xdd, 0x00, 0x00,
    0x00, 0x00, 0x00, 0x07, 0xff, 0xff, 0xff, 0xf9,
    0x7f, 0xff, 0xff, 0xff, 0xff, 0xb0, 0x00, 0xec,
    0x5d, 0xe5, 0x55, 0x8f, 0xb5, 0x5c, 0xf7, 0x55,
    0x54, 0x00, 0x8f, 0x30, 0x6f, 0x30, 0x0b, 0xe1,
    0x00, 0x2f, 0xa0, 0x00, 0x00, 0x4f, 0x90, 0x00,
    0xea, 0x00, 0x7f, 0x50, 0x00, 0x7f, 0x30, 0x00,
    0x06, 0xc0, 0x00, 0x06, 0x50, 0x8f, 0xfb, 0x10,
    0x00, 0x93, 0x00, 0x00, 0x00, 0x00, 0x00, 0x01,
    0xbf, 0x72, 0xde, 0x40, 0x00, 0x00, 0x00, 0x00,
    0x00, 0x00, 0x06, 0xfe, 0x40, 0x00, 0xaf, 0xb2,
    0x00, 0x00, 0x00, 0x00, 0x00, 0x5d, 0xfa, 0x10,
    0x00, 0x00, 0x4e, 0xfa, 0x30, 0x00, 0x00, 0x17,
    0xdf, 0xc8, 0x66, 0x66, 0x66, 0x66, 0x77, 0xef,
    0xc7, 0x20, 0x8f, 0xfc, 0x50, 0xaf, 0xff, 0xff,
    0xff, 0xff, 0x00, 0x7d, 0xfe, 0x12, 0x93, 0x00,
    0x00, 0x00, 0x00, 0x00, 0x00, 0x00, 0x00, 0x03,
    0x30, 0x00, 0x00, 0x20, 0x00, 0x04, 0xd0, 0x00,
    0x00, 0x08, 0x70, 0x00, 0x00, 0x00, 0x4f, 0x50,
    0x00, 0x2f, 0x70, 0x00, 0x02, 0xf8, 0x00, 0x00,
    0x00, 0x00, 0xce, 0x00, 0x00, 0xae, 0x00, 0x00,
    0x9f, 0x10, 0x00, 0x00, 0x00, 0x02, 0xf8, 0x00,
    0x03, 0xf5, 0x00, 0x1f, 0x90, 0x00, 0x00, 0x00,
    0x00, 0x0a, 0xf0, 0x00, 0x0d, 0xb0, 0x09, 0xf2,
    0x00, 0x00, 0x00, 0x00, 0x00, 0x3f, 0x50, 0x00,
    0x66, 0x03, 0xf9, 0x00, 0x00, 0x00, 0x00, 0x00,
    0x00, 0x20, 0x00, 0x00, 0x00, 0xcf, 0x10, 0x00,
    0x00, 0x01, 0x66, 0x66, 0x66, 0x66, 0x66, 0x66,
    0x9f, 0xc6, 0x66, 0x66, 0x40, 0x4f, 0xff, 0xff,
    0xff, 0xff, 0xff, 0xff, 0xff, 0xff, 0xff, 0xfa,
    0x00,

    /* U+7BAD "箭" */
    0x00, 0x01, 0x20, 0x00, 0x00, 0x00, 0x03, 0x00,
    0x00, 0x00, 0x00, 0x00, 0x09, 0xf3, 0x00, 0x00,
    0x00, 0x5f, 0x60, 0x00, 0x00, 0x00, 0x00, 0x2f,
    0xf7, 0x66, 0x66, 0x40, 0xdf, 0x76, 0x66, 0x66,
    0x62, 0x00, 0xbf, 0xff, 0xff, 0xff, 0x95, 0xff,
    0xff, 0xff, 0xff, 0xf6, 0x09, 0xf7, 0x04, 0xf5,
    0x00, 0x3f, 0xc0, 0x04, 0xf7, 0x00, 0x00, 0x8f,
    0xb0, 0x00, 0xdb, 0x00, 0xcf, 0x20, 0x00, 0xaf,
    0x10, 0x00, 0x29, 0x00, 0x19, 0x60, 0x00, 0x03,
    0x00, 0x2a, 0x64, 0x00, 0x00, 0x00, 0x00, 0x0d,
    0xe1, 0x00, 0x00, 0x00, 0xbf, 0x20, 0x00, 0x00,
    0x56, 0x66, 0x68, 0xfb, 0x66, 0x66, 0x68, 0xfb,
    0x66, 0x66, 0x64, 0xef, 0xff, 0xff, 0xff, 0xff,
    0xff, 0xff, 0xff, 0xff, 0xff, 0xfa, 0x00, 0x00,
    0x00, 0x00, 0x00, 0x00, 0x00, 0x00, 0x00, 0x00,
    0x00, 0x00, 0x99, 0x99, 0x99, 0x99, 0x30, 0x00,
    0x10, 0x00, 0x9d, 0x00, 0x00, 0xfc, 0x99, 0x99,
    0xaf, 0x50, 0x09, 0xd0, 0x00, 0xae, 0x00, 0x00,
    0xf8, 0x00, 0x00, 0x3f, 0x50, 0x09, 0xd0, 0x00,
    0xae, 0x00, 0x00, 0xfc, 0x77, 0x77, 0x9f, 0x50,
    0x09, 0xd0, 0x00, 0xae, 0x00, 0x00, 0xfd, 0xbb,
    0xbb, 0xcf, 0x50, 0x09, 0xd0, 0x00, 0xae, 0x00,
    0x00, 0xf8, 0x00, 0x00, 0x3f, 0x50, 0x09, 0xd0,
    0x00, 0xae, 0x00, 0x00, 0xfa, 0x44, 0x44, 0x7f,
    0x50, 0x09, 0xd0, 0x00, 0xae, 0x00, 0x00, 0xff,
    0xee, 0xee, 0xef, 0x50, 0x09, 0xd0, 0x00, 0xae,
    0x00, 0x00, 0xf8, 0x00, 0x00, 0x3f, 0x50, 0x03,
    0x40, 0x00, 0xae, 0x00, 0x00, 0xf8, 0x00, 0x00,
    0x3f, 0x50, 0x00, 0x00, 0x00, 0xae, 0x00, 0x00,
    0xf8, 0x00, 0x57, 0x9f, 0x40, 0x00, 0x17, 0x77,
    0xdd, 0x00, 0x00, 0xf8, 0x00, 0x6e, 0xea, 0x00,
    0x00, 0x0c, 0xff, 0xd5, 0x00, 0x00, 0x00, 0x00,
    0x00, 0x00, 0x00, 0x00, 0x00, 0x00, 0x00, 0x00,

    /* U+7C7B "类" */
    0x00, 0x00, 0x00, 0x00, 0x00, 0x00, 0x00, 0x00,
    0x00, 0x00, 0x00, 0x00, 0x00, 0x05, 0x10, 0x00,
    0x0a, 0xe0, 0x00, 0x00, 0x72, 0x00, 0x00, 0x00,
    0x01, 0xed, 0x10, 0x00, 0xae, 0x00, 0x00, 0x9f,
    0x60, 0x00, 0x00, 0x00, 0x03, 0xfc, 0x00, 0x0a,
    0xe0, 0x00, 0x4f, 0x90, 0x00, 0x00, 0x00, 0x00,
    0x06, 0xf5, 0x00, 0xae, 0x00, 0x1e, 0xa0, 0x00,
    0x00, 0x00, 0x55, 0x55, 0x59, 0x55, 0x5c, 0xf5,
    0x55, 0x76, 0x55, 0x55, 0x30, 0x1f, 0xff, 0xff,
    0xff, 0xff, 0xff, 0xff, 0xff, 0xff, 0xff, 0xf8,
    0x00, 0x22, 0x22, 0x22, 0x29, 0xff, 0xff, 0xb4,
    0x22, 0x22, 0x22, 0x10, 0x00, 0x00, 0x00, 0x09,
    0xf7, 0xae, 0x6e, 0xf9, 0x10, 0x00, 0x00, 0x00,
    0x00, 0x00, 0x3d, 0xf6, 0x0a, 0xe0, 0x07, 0xff,
    0x81, 0x00, 0x00, 0x00, 0x04, 0xbf, 0xd2, 0x00,
    0xae, 0x00, 0x01, 0x8f, 0xe7, 0x00, 0x01, 0x8d,
    0xfe, 0x60, 0x00, 0x0a, 0xd0, 0x00, 0x00, 0x2a,
    0xfd, 0x20, 0x0d, 0xb5, 0x00, 0x00, 0x00, 0x58,
    0x00, 0x00, 0x00, 0x04, 0xb0, 0x00, 0x00, 0x00,
    0x00, 0x00, 0x0c, 0xe0, 0x00, 0x00, 0x00, 0x00,
    0x00, 0x00, 0x00, 0x00, 0x00, 0x00, 0xfb, 0x00,
    0x00, 0x00, 0x00, 0x00, 0x02, 0xff, 0xff, 0xff,
    0xff, 0xff, 0xff, 0xff, 0xff, 0xff, 0xff, 0x90,
    0x18, 0x88, 0x88, 0x88, 0x8f, 0xfe, 0xf9, 0x88,
    0x88, 0x88, 0x85, 0x00, 0x00, 0x00, 0x00, 0x06,
    0xf9, 0x3f, 0xa0, 0x00, 0x00, 0x00, 0x00, 0x00,
    0x00, 0x00, 0x05, 0xfe, 0x10, 0x7f, 0xa0, 0x00,
    0x00, 0x00, 0x00, 0x00, 0x00, 0x29, 0xfd, 0x20,
    0x00, 0x7f, 0xe5, 0x00, 0x00, 0x00, 0x00, 0x15,
    0xbf, 0xfb, 0x10, 0x00, 0x00, 0x4e, 0xfe, 0x83,
    0x00, 0x05, 0xef, 0xff, 0xa3, 0x00, 0x00, 0x00,
    0x00, 0x06, 0xdf, 0xff, 0xc0, 0x1b, 0x84, 0x00,
    0x00, 0x00, 0x00, 0x00, 0x00, 0x00, 0x26, 0x96,
    0x00,

    /* U+7CFB "系" */
    0x00, 0x00, 0x00, 0x00, 0x00, 0x00, 0x00, 0x25,
    0x8b, 0x90, 0x00, 0x00, 0x01, 0x24, 0x56, 0x89,
    0xac, 0xef, 0xff, 0xfc, 0xa2, 0x00, 0x03, 0xff,
    0xff, 0xff, 0xff, 0xfa, 0x86, 0x42, 0x00, 0x00,
    0x00, 0x00, 0x65, 0x43, 0x21, 0xbf, 0x50, 0x00,
    0x00, 0x00, 0x00, 0x00, 0x00, 0x00, 0x00, 0x1c,
    0xf4, 0x00, 0x00, 0x09, 0x40, 0x00, 0x00, 0x00,
    0x00, 0x02, 0xdd, 0x30, 0x00, 0x03, 0xdf, 0x80,
    0x00, 0x00, 0x00, 0x00, 0x6f, 0xb1, 0x00, 0x01,
    0x8f, 0xe4, 0x00, 0x00, 0x00, 0x00, 0x0c, 0xff,
    0xde, 0xef, 0xff, 0xfc, 0x10, 0x00, 0x00, 0x00,
    0x00, 0x09, 0xb9, 0x86, 0x6d, 0xff, 0x80, 0x01,
    0x40, 0x00, 0x00, 0x00, 0x00, 0x00, 0x03, 0xdf,
    0xd3, 0x00, 0x0b, 0xf4, 0x00, 0x00, 0x00, 0x00,
    0x00, 0x8f, 0xe6, 0x00, 0x00, 0x01, 0xef, 0x30,
    0x00, 0x00, 0x00, 0x5d, 0xf9, 0x10, 0x00, 0x00,
    0x01, 0x5f, 0xe1, 0x00, 0x00, 0x5c, 0xff, 0xb9,
    0xab, 0xcd, 0xef, 0xff, 0xff, 0xfc, 0x00, 0x03,
    0xff, 0xff, 0xed, 0xba, 0xdf, 0x75, 0x43, 0x21,
    0x6f, 0x90, 0x00, 0x53, 0x10, 0x00, 0x00, 0x9f,
    0x00, 0x00, 0x00, 0x0a, 0xd0, 0x00, 0x00, 0x06,
    0xc4, 0x00, 0x9f, 0x00, 0x4e, 0x50, 0x00, 0x00,
    0x00, 0x00, 0x5f, 0xc0, 0x00, 0x9f, 0x00, 0x0b,
    0xf8, 0x00, 0x00, 0x00, 0x04, 0xfd, 0x10, 0x00,
    0x9f, 0x00, 0x00, 0x8f, 0xb1, 0x00, 0x00, 0x7f,
    0xd2, 0x00, 0x00, 0x9f, 0x00, 0x00, 0x06, 0xfd,
    0x10, 0x0b, 0xfc, 0x10, 0x00, 0x00, 0x9f, 0x00,
    0x00, 0x00, 0x5f, 0xd1, 0x04, 0x90, 0x00, 0x09,
    0x88, 0xdf, 0x00, 0x00, 0x00, 0x05, 0x90, 0x00,
    0x00, 0x00, 0x0c, 0xff, 0xd6, 0x00, 0x00, 0x00,
    0x00, 0x00,

    /* U+7EDF "统" */
    0x00, 0x00, 0x00, 0x00, 0x00, 0x00, 0x00, 0x00,
    0x00, 0x00, 0x00, 0x00, 0x00, 0x00, 0x06, 0xd3,
    0x00, 0x00, 0x00, 0x5f, 0x30, 0x00, 0x00, 0x00,
    0x00, 0x00, 0x0d, 0xf1, 0x00, 0x00, 0x00, 0x0f,
    0xb0, 0x00, 0x00, 0x00, 0x00, 0x00, 0x4f, 0x90,
    0x00, 0x00, 0x00, 0x09, 0xf2, 0x00, 0x00, 0x00,
    0x00, 0x00, 0xbf, 0x20, 0x00, 0x77, 0x77, 0x7a,
    0xc8, 0x77, 0x77, 0x60, 0x00, 0x03, 0xf9, 0x00,
    0x01, 0xff, 0xff, 0xff, 0xff, 0xff, 0xff, 0xc0,
    0x00, 0x0b, 0xe1, 0x03, 0xb1, 0x00, 0x01, 0xfd,
    0x00, 0x00, 0x00, 0x00, 0x00, 0x4f, 0x60, 0x0c,
    0xf2, 0x00, 0x0b, 0xf3, 0x00, 0x65, 0x00, 0x00,
    0x01, 0xec, 0x00, 0x5f, 0x80, 0x00, 0x6f, 0x80,
    0x00, 0xaf, 0x10, 0x00, 0x0c, 0xfe, 0xef, 0xfe,
    0x00, 0x02, 0xfd, 0x00, 0x00, 0x1e, 0xb0, 0x00,
    0x0b, 0xfc, 0xad, 0xf4, 0x00, 0x1d, 0xf2, 0x02,
    0x34, 0x6c, 0xf6, 0x00, 0x01, 0x00, 0x3f, 0xa0,
    0x04, 0xef, 0xff, 0xff, 0xff, 0xff, 0xfe, 0x10,
    0x00, 0x00, 0xdd, 0x00, 0x02, 0xfd, 0xb9, 0x76,
    0x42, 0x10, 0x4f, 0x80, 0x00, 0x0a, 0xf3, 0x00,
    0x00, 0x10, 0x8c, 0x00, 0x0d, 0x60, 0x07, 0x20,
    0x00, 0x8f, 0x95, 0x9c, 0xd0, 0x00, 0xae, 0x00,
    0x0f, 0x80, 0x00, 0x00, 0x08, 0xff, 0xff, 0xeb,
    0x70, 0x00, 0xbc, 0x00, 0x0f, 0x80, 0x00, 0x00,
    0x08, 0xe9, 0x52, 0x00, 0x00, 0x00, 0xdb, 0x00,
    0x0f, 0x80, 0x00, 0x00, 0x00, 0x00, 0x00, 0x00,
    0x00, 0x01, 0xf8, 0x00, 0x0f, 0x80, 0x00, 0x00,
    0x00, 0x00, 0x00, 0x15, 0x90, 0x06, 0xf3, 0x00,
    0x0f, 0x80, 0x03, 0x40, 0x00, 0x03, 0x7c, 0xff,
    0xd0, 0x1d, 0xe0, 0x00, 0x0f, 0x80, 0x06, 0xf0,
    0x08, 0xef, 0xfc, 0x72, 0x00, 0xaf, 0x50, 0x00,
    0x0f, 0x80, 0x07, 0xe0, 0x09, 0xb6, 0x10, 0x00,
    0x3c, 0xf9, 0x00, 0x00, 0x0f, 0xc6, 0x6c, 0xb0,
    0x00, 0x00, 0x00, 0x01, 0xef, 0x60, 0x00, 0x00,
    0x09, 0xff, 0xfe, 0x40, 0x00, 0x00, 0x00, 0x00,
    0x20, 0x00, 0x00, 0x00, 0x00, 0x00, 0x00, 0x00,

    /* U+7EE7 "继" */
    0x00, 0x00, 0x00, 0x00, 0x00, 0x00, 0x00, 0x00,
    0x00, 0x00, 0x00, 0x00, 0x00, 0x00, 0xe7, 0x00,
    0x03, 0x10, 0x00, 0x04, 0xf1, 0x00, 0x00, 0x00,
    0x00, 0x5f, 0x60, 0x00, 0xf8, 0x05, 0x00, 0x4f,
    0x10, 0x14, 0x00, 0x00, 0x0b, 0xe0, 0x00, 0x0f,
    0x81, 0xf2, 0x04, 0xf1, 0x08, 0xe0, 0x00, 0x02,
    0xf8, 0x00, 0x00, 0xf8, 0x0b, 0x80, 0x4f, 0x10,
    0xd7, 0x00, 0x00, 0x9f, 0x10, 0x00, 0x0f, 0x80,
    0x5e, 0x04, 0xf1, 0x4f, 0x10, 0x00, 0x1f, 0x80,
    0x07, 0xa0, 0xf8, 0x01, 0xf3, 0x4f, 0x1b, 0x80,
    0x00, 0x09, 0xe0, 0x01, 0xeb, 0x0f, 0x80, 0x05,
    0x14, 0xf1, 0x41, 0x00, 0x04, 0xf6, 0x23, 0xaf,
    0x10, 0xf8, 0x46, 0x66, 0x9f, 0x76, 0x66, 0x30,
    0xef, 0xff, 0xff, 0x70, 0x0f, 0x8c, 0xff, 0xff,
    0xff, 0xff, 0xf9, 0x07, 0x85, 0x4e, 0xc0, 0x00,
    0xf8, 0x00, 0x01, 0xff, 0x80, 0x00, 0x00, 0x00,
    0x09, 0xf2, 0x00, 0x0f, 0x80, 0x00, 0x9f, 0xff,
    0x60, 0x00, 0x00, 0x04, 0xf5, 0x00, 0x00, 0xf8,
    0x00, 0x2f, 0x7f, 0x5f, 0x30, 0x00, 0x02, 0xf9,
    0x01, 0x46, 0x0f, 0x80, 0x0b, 0xa4, 0xf1, 0x8e,
    0x20, 0x02, 0xef, 0xce, 0xff, 0xd0, 0xf8, 0x07,
    0xf2, 0x4f, 0x10, 0xcd, 0x00, 0xbf, 0xfb, 0x84,
    0x10, 0x0f, 0x85, 0xf7, 0x04, 0xf1, 0x02, 0xf3,
    0x03, 0x30, 0x00, 0x00, 0x00, 0xf8, 0x6a, 0x00,
    0x4f, 0x10, 0x02, 0x00, 0x00, 0x00, 0x00, 0x00,
    0x0f, 0x80, 0x00, 0x04, 0xf1, 0x00, 0x00, 0x00,
    0x00, 0x14, 0x8c, 0xf2, 0xf8, 0x00, 0x00, 0x4f,
    0x10, 0x00, 0x00, 0x69, 0xdf, 0xfe, 0xa6, 0x0f,
    0x80, 0x00, 0x00, 0x10, 0x00, 0x00, 0x0c, 0xea,
    0x62, 0x00, 0x00, 0xff, 0xff, 0xff, 0xff, 0xff,
    0xff, 0xc0, 0x10, 0x00, 0x00, 0x00, 0x07, 0x77,
    0x77, 0x77, 0x77, 0x77, 0x76,

    /* U+7EED "续" */
    0x00, 0x00, 0x00, 0x00, 0x00, 0x00, 0x00, 0x01,
    0x00, 0x00, 0x00, 0x00, 0x00, 0x00, 0xaa, 0x00,
    0x00, 0x00, 0x02, 0xf7, 0x00, 0x00, 0x00, 0x00,
    0x00, 0x1f, 0x90, 0x00, 0x00, 0x00, 0x2f, 0x70,
    0x00, 0x00, 0x00, 0x00, 0x08, 0xf1, 0x00, 0x08,
    0xff, 0xff, 0xff, 0xff, 0xff, 0x20, 0x00, 0x00,
    0xea, 0x00, 0x00, 0x36, 0x66, 0x8f, 0xb6, 0x66,
    0x60, 0x00, 0x00, 0x6f, 0x20, 0x00, 0x00, 0x00,
    0x02, 0xf7, 0x00, 0x00, 0x00, 0x00, 0x0e, 0x90,
    0x0b, 0x61, 0x22, 0x22, 0x4f, 0x82, 0x22, 0x22,
    0x00, 0x08, 0xe0, 0x04, 0xf6, 0x6f, 0xff, 0xff,
    0xff, 0xff, 0xff, 0xf3, 0x03, 0xf6, 0x23, 0xcc,
    0x01, 0x33, 0x33, 0x33, 0x33, 0x33, 0xbd, 0x00,
    0xef, 0xff, 0xff, 0x30, 0x00, 0x28, 0x00, 0x5c,
    0x10, 0x0f, 0x70, 0x08, 0x85, 0x4f, 0x90, 0x00,
    0x02, 0xcd, 0x26, 0xf1, 0x06, 0xf1, 0x00, 0x00,
    0x0b, 0xd0, 0x00, 0x06, 0x00, 0x9e, 0x6f, 0x10,
    0x14, 0x00, 0x00, 0x06, 0xf3, 0x00, 0x01, 0xcd,
    0x30, 0x27, 0xf1, 0x00, 0x00, 0x00, 0x03, 0xf7,
    0x37, 0xb5, 0x00, 0x8f, 0x40, 0x8f, 0x00, 0x00,
    0x00, 0x02, 0xef, 0xff, 0xfb, 0x30, 0x00, 0x50,
    0x0a, 0xe0, 0x00, 0x00, 0x00, 0xcf, 0xc8, 0x30,
    0x00, 0xef, 0xff, 0xff, 0xff, 0xff, 0xff, 0xf7,
    0x03, 0x20, 0x00, 0x00, 0x06, 0x77, 0x77, 0xaf,
    0xa7, 0x77, 0x77, 0x30, 0x00, 0x00, 0x03, 0x95,
    0x00, 0x00, 0x0c, 0xe0, 0x40, 0x00, 0x00, 0x00,
    0x02, 0x8e, 0xfd, 0x40, 0x00, 0x09, 0xf6, 0x3f,
    0xc1, 0x00, 0x00, 0x7d, 0xff, 0x93, 0x00, 0x00,
    0x09, 0xf9, 0x00, 0x3d, 0xe4, 0x00, 0x0b, 0xb5,
    0x00, 0x00, 0x00, 0x3d, 0xf8, 0x00, 0x00, 0x1b,
    0xf6, 0x00, 0x00, 0x00, 0x00, 0x01, 0xbf, 0xd4,
    0x00, 0x00, 0x00, 0x09, 0xf7, 0x00, 0x00, 0x00,
    0x00, 0x09, 0x60, 0x00, 0x00, 0x00, 0x00, 0x08,
    0x40,

    /* U+7F16 "编" */
    0x00, 0x00, 0x00, 0x00, 0x00, 0x00, 0x00, 0x00,
    0x00, 0x00, 0x00, 0x00, 0x00, 0x00, 0xd7, 0x00,
    0x00, 0x00, 0x03, 0xf7, 0x00, 0x00, 0x00, 0x00,
    0x00, 0x5f, 0x60, 0x00, 0x00, 0x00, 0x0d, 0xe0,
    0x00, 0x00, 0x00, 0x00, 0x0b, 0xe0, 0x00, 0x06,
    0x66, 0x66, 0xbf, 0x96, 0x66, 0x60, 0x00, 0x02,
    0xf8, 0x00, 0x00, 0xff, 0xff, 0xff, 0xff, 0xff,
    0xff, 0x00, 0x00, 0x8f, 0x10, 0x00, 0x0f, 0x70,
    0x00, 0x00, 0x00, 0x07, 0xf0, 0x00, 0x1f, 0x80,
    0x0c, 0x40, 0xf7, 0x00, 0x00, 0x00, 0x00, 0x7f,
    0x00, 0x09, 0xe0, 0x07, 0xf3, 0x0f, 0xa5, 0x55,
    0x55, 0x55, 0x5a, 0xf0, 0x04, 0xf6, 0x24, 0xea,
    0x00, 0xff, 0xff, 0xff, 0xff, 0xff, 0xff, 0x00,
    0xef, 0xff, 0xff, 0x10, 0x0f, 0x70, 0x00, 0x00,
    0x00, 0x00, 0x00, 0x07, 0x75, 0x5f, 0x70, 0x00,
    0xf6, 0x00, 0x00, 0x00, 0x00, 0x00, 0x00, 0x00,
    0x0d, 0xc0, 0x00, 0x1f, 0xdf, 0xff, 0xff, 0xff,
    0xff, 0xf4, 0x00, 0x08, 0xe1, 0x00, 0x02, 0xfd,
    0xe6, 0x6f, 0x77, 0xf6, 0x6f, 0x40, 0x04, 0xf5,
    0x14, 0x80, 0x3f, 0xbc, 0x00, 0xf1, 0x1f, 0x00,
    0xf4, 0x04, 0xff, 0xef, 0xfd, 0x05, 0xf9, 0xc0,
    0x0f, 0x11, 0xf0, 0x0f, 0x40, 0xbf, 0xc8, 0x40,
    0x00, 0x7f, 0x8c, 0x00, 0xf1, 0x1f, 0x00, 0xf4,
    0x02, 0x10, 0x00, 0x00, 0x0a, 0xd7, 0xff, 0xff,
    0xff, 0xff, 0xff, 0x40, 0x00, 0x00, 0x05, 0xc1,
    0xd9, 0x7e, 0x55, 0xf6, 0x6f, 0x65, 0xf4, 0x00,
    0x01, 0x8e, 0xfc, 0x3f, 0x67, 0xc0, 0x0f, 0x11,
    0xf0, 0x0f, 0x40, 0x4b, 0xff, 0xb4, 0x07, 0xf2,
    0x7c, 0x00, 0xf1, 0x1f, 0x00, 0xf4, 0x0d, 0xf9,
    0x20, 0x00, 0xdb, 0x07, 0xc0, 0x0f, 0x11, 0xf0,
    0x0f, 0x40, 0x41, 0x00, 0x00, 0x3f, 0x40, 0x7c,
    0x00, 0xf1, 0x1f, 0x23, 0xf4, 0x00, 0x00, 0x00,
    0x00, 0x50, 0x07, 0xc0, 0x00, 0x00, 0x03, 0xfd,
    0x10, 0x00, 0x00, 0x00, 0x00, 0x00, 0x00, 0x00,
    0x00, 0x00, 0x00, 0x00,

    /* U+7F6E "置" */
    0x00, 0x23, 0x33, 0x33, 0x33, 0x33, 0x33, 0x33,
    0x33, 0x33, 0x20, 0x00, 0xef, 0xff, 0xff, 0xff,
    0xff, 0xff, 0xff, 0xff, 0xff, 0xa0, 0x00, 0xe9,
    0x00, 0x05, 0xf2, 0x00, 0x0a, 0xc0, 0x00, 0x0e,
    0xa0, 0x00, 0xe9, 0x00, 0x05, 0xf2, 0x00, 0x0a,
    0xc0, 0x00, 0x0e, 0xa0, 0x00, 0xef, 0xee, 0xef,
    0xff, 0xee, 0xef, 0xfe, 0xee, 0xef, 0xa0, 0x00,
    0x34, 0x44, 0x44, 0x44, 0xed, 0x44, 0x44, 0x44,
    0x44, 0x20, 0x00, 0x00, 0x00, 0x00, 0x00, 0xfa,
    0x00, 0x00, 0x00, 0x00, 0x00, 0x2f, 0xff, 0xff,
    0xff, 0xff, 0xff, 0xff, 0xff, 0xff, 0xff, 0xf5,
    0x03, 0x33, 0x33, 0x33, 0x37, 0xf6, 0x33, 0x33,
    0x33, 0x33, 0x31, 0x00, 0x00, 0x22, 0x22, 0x29,
    0xf3, 0x22, 0x22, 0x22, 0x10, 0x00, 0x00, 0x01,
    0xff, 0xff, 0xff, 0xff, 0xff, 0xff, 0xff, 0x80,
    0x00, 0x00, 0x01, 0xf6, 0x00, 0x00, 0x00, 0x00,
    0x00, 0x0f, 0x80, 0x00, 0x00, 0x01, 0xff, 0xee,
    0xee, 0xee, 0xee, 0xee, 0xef, 0x80, 0x00, 0x00,
    0x01, 0xf7, 0x11, 0x11, 0x11, 0x11, 0x11, 0x2f,
    0x80, 0x00, 0x00, 0x01, 0xf7, 0x11, 0x11, 0x11,
    0x11, 0x11, 0x2f, 0x80, 0x00, 0x00, 0x01, 0xff,
    0xff, 0xff, 0xff, 0xff, 0xff, 0xff, 0x80, 0x00,
    0x00, 0x01, 0xf6, 0x00, 0x00, 0x00, 0x00, 0x00,
    0x0f, 0x80, 0x00, 0x00, 0x01, 0xfe, 0xdd, 0xdd,
    0xdd, 0xdd, 0xdd, 0xef, 0x80, 0x00, 0x00, 0x01,
    0xf7, 0x11, 0x11, 0x11, 0x11, 0x11, 0x2f, 0x80,
    0x00, 0x01, 0x13, 0xf7, 0x11, 0x11, 0x11, 0x11,
    0x11, 0x2f, 0x81, 0x11, 0x5f, 0xff, 0xff, 0xff,
    0xff, 0xff, 0xff, 0xff, 0xff, 0xff, 0xfd, 0x02,
    0x22, 0x22, 0x22, 0x22, 0x22, 0x22, 0x22, 0x22,
    0x22, 0x21,

    /* U+80CC "背" */
    0x00, 0x00, 0x00, 0x02, 0x10, 0x00, 0x11, 0x00,
    0x00, 0x00, 0x00, 0x00, 0x00, 0x00, 0x0e, 0xa0,
    0x00, 0xaf, 0x00, 0x00, 0x00, 0x00, 0x00, 0x00,
    0x00, 0x0e, 0xa0, 0x00, 0xaf, 0x00, 0x01, 0x7d,
    0x30, 0x0f, 0xff, 0xff, 0xff, 0xa0, 0x00, 0xaf,
    0x27, 0xcf, 0xfa, 0x30, 0x05, 0x55, 0x55, 0x5f,
    0xa0, 0x00, 0xaf, 0xfe, 0x95, 0x00, 0x00, 0x00,
    0x00, 0x00, 0x0e, 0xa0, 0x00, 0xaf, 0x20, 0x00,
    0x00, 0x00, 0x00, 0x00, 0x02, 0x4f, 0xa0, 0x00,
    0xaf, 0x00, 0x00, 0x00, 0x97, 0x37, 0xac, 0xff,
    0xff, 0xa0, 0x00, 0xaf, 0x10, 0x00, 0x00, 0xea,
    0x7f, 0xc8, 0x52, 0x0e, 0xa0, 0x00, 0x6f, 0xff,
    0xff, 0xff, 0xf5, 0x00, 0x00, 0x00, 0x0a, 0x70,
    0x00, 0x04, 0x67, 0x77, 0x77, 0x40, 0x00, 0x00,
    0x55, 0x55, 0x55, 0x55, 0x55, 0x55, 0x55, 0x20,
    0x00, 0x00, 0x01, 0xff, 0xff, 0xff, 0xff, 0xff,
    0xff, 0xff, 0x80, 0x00, 0x00, 0x01, 0xf8, 0x00,
    0x00, 0x00, 0x00, 0x00, 0x1f, 0x80, 0x00, 0x00,
    0x01, 0xf8, 0x00, 0x00, 0x00, 0x00, 0x00, 0x1f,
    0x80, 0x00, 0x00, 0x01, 0xff, 0xff, 0xff, 0xff,
    0xff, 0xff, 0xff, 0x80, 0x00, 0x00, 0x01, 0xfa,
    0x33, 0x33, 0x33, 0x33, 0x33, 0x4f, 0x80, 0x00,
    0x00, 0x01, 0xf8, 0x00, 0x00, 0x00, 0x00, 0x00,
    0x1f, 0x80, 0x00, 0x00, 0x01, 0xfa, 0x44, 0x44,
    0x44, 0x44, 0x44, 0x5f, 0x80, 0x00, 0x00, 0x01,
    0xff, 0xee, 0xee, 0xee, 0xee, 0xee, 0xff, 0x80,
    0x00, 0x00, 0x01, 0xf8, 0x00, 0x00, 0x00, 0x00,
    0x00, 0x1f, 0x80, 0x00, 0x00, 0x01, 0xf8, 0x00,
    0x00, 0x00, 0x00, 0x00, 0x1f, 0x80, 0x00, 0x00,
    0x01, 0xf8, 0x00, 0x00, 0x00, 0x05, 0x66, 0x7f,
    0x70, 0x00, 0x00, 0x01, 0xf8, 0x00, 0x00, 0x00,
    0x08, 0xff, 0xeb, 0x10, 0x00, 0x00, 0x00, 0x00,
    0x00, 0x00, 0x00, 0x00, 0x00, 0x00, 0x00, 0x00,

    /* U+80F6 "胶" */
    0x00, 0x00, 0x00, 0x00, 0x00, 0x00, 0x00, 0x01,
    0x00, 0x00, 0x00, 0x00, 0x00, 0x00, 0x00, 0x00,
    0x00, 0x00, 0x06, 0xf3, 0x00, 0x00, 0x00, 0x00,
    0x6f, 0xff, 0xff, 0x80, 0x00, 0x00, 0x0e, 0xe0,
    0x00, 0x00, 0x00, 0x07, 0xf7, 0x77, 0xf8, 0x00,
    0x00, 0x00, 0x5f, 0x60, 0x00, 0x00, 0x00, 0x7f,
    0x00, 0x0e, 0x80, 0x88, 0x88, 0x88, 0xb8, 0x88,
    0x88, 0x20, 0x07, 0xf0, 0x00, 0xe8, 0x1f, 0xff,
    0xff, 0xff, 0xff, 0xff, 0xf4, 0x00, 0x7f, 0x00,
    0x0e, 0x80, 0x00, 0x11, 0x00, 0x00, 0x30, 0x00,
    0x00, 0x07, 0xf4, 0x44, 0xf8, 0x00, 0x0b, 0xe1,
    0x00, 0x3f, 0x80, 0x00, 0x00, 0x7f, 0xff, 0xff,
    0x80, 0x06, 0xf7, 0x00, 0x00, 0x7f, 0x70, 0x00,
    0x07, 0xf2, 0x22, 0xe8, 0x02, 0xfc, 0x00, 0x00,
    0x00, 0x9f, 0x50, 0x00, 0x7f, 0x00, 0x0e, 0x82,
    0xee, 0x20, 0x00, 0x00, 0x00, 0xbf, 0x20, 0x07,
    0xf0, 0x00, 0xe9, 0xdf, 0x7e, 0x10, 0x00, 0x09,
    0xd2, 0xea, 0x00, 0x7f, 0x00, 0x0e, 0x85, 0x31,
    0xf8, 0x00, 0x00, 0xeb, 0x04, 0x10, 0x08, 0xf8,
    0x88, 0xf8, 0x00, 0x0a, 0xe0, 0x00, 0x5f, 0x50,
    0x00, 0x00, 0x9f, 0xff, 0xff, 0x80, 0x00, 0x3f,
    0x80, 0x0d, 0xe0, 0x00, 0x00, 0x0a, 0xc0, 0x00,
    0xe8, 0x00, 0x00, 0xaf, 0x37, 0xf6, 0x00, 0x00,
    0x00, 0xba, 0x00, 0x0e, 0x80, 0x00, 0x01, 0xed,
    0xfb, 0x00, 0x00, 0x00, 0x0d, 0x80, 0x00, 0xe8,
    0x00, 0x00, 0x06, 0xff, 0x20, 0x00, 0x00, 0x00,
    0xf6, 0x00, 0x0e, 0x80, 0x00, 0x02, 0xdf, 0xfb,
    0x00, 0x00, 0x00, 0x3f, 0x30, 0x00, 0xe8, 0x00,
    0x04, 0xef, 0x59, 0xfc, 0x10, 0x00, 0x07, 0xe0,
    0x00, 0x0e, 0x80, 0x18, 0xfe, 0x30, 0x07, 0xfe,
    0x70, 0x00, 0xda, 0x00, 0x78, 0xf8, 0x7f, 0xfa,
    0x10, 0x00, 0x05, 0xef, 0xe6, 0x1e, 0x50, 0x0d,
    0xfc, 0x3d, 0xc3, 0x00, 0x00, 0x00, 0x00, 0x7e,
    0x40, 0x00, 0x00, 0x00, 0x00, 0x10, 0x00, 0x00,
    0x00, 0x00, 0x00, 0x00,

    /* U+8303 "范" */
    0x00, 0x00, 0x00, 0x11, 0x00, 0x00, 0x00, 0x01,
    0x00, 0x00, 0x00, 0x00, 0x00, 0x00, 0x0d, 0xb0,
    0x00, 0x00, 0x06, 0xf3, 0x00, 0x00, 0x00, 0x00,
    0x00, 0x00, 0xdb, 0x00, 0x00, 0x00, 0x6f, 0x30,
    0x00, 0x00, 0x05, 0xff, 0xff, 0xff, 0xff, 0xff,
    0xff, 0xff, 0xff, 0xff, 0xff, 0xc0, 0x38, 0x88,
    0x88, 0xee, 0x88, 0x88, 0x88, 0xbf, 0xa8, 0x88,
    0x87, 0x00, 0x00, 0x00, 0x0d, 0xb0, 0x00, 0x00,
    0x06, 0xf3, 0x00, 0x00, 0x00, 0x00, 0x00, 0x00,
    0xdb, 0x00, 0x00, 0x00, 0x6f, 0x30, 0x00, 0x00,
    0x00, 0x04, 0x70, 0x00, 0x00, 0x00, 0x00, 0x00,
    0x00, 0x00, 0x00, 0x00, 0x00, 0x7f, 0xe6, 0x00,
    0x0d, 0xff, 0xff, 0xff, 0xff, 0xff, 0x00, 0x00,
    0x00, 0x2b, 0xfc, 0x10, 0xee, 0x99, 0x99, 0x99,
    0x9d, 0xf0, 0x00, 0x00, 0x00, 0x05, 0xa0, 0x0e,
    0xb0, 0x00, 0x00, 0x00, 0x8f, 0x00, 0x00, 0x10,
    0x00, 0x00, 0x00, 0xeb, 0x00, 0x00, 0x00, 0x08,
    0xf0, 0x00, 0x2f, 0xc5, 0x00, 0x00, 0x0e, 0xb0,
    0x00, 0x00, 0x00, 0x8f, 0x00, 0x00, 0x4b, 0xfd,
    0x60, 0x00, 0xeb, 0x00, 0x00, 0x00, 0x08, 0xf0,
    0x00, 0x00, 0x03, 0xca, 0x00, 0x0e, 0xb0, 0x00,
    0x46, 0x56, 0xcf, 0x00, 0x00, 0x00, 0x00, 0x03,
    0x00, 0xeb, 0x00, 0x06, 0xff, 0xfe, 0x70, 0x00,
    0x00, 0x00, 0x02, 0xf8, 0x0e, 0xb0, 0x00, 0x01,
    0x10, 0x00, 0x00, 0x00, 0x00, 0x01, 0xde, 0x10,
    0xeb, 0x00, 0x00, 0x00, 0x00, 0x00, 0x00, 0x00,
    0x00, 0xcf, 0x40, 0x0e, 0xb0, 0x00, 0x00, 0x00,
    0x00, 0x6d, 0x10, 0x00, 0xaf, 0x70, 0x00, 0xeb,
    0x00, 0x00, 0x00, 0x00, 0x08, 0xf0, 0x00, 0x9f,
    0x90, 0x00, 0x0d, 0xc0, 0x00, 0x00, 0x00, 0x00,
    0xbe, 0x00, 0x8f, 0xb0, 0x00, 0x00, 0xaf, 0xb8,
    0x88, 0x88, 0x88, 0xbf, 0x90, 0x07, 0xd0, 0x00,
    0x00, 0x01, 0xae, 0xff, 0xff, 0xff, 0xfe, 0xa1,
    0x00, 0x01, 0x00, 0x00, 0x00, 0x00, 0x00, 0x00,
    0x00, 0x00, 0x00, 0x00,

    /* U+83DC "菜" */
    0x00, 0x00, 0x00, 0x11, 0x00, 0x00, 0x00, 0x11,
    0x00, 0x00, 0x00, 0x00, 0x00, 0x00, 0x0a, 0xf0,
    0x00, 0x00, 0x09, 0xf0, 0x00, 0x00, 0x00, 0x16,
    0x66, 0x66, 0xcf, 0x66, 0x66, 0x66, 0xcf, 0x66,
    0x66, 0x65, 0x04, 0xff, 0xff, 0xff, 0xff, 0xff,
    0xff, 0xff, 0xff, 0xff, 0xff, 0xc0, 0x00, 0x00,
    0x00, 0xaf, 0x00, 0x00, 0x00, 0x9f, 0x10, 0x00,
    0x00, 0x00, 0x00, 0x00, 0x0a, 0xf0, 0x00, 0x00,
    0x07, 0xc0, 0x35, 0x00, 0x00, 0x00, 0x00, 0x00,
    0x23, 0x34, 0x56, 0x8a, 0xbd, 0xff, 0xf8, 0x00,
    0x00, 0x5e, 0xef, 0xff, 0xff, 0xff, 0xfe, 0xdb,
    0x97, 0x41, 0x00, 0x00, 0x02, 0x87, 0x65, 0x44,
    0x32, 0x30, 0x00, 0x00, 0x00, 0x45, 0x00, 0x00,
    0x01, 0x81, 0x00, 0x00, 0xae, 0x00, 0x00, 0x00,
    0x0d, 0xe1, 0x00, 0x00, 0x1e, 0xc0, 0x00, 0x03,
    0xf8, 0x00, 0x00, 0x06, 0xf5, 0x00, 0x00, 0x00,
    0x5f, 0x60, 0x00, 0x0c, 0xd0, 0x00, 0x01, 0xeb,
    0x00, 0x00, 0x00, 0x00, 0xce, 0x00, 0x00, 0x67,
    0x00, 0x00, 0xae, 0x10, 0x00, 0x00, 0x00, 0x03,
    0x30, 0x00, 0x0a, 0xf0, 0x00, 0x06, 0x40, 0x00,
    0x00, 0x14, 0x44, 0x44, 0x44, 0x44, 0xcf, 0x44,
    0x44, 0x44, 0x44, 0x44, 0x06, 0xff, 0xff, 0xff,
    0xff, 0xff, 0xff, 0xff, 0xff, 0xff, 0xff, 0xe0,
    0x12, 0x22, 0x22, 0x22, 0xbf, 0xff, 0xed, 0x32,
    0x22, 0x22, 0x22, 0x00, 0x00, 0x00, 0x01, 0xbf,
    0x6a, 0xf2, 0xed, 0x20, 0x00, 0x00, 0x00, 0x00,
    0x00, 0x05, 0xef, 0x50, 0xaf, 0x02, 0xdf, 0x80,
    0x00, 0x00, 0x00, 0x00, 0x4c, 0xfd, 0x20, 0x0a,
    0xf0, 0x00, 0x9f, 0xe7, 0x00, 0x00, 0x16, 0xcf,
    0xf7, 0x00, 0x00, 0xaf, 0x00, 0x00, 0x4c, 0xff,
    0xa5, 0x09, 0xff, 0x91, 0x00, 0x00, 0x0a, 0xf0,
    0x00, 0x00, 0x05, 0xbf, 0xd0, 0x06, 0x00, 0x00,
    0x00, 0x00, 0xaf, 0x00, 0x00, 0x00, 0x00, 0x21,
    0x00,

    /* U+884C "行" */
    0x00, 0x00, 0x00, 0x00, 0x00, 0x00, 0x00, 0x00,
    0x00, 0x00, 0x00, 0x00, 0x00, 0x00, 0x3e, 0x60,
    0x00, 0x00, 0x00, 0x00, 0x00, 0x00, 0x00, 0x00,
    0x00, 0x2e, 0xe1, 0x00, 0x89, 0x99, 0x99, 0x99,
    0x99, 0x98, 0x00, 0x00, 0x2e, 0xe2, 0x00, 0x0d,
    0xff, 0xff, 0xff, 0xff, 0xff, 0xe0, 0x00, 0x4e,
    0xe2, 0x00, 0x00, 0x00, 0x00, 0x00, 0x00, 0x00,
    0x00, 0x00, 0x7f, 0xd2, 0x00, 0x00, 0x00, 0x00,
    0x00, 0x00, 0x00, 0x00, 0x00, 0x1e, 0xb0, 0x00,
    0x2d, 0x50, 0x00, 0x00, 0x00, 0x00, 0x00, 0x00,
    0x00, 0x20, 0x00, 0x0c, 0xe1, 0x00, 0x00, 0x00,
    0x00, 0x00, 0x00, 0x00, 0x00, 0x00, 0x08, 0xf5,
    0x00, 0x00, 0x00, 0x00, 0x00, 0x00, 0x00, 0x00,
    0x00, 0x06, 0xf9, 0x00, 0xef, 0xff, 0xff, 0xff,
    0xff, 0xff, 0xf9, 0x00, 0x05, 0xff, 0x10, 0x07,
    0x77, 0x77, 0x77, 0x7d, 0xf7, 0x77, 0x40, 0x05,
    0xff, 0xf1, 0x00, 0x00, 0x00, 0x00, 0x00, 0xae,
    0x00, 0x00, 0x07, 0xfd, 0x9f, 0x10, 0x00, 0x00,
    0x00, 0x00, 0x0a, 0xe0, 0x00, 0x04, 0xfd, 0x17,
    0xf1, 0x00, 0x00, 0x00, 0x00, 0x00, 0xae, 0x00,
    0x00, 0x06, 0x10, 0x7f, 0x10, 0x00, 0x00, 0x00,
    0x00, 0x0a, 0xe0, 0x00, 0x00, 0x00, 0x07, 0xf1,
    0x00, 0x00, 0x00, 0x00, 0x00, 0xae, 0x00, 0x00,
    0x00, 0x00, 0x7f, 0x10, 0x00, 0x00, 0x00, 0x00,
    0x0a, 0xe0, 0x00, 0x00, 0x00, 0x07, 0xf1, 0x00,
    0x00, 0x00, 0x00, 0x00, 0xae, 0x00, 0x00, 0x00,
    0x00, 0x7f, 0x10, 0x00, 0x00, 0x00, 0x00, 0x0a,
    0xe0, 0x00, 0x00, 0x00, 0x07, 0xf1, 0x00, 0x00,
    0x00, 0x00, 0x00, 0xae, 0x00, 0x00, 0x00, 0x00,
    0x7f, 0x10, 0x00, 0x00, 0x00, 0x00, 0x0a, 0xe0,
    0x00, 0x00, 0x00, 0x07, 0xf1, 0x00, 0x00, 0x00,
    0x98, 0x88, 0xed, 0x00, 0x00, 0x00, 0x00, 0x7f,
    0x10, 0x00, 0x00, 0x0b, 0xff, 0xec, 0x40, 0x00,
    0x00, 0x00, 0x00, 0x10, 0x00, 0x00, 0x00, 0x00,
    0x00, 0x00, 0x00, 0x00,

    /* U+8868 "表" */
    0x00, 0x00, 0x00, 0x00, 0x00, 0x02, 0x10, 0x00,
    0x00, 0x00, 0x00, 0x00, 0x00, 0x00, 0x00, 0x00,
    0x01, 0xf8, 0x00, 0x00, 0x00, 0x00, 0x00, 0x00,
    0x00, 0x00, 0x00, 0x00, 0x1f, 0x80, 0x00, 0x00,
    0x00, 0x00, 0x00, 0x0a, 0xff, 0xff, 0xff, 0xff,
    0xff, 0xff, 0xff, 0xff, 0xff, 0x60, 0x00, 0x46,
    0x66, 0x66, 0x66, 0x7f, 0xb6, 0x66, 0x66, 0x66,
    0x62, 0x00, 0x00, 0x00, 0x00, 0x00, 0x01, 0xf8,
    0x00, 0x00, 0x00, 0x00, 0x00, 0x00, 0x02, 0x55,
    0x55, 0x55, 0x6f, 0xb5, 0x55, 0x55, 0x55, 0x10,
    0x00, 0x00, 0x7f, 0xff, 0xff, 0xff, 0xff, 0xff,
    0xff, 0xff, 0xf5, 0x00, 0x00, 0x00, 0x00, 0x00,
    0x00, 0x1f, 0x80, 0x00, 0x00, 0x00, 0x00, 0x00,
    0x00, 0x00, 0x00, 0x00, 0x01, 0xf8, 0x00, 0x00,
    0x00, 0x00, 0x00, 0x04, 0x77, 0x77, 0x77, 0x77,
    0x8f, 0xc7, 0x77, 0x77, 0x77, 0x77, 0x10, 0x9e,
    0xee, 0xee, 0xee, 0xff, 0xff, 0xfe, 0xee, 0xee,
    0xee, 0xe2, 0x00, 0x00, 0x00, 0x00, 0x4e, 0xd3,
    0xf7, 0x00, 0x00, 0x00, 0x00, 0x00, 0x00, 0x00,
    0x00, 0x7f, 0xc1, 0x09, 0xe0, 0x00, 0x00, 0x7c,
    0x20, 0x00, 0x00, 0x03, 0xdf, 0x90, 0x00, 0x2f,
    0x80, 0x00, 0xaf, 0xa0, 0x00, 0x00, 0x3a, 0xff,
    0xc0, 0x00, 0x00, 0x9f, 0x42, 0xdf, 0x60, 0x00,
    0x05, 0xcf, 0xe7, 0xfb, 0x00, 0x00, 0x00, 0xce,
    0xfc, 0x20, 0x00, 0x00, 0xce, 0x60, 0x0e, 0xb0,
    0x00, 0x00, 0x02, 0xef, 0x30, 0x00, 0x00, 0x01,
    0x00, 0x00, 0xeb, 0x00, 0x00, 0x00, 0x04, 0xef,
    0x60, 0x00, 0x00, 0x00, 0x00, 0x0e, 0xb0, 0x02,
    0x7c, 0xc0, 0x02, 0xdf, 0xa2, 0x00, 0x00, 0x00,
    0x01, 0xfd, 0x8d, 0xff, 0xb6, 0x00, 0x00, 0xaf,
    0xfb, 0x40, 0x00, 0x00, 0x8f, 0xff, 0xb6, 0x10,
    0x00, 0x00, 0x00, 0x29, 0xf7, 0x00, 0x00, 0x05,
    0xc6, 0x10, 0x00, 0x00, 0x00, 0x00, 0x00, 0x01,
    0x00, 0x00, 0x00, 0x00, 0x00, 0x00, 0x00, 0x00,
    0x00, 0x00, 0x00, 0x00,

    /* U+88C5 "装" */
    0x00, 0x00, 0x00, 0x20, 0x00, 0x00, 0x00, 0x21,
    0x00, 0x00, 0x00, 0x00, 0x00, 0x00, 0x4f, 0x30,
    0x00, 0x00, 0x0e, 0xb0, 0x00, 0x00, 0x00, 0x06,
    0x40, 0x04, 0xf3, 0x00, 0x00, 0x00, 0xeb, 0x00,
    0x00, 0x00, 0x00, 0xaf, 0x80, 0x4f, 0x30, 0x00,
    0x00, 0x0e, 0xb0, 0x00, 0x00, 0x00, 0x00, 0x7f,
    0x74, 0xf3, 0x8b, 0xbb, 0xbb, 0xfe, 0xbb, 0xbb,
    0xb6, 0x00, 0x00, 0x62, 0x4f, 0x38, 0xbb, 0xbb,
    0xbf, 0xeb, 0xbb, 0xbb, 0x60, 0x00, 0x00, 0x04,
    0xf3, 0x00, 0x00, 0x00, 0xeb, 0x00, 0x00, 0x00,
    0x00, 0x00, 0x18, 0xef, 0x30, 0x00, 0x00, 0x0e,
    0xb0, 0x00, 0x00, 0x00, 0x02, 0x9f, 0xeb, 0xf3,
    0x00, 0x00, 0x00, 0xeb, 0x00, 0x00, 0x00, 0x09,
    0xfe, 0x70, 0x4f, 0x30, 0x44, 0x44, 0x4f, 0xc4,
    0x44, 0x44, 0x00, 0x66, 0x00, 0x04, 0xf3, 0x0f,
    0xff, 0xff, 0xff, 0xff, 0xff, 0xf1, 0x00, 0x00,
    0x00, 0x4f, 0x30, 0x26, 0x42, 0x22, 0x22, 0x22,
    0x22, 0x00, 0x00, 0x00, 0x00, 0x10, 0x01, 0xfb,
    0x00, 0x00, 0x00, 0x00, 0x00, 0x03, 0x55, 0x55,
    0x55, 0x55, 0x5c, 0xf7, 0x55, 0x55, 0x55, 0x55,
    0x50, 0x8f, 0xff, 0xff, 0xff, 0xff, 0xff, 0xff,
    0xff, 0xff, 0xff, 0xfe, 0x00, 0x00, 0x00, 0x00,
    0x2c, 0xe4, 0xcc, 0x00, 0x00, 0x00, 0x40, 0x00,
    0x00, 0x00, 0x02, 0x9f, 0xb1, 0x02, 0xf8, 0x00,
    0x04, 0xee, 0x20, 0x00, 0x01, 0x6b, 0xff, 0x50,
    0x00, 0x07, 0xf7, 0x3c, 0xf9, 0x10, 0x00, 0x6c,
    0xff, 0xac, 0xf0, 0x00, 0x00, 0x07, 0xff, 0xa1,
    0x00, 0x00, 0x03, 0xa5, 0x00, 0x9f, 0x00, 0x00,
    0x03, 0x06, 0xfd, 0x50, 0x00, 0x00, 0x00, 0x00,
    0x0b, 0xf3, 0x6a, 0xdf, 0xd0, 0x03, 0xcf, 0xc6,
    0x10, 0x00, 0x00, 0x07, 0xff, 0xfe, 0xb7, 0x40,
    0x00, 0x00, 0x5c, 0xff, 0xc0, 0x00, 0x00, 0x6b,
    0x62, 0x00, 0x00, 0x00, 0x00, 0x00, 0x02, 0x75,
    0x00,

    /* U+89C8 "览" */
    0x00, 0x00, 0x00, 0x00, 0x00, 0x00, 0x00, 0x00,
    0x00, 0x00, 0x00, 0x00, 0x00, 0x00, 0x1e, 0x70,
    0x00, 0x0f, 0x90, 0x00, 0x00, 0x00, 0x00, 0xc6,
    0x00, 0x1f, 0x70, 0x00, 0x5f, 0x50, 0x00, 0x00,
    0x00, 0x01, 0xf7, 0x00, 0x1f, 0x70, 0x00, 0xaf,
    0xa9, 0x99, 0x99, 0x94, 0x01, 0xf7, 0x00, 0x1f,
    0x70, 0x00, 0xfe, 0xdd, 0xdd, 0xdd, 0xd6, 0x01,
    0xf7, 0x00, 0x1f, 0x70, 0x07, 0xf3, 0x18, 0x20,
    0x00, 0x00, 0x01, 0xf7, 0x00, 0x1f, 0x70, 0x1e,
    0xc0, 0x1d, 0xe2, 0x00, 0x00, 0x01, 0xf7, 0x00,
    0x1f, 0x70, 0xaf, 0x30, 0x01, 0xde, 0x10, 0x00,
    0x01, 0xf7, 0x00, 0x1f, 0x70, 0x57, 0x00, 0x00,
    0x2f, 0xc0, 0x00, 0x00, 0x00, 0x00, 0x0b, 0x50,
    0x00, 0x00, 0x00, 0x06, 0x80, 0x00, 0x00, 0x00,
    0x88, 0x88, 0x88, 0x88, 0x88, 0x88, 0x88, 0x50,
    0x00, 0x00, 0x01, 0xff, 0xff, 0xff, 0xff, 0xff,
    0xff, 0xff, 0xa0, 0x00, 0x00, 0x01, 0xf7, 0x00,
    0x00, 0x00, 0x00, 0x00, 0x0f, 0xa0, 0x00, 0x00,
    0x01, 0xf7, 0x00, 0x00, 0xaa, 0x00, 0x00, 0x0f,
    0xa0, 0x00, 0x00, 0x01, 0xf7, 0x00, 0x00, 0xdd,
    0x00, 0x00, 0x0f, 0xa0, 0x00, 0x00, 0x01, 0xf7,
    0x00, 0x00, 0xec, 0x00, 0x00, 0x0f, 0xa0, 0x00,
    0x00, 0x01, 0xf7, 0x00, 0x00, 0xfa, 0x00, 0x00,
    0x0f, 0xa0, 0x00, 0x00, 0x01, 0xf7, 0x00, 0x06,
    0xf9, 0xf6, 0x00, 0x0f, 0xa0, 0x00, 0x00, 0x00,
    0x10, 0x00, 0x3f, 0xd3, 0xf6, 0x00, 0x00, 0x00,
    0x10, 0x00, 0x00, 0x00, 0x06, 0xfe, 0x22, 0xf6,
    0x00, 0x00, 0x00, 0xf5, 0x00, 0x00, 0x05, 0xdf,
    0xc1, 0x02, 0xf6, 0x00, 0x00, 0x01, 0xf5, 0x01,
    0x5a, 0xff, 0xc5, 0x00, 0x01, 0xfc, 0x66, 0x66,
    0x6a, 0xf2, 0x0e, 0xfe, 0x93, 0x00, 0x00, 0x00,
    0x8e, 0xff, 0xff, 0xfe, 0x80, 0x02, 0x20, 0x00,
    0x00, 0x00, 0x00, 0x00, 0x00, 0x00, 0x00, 0x00,

    /* U+8A00 "言" */
    0x00, 0x00, 0x00, 0x00, 0x00, 0x00, 0x00, 0x00,
    0x00, 0x00, 0x00, 0x00, 0x00, 0x00, 0x00, 0x08,
    0xf3, 0x00, 0x00, 0x00, 0x00, 0x00, 0x00, 0x00,
    0x00, 0x00, 0x01, 0xee, 0x10, 0x00, 0x00, 0x00,
    0x00, 0x00, 0x00, 0x00, 0x00, 0x00, 0x4f, 0xa0,
    0x00, 0x00, 0x00, 0x00, 0x37, 0x77, 0x77, 0x77,
    0x77, 0x7e, 0xd7, 0x77, 0x77, 0x77, 0x76, 0x8f,
    0xff, 0xff, 0xff, 0xff, 0xff, 0xff, 0xff, 0xff,
    0xff, 0xfe, 0x00, 0x00, 0x00, 0x00, 0x00, 0x00,
    0x00, 0x00, 0x00, 0x00, 0x00, 0x00, 0x00, 0x00,
    0x00, 0x00, 0x00, 0x00, 0x00, 0x00, 0x00, 0x00,
    0x00, 0x00, 0xff, 0xff, 0xff, 0xff, 0xff, 0xff,
    0xff, 0x50, 0x00, 0x00, 0x00, 0x66, 0x66, 0x66,
    0x66, 0x66, 0x66, 0x66, 0x20, 0x00, 0x00, 0x00,
    0x00, 0x00, 0x00, 0x00, 0x00, 0x00, 0x00, 0x00,
    0x00, 0x00, 0x00, 0x55, 0x55, 0x55, 0x55, 0x55,
    0x55, 0x55, 0x10, 0x00, 0x00, 0x00, 0xff, 0xff,
    0xff, 0xff, 0xff, 0xff, 0xff, 0x50, 0x00, 0x00,
    0x00, 0x00, 0x00, 0x00, 0x00, 0x00, 0x00, 0x00,
    0x00, 0x00, 0x00, 0x00, 0x00, 0x00, 0x00, 0x00,
    0x00, 0x00, 0x00, 0x00, 0x00, 0x00, 0x01, 0x66,
    0x66, 0x66, 0x66, 0x66, 0x66, 0x66, 0x40, 0x00,
    0x00, 0x03, 0xff, 0xff, 0xff, 0xff, 0xff, 0xff,
    0xff, 0x90, 0x00, 0x00, 0x03, 0xf5, 0x00, 0x00,
    0x00, 0x00, 0x00, 0x0f, 0x90, 0x00, 0x00, 0x03,
    0xf5, 0x00, 0x00, 0x00, 0x00, 0x00, 0x0f, 0x90,
    0x00, 0x00, 0x03, 0xf5, 0x00, 0x00, 0x00, 0x00,
    0x00, 0x0f, 0x90, 0x00, 0x00, 0x03, 0xf9, 0x66,
    0x66, 0x66, 0x66, 0x66, 0x7f, 0x90, 0x00, 0x00,
    0x03, 0xff, 0xff, 0xff, 0xff, 0xff, 0xff, 0xff,
    0x90, 0x00, 0x00, 0x03, 0xf5, 0x00, 0x00, 0x00,
    0x00, 0x00, 0x0e, 0x80, 0x00,

    /* U+8B66 "警" */
    0x00, 0x00, 0x10, 0x00, 0x10, 0x00, 0x00, 0x01,
    0x00, 0x00, 0x00, 0x00, 0x00, 0x00, 0xf6, 0x00,
    0xc9, 0x00, 0x00, 0x2f, 0x50, 0x00, 0x00, 0x00,
    0x0e, 0xff, 0xff, 0xff, 0xff, 0xff, 0x60, 0x9f,
    0x21, 0x11, 0x11, 0x10, 0x01, 0x13, 0xf6, 0x11,
    0xca, 0x11, 0x01, 0xff, 0xff, 0xff, 0xff, 0xb0,
    0x00, 0x0e, 0x90, 0x00, 0x00, 0x00, 0x0c, 0xf8,
    0x11, 0x1b, 0xd1, 0x00, 0x00, 0x7f, 0xff, 0xff,
    0xff, 0xf5, 0xaf, 0xbf, 0x10, 0x2f, 0x50, 0x00,
    0x06, 0xf9, 0x33, 0x33, 0x01, 0xf6, 0xe5, 0x0c,
    0xc0, 0xcc, 0x00, 0x00, 0x2f, 0xdf, 0xbb, 0xbf,
    0x22, 0xf3, 0x00, 0x01, 0xee, 0xe1, 0x00, 0x00,
    0x02, 0x5c, 0x00, 0x0f, 0x24, 0xf1, 0x00, 0x06,
    0xef, 0xe5, 0x00, 0x00, 0x00, 0x5f, 0xdd, 0xef,
    0x5a, 0xe0, 0x39, 0xef, 0x71, 0x8f, 0xd7, 0x20,
    0x00, 0x5b, 0x00, 0x05, 0xfe, 0x98, 0x3c, 0x71,
    0x00, 0x02, 0x9e, 0x90, 0x00, 0x11, 0x11, 0x11,
    0x11, 0x3f, 0x91, 0x11, 0x11, 0x11, 0x11, 0x00,
    0x08, 0xff, 0xff, 0xff, 0xff, 0xff, 0xff, 0xff,
    0xff, 0xff, 0xff, 0x30, 0x00, 0x00, 0x00, 0x00,
    0x00, 0x00, 0x00, 0x00, 0x00, 0x00, 0x00, 0x00,
    0x00, 0x00, 0x8f, 0xff, 0xff, 0xff, 0xff, 0xff,
    0xff, 0xf4, 0x00, 0x00, 0x00, 0x00, 0x00, 0x00,
    0x00, 0x00, 0x00, 0x00, 0x00, 0x00, 0x00, 0x00,
    0x00, 0x00, 0x7d, 0xdd, 0xdd, 0xdd, 0xdd, 0xdd,
    0xdd, 0xd3, 0x00, 0x00, 0x00, 0x00, 0x11, 0x11,
    0x11, 0x11, 0x11, 0x11, 0x11, 0x10, 0x00, 0x00,
    0x00, 0x00, 0x8c, 0xcc, 0xcc, 0xcc, 0xcc, 0xcc,
    0xcc, 0xc6, 0x00, 0x00, 0x00, 0x00, 0xbd, 0x33,
    0x33, 0x33, 0x33, 0x33, 0x34, 0xf7, 0x00, 0x00,
    0x00, 0x00, 0xbd, 0x00, 0x00, 0x00, 0x00, 0x00,
    0x01, 0xf7, 0x00, 0x00, 0x00, 0x00, 0xbf, 0xff,
    0xff, 0xff, 0xff, 0xff, 0xff, 0xf7, 0x00, 0x00,
    0x00, 0x00, 0xbd, 0x00, 0x00, 0x00, 0x00, 0x00,
    0x01, 0xf7, 0x00, 0x00,

    /* U+8BA4 "认" */
    0x00, 0x00, 0x00, 0x00, 0x00, 0x00, 0x00, 0x11,
    0x00, 0x00, 0x00, 0x00, 0x00, 0x51, 0x00, 0x00,
    0x00, 0x00, 0x0e, 0xa0, 0x00, 0x00, 0x00, 0x00,
    0x2f, 0xd1, 0x00, 0x00, 0x00, 0x00, 0xfa, 0x00,
    0x00, 0x00, 0x00, 0x00, 0x4f, 0xe2, 0x00, 0x00,
    0x00, 0x0f, 0x90, 0x00, 0x00, 0x00, 0x00, 0x00,
    0x3f, 0xe1, 0x00, 0x00, 0x00, 0xf9, 0x00, 0x00,
    0x00, 0x00, 0x00, 0x00, 0x48, 0x00, 0x00, 0x00,
    0x0f, 0x80, 0x00, 0x00, 0x00, 0x00, 0x00, 0x00,
    0x00, 0x00, 0x00, 0x00, 0xf8, 0x00, 0x00, 0x00,
    0x00, 0x00, 0x00, 0x00, 0x00, 0x00, 0x00, 0x1f,
    0x80, 0x00, 0x00, 0x00, 0x68, 0x88, 0x88, 0x00,
    0x00, 0x00, 0x03, 0xf8, 0x00, 0x00, 0x00, 0x0c,
    0xff, 0xff, 0xe0, 0x00, 0x00, 0x00, 0x5f, 0xa0,
    0x00, 0x00, 0x00, 0x00, 0x00, 0xae, 0x00, 0x00,
    0x00, 0x06, 0xfd, 0x00, 0x00, 0x00, 0x00, 0x00,
    0x0a, 0xe0, 0x00, 0x00, 0x00, 0x8f, 0xf1, 0x00,
    0x00, 0x00, 0x00, 0x00, 0xae, 0x00, 0x00, 0x00,
    0x0a, 0xff, 0x60, 0x00, 0x00, 0x00, 0x00, 0x0a,
    0xe0, 0x00, 0x00, 0x00, 0xdc, 0xda, 0x00, 0x00,
    0x00, 0x00, 0x00, 0xae, 0x00, 0x00, 0x00, 0x2f,
    0x88, 0xf0, 0x00, 0x00, 0x00, 0x00, 0x0a, 0xe0,
    0x00, 0x00, 0x06, 0xf4, 0x3f, 0x60, 0x00, 0x00,
    0x00, 0x00, 0xae, 0x00, 0x41, 0x00, 0xde, 0x00,
    0xcd, 0x00, 0x00, 0x00, 0x00, 0x0a, 0xe0, 0x9f,
    0x50, 0x4f, 0x70, 0x05, 0xf6, 0x00, 0x00, 0x00,
    0x00, 0xbf, 0xef, 0x60, 0x0d, 0xf1, 0x00, 0x0c,
    0xe1, 0x00, 0x00, 0x00, 0x0f, 0xfc, 0x20, 0x09,
    0xf6, 0x00, 0x00, 0x2f, 0xc0, 0x00, 0x00, 0x0a,
    0xf8, 0x00, 0x07, 0xfb, 0x00, 0x00, 0x00, 0x7f,
    0xb0, 0x00, 0x00, 0x45, 0x00, 0x09, 0xfb, 0x00,
    0x00, 0x00, 0x00, 0x7f, 0xd0, 0x00, 0x00, 0x00,
    0x00, 0x39, 0x00, 0x00, 0x00, 0x00, 0x00, 0x56,
    0x00,

    /* U+8BB0 "记" */
    0x00, 0x14, 0x00, 0x00, 0x00, 0x00, 0x00, 0x00,
    0x00, 0x00, 0x00, 0x00, 0x0a, 0xf7, 0x00, 0x00,
    0x58, 0x88, 0x88, 0x88, 0x88, 0x84, 0x00, 0x00,
    0x0b, 0xf8, 0x00, 0x0b, 0xff, 0xff, 0xff, 0xff,
    0xff, 0x80, 0x00, 0x00, 0x0b, 0xf7, 0x00, 0x00,
    0x00, 0x00, 0x00, 0x01, 0xf8, 0x00, 0x00, 0x00,
    0x0c, 0x90, 0x00, 0x00, 0x00, 0x00, 0x00, 0x1f,
    0x80, 0x00, 0x00, 0x00, 0x00, 0x00, 0x00, 0x00,
    0x00, 0x00, 0x01, 0xf8, 0x00, 0x00, 0x00, 0x00,
    0x00, 0x00, 0x00, 0x00, 0x00, 0x00, 0x1f, 0x80,
    0x07, 0x99, 0x99, 0x50, 0x00, 0x00, 0x00, 0x00,
    0x00, 0x01, 0xf8, 0x00, 0xdf, 0xff, 0xf9, 0x00,
    0x00, 0x00, 0x00, 0x00, 0x00, 0x1f, 0x80, 0x00,
    0x00, 0x0f, 0x90, 0x00, 0x48, 0x88, 0x88, 0x88,
    0x88, 0xf8, 0x00, 0x00, 0x00, 0xf9, 0x00, 0x08,
    0xff, 0xff, 0xff, 0xff, 0xff, 0x80, 0x00, 0x00,
    0x0f, 0x90, 0x00, 0x8f, 0x10, 0x00, 0x00, 0x01,
    0xf8, 0x00, 0x00, 0x00, 0xf9, 0x00, 0x08, 0xf1,
    0x00, 0x00, 0x00, 0x02, 0x10, 0x00, 0x00, 0x0f,
    0x90, 0x00, 0x8f, 0x10, 0x00, 0x00, 0x00, 0x00,
    0x00, 0x00, 0x00, 0xf9, 0x00, 0x08, 0xf1, 0x00,
    0x00, 0x00, 0x00, 0x00, 0x00, 0x00, 0x0f, 0x90,
    0x00, 0x8f, 0x10, 0x00, 0x00, 0x00, 0x00, 0x00,
    0x00, 0x00, 0xf9, 0x00, 0x38, 0xf1, 0x00, 0x00,
    0x00, 0x00, 0x49, 0x10, 0x00, 0x0f, 0x94, 0xec,
    0x8f, 0x10, 0x00, 0x00, 0x00, 0x06, 0xf3, 0x00,
    0x00, 0xfe, 0xfe, 0x38, 0xf1, 0x00, 0x00, 0x00,
    0x00, 0x8f, 0x10, 0x00, 0x5f, 0xfa, 0x10, 0x8f,
    0x30, 0x00, 0x00, 0x00, 0x0c, 0xe0, 0x00, 0x0d,
    0xf6, 0x00, 0x05, 0xfd, 0x98, 0x88, 0x88, 0x9b,
    0xf8, 0x00, 0x00, 0x63, 0x00, 0x00, 0x08, 0xef,
    0xff, 0xff, 0xff, 0xea, 0x00,

    /* U+8BBE "设" */
    0x00, 0x34, 0x00, 0x00, 0x00, 0x03, 0x33, 0x33,
    0x33, 0x10, 0x00, 0x00, 0x0b, 0xf5, 0x00, 0x00,
    0x01, 0xff, 0xff, 0xff, 0xf6, 0x00, 0x00, 0x00,
    0x0b, 0xf6, 0x00, 0x00, 0x1f, 0x94, 0x44, 0x5f,
    0x60, 0x00, 0x00, 0x00, 0x0b, 0xf5, 0x00, 0x01,
    0xf6, 0x00, 0x01, 0xf6, 0x00, 0x00, 0x00, 0x00,
    0x1c, 0x30, 0x00, 0x3f, 0x50, 0x00, 0x1f, 0x60,
    0x00, 0x00, 0x00, 0x00, 0x00, 0x00, 0x07, 0xf2,
    0x00, 0x01, 0xf6, 0x00, 0x00, 0x00, 0x00, 0x00,
    0x00, 0x01, 0xec, 0x00, 0x00, 0x1f, 0x70, 0x00,
    0x08, 0x88, 0x88, 0x00, 0x02, 0xdf, 0x30, 0x00,
    0x00, 0xfe, 0xbb, 0x90, 0xef, 0xff, 0xf1, 0x06,
    0xff, 0x50, 0x00, 0x00, 0x05, 0xab, 0xb8, 0x00,
    0x00, 0x7f, 0x10, 0x3b, 0x20, 0x00, 0x00, 0x00,
    0x00, 0x00, 0x00, 0x00, 0x07, 0xf1, 0x00, 0x57,
    0x77, 0x77, 0x77, 0x77, 0x77, 0x20, 0x00, 0x00,
    0x7f, 0x10, 0x0c, 0xff, 0xff, 0xff, 0xff, 0xff,
    0xf6, 0x00, 0x00, 0x07, 0xf1, 0x00, 0x09, 0xf1,
    0x00, 0x00, 0x00, 0xbf, 0x00, 0x00, 0x00, 0x7f,
    0x10, 0x00, 0x1f, 0xa0, 0x00, 0x00, 0x5f, 0x80,
    0x00, 0x00, 0x07, 0xf1, 0x00, 0x00, 0x7f, 0x30,
    0x00, 0x0e, 0xe0, 0x00, 0x00, 0x00, 0x7f, 0x10,
    0x00, 0x00, 0xce, 0x30, 0x0c, 0xf3, 0x00, 0x00,
    0x00, 0x07, 0xf1, 0x1a, 0x10, 0x01, 0xde, 0x3c,
    0xf4, 0x00, 0x00, 0x00, 0x00, 0x7f, 0x5e, 0xf3,
    0x00, 0x02, 0xef, 0xf5, 0x00, 0x00, 0x00, 0x00,
    0x0a, 0xff, 0xc2, 0x00, 0x01, 0x9f, 0xff, 0xb3,
    0x00, 0x00, 0x00, 0x03, 0xff, 0x80, 0x00, 0x38,
    0xff, 0x91, 0x7f, 0xfa, 0x40, 0x00, 0x00, 0x5e,
    0x40, 0x05, 0xef, 0xfa, 0x20, 0x00, 0x1a, 0xff,
    0xfa, 0x00, 0x00, 0x10, 0x00, 0x2b, 0x61, 0x00,
    0x00, 0x00, 0x01, 0x6b, 0x70,

    /* U+8BBF "访" */
    0x00, 0x00, 0x00, 0x00, 0x00, 0x00, 0x00, 0x00,
    0x00, 0x00, 0x00, 0x00, 0x27, 0x00, 0x00, 0x00,
    0x00, 0x07, 0xf0, 0x00, 0x00, 0x00, 0x00, 0x7f,
    0x80, 0x00, 0x00, 0x00, 0x04, 0xf6, 0x00, 0x00,
    0x00, 0x00, 0x09, 0xf8, 0x00, 0x00, 0x00, 0x00,
    0xfb, 0x00, 0x00, 0x00, 0x00, 0x00, 0xaf, 0x60,
    0x00, 0x00, 0x00, 0x99, 0x00, 0x00, 0x00, 0x00,
    0x00, 0x09, 0x10, 0xff, 0xff, 0xff, 0xff, 0xff,
    0xff, 0xfc, 0x00, 0x00, 0x00, 0x00, 0x99, 0x9c,
    0xfa, 0x99, 0x99, 0x99, 0x98, 0x00, 0x00, 0x00,
    0x00, 0x00, 0x07, 0xf1, 0x00, 0x00, 0x00, 0x00,
    0x89, 0x99, 0x95, 0x00, 0x00, 0x08, 0xf1, 0x00,
    0x00, 0x00, 0x00, 0xdf, 0xff, 0xf8, 0x00, 0x00,
    0x09, 0xf0, 0x00, 0x00, 0x00, 0x00, 0x00, 0x01,
    0xf8, 0x00, 0x00, 0x09, 0xf9, 0x88, 0x88, 0x88,
    0x00, 0x00, 0x01, 0xf8, 0x00, 0x00, 0x0b, 0xff,
    0xff, 0xff, 0xff, 0x00, 0x00, 0x01, 0xf8, 0x00,
    0x00, 0x0d, 0xc0, 0x00, 0x00, 0x9f, 0x00, 0x00,
    0x01, 0xf8, 0x00, 0x00, 0x0f, 0xa0, 0x00, 0x00,
    0xaf, 0x00, 0x00, 0x01, 0xf8, 0x00, 0x00, 0x1f,
    0x80, 0x00, 0x00, 0xbe, 0x00, 0x00, 0x01, 0xf8,
    0x00, 0x00, 0x4f, 0x50, 0x00, 0x00, 0xcd, 0x00,
    0x00, 0x01, 0xf8, 0x01, 0x30, 0x9f, 0x10, 0x00,
    0x00, 0xdc, 0x00, 0x00, 0x01, 0xf8, 0x4e, 0x90,
    0xec, 0x00, 0x00, 0x00, 0xeb, 0x00, 0x00, 0x02,
    0xfe, 0xfb, 0x14, 0xf7, 0x00, 0x00, 0x00, 0xf9,
    0x00, 0x00, 0x07, 0xff, 0x70, 0x0b, 0xe0, 0x00,
    0x00, 0x02, 0xf7, 0x00, 0x00, 0x2f, 0xf4, 0x00,
    0x6f, 0x70, 0x00, 0x00, 0x06, 0xf5, 0x00, 0x00,
    0x09, 0x20, 0x04, 0xfc, 0x00, 0x03, 0x87, 0x7e,
    0xf1, 0x00, 0x00, 0x00, 0x00, 0x07, 0xd1, 0x00,
    0x02, 0xff, 0xfe, 0x50, 0x00, 0x00, 0x00, 0x00,
    0x00, 0x00, 0x00, 0x00, 0x00, 0x00, 0x00, 0x00,

    /* U+8BC1 "证" */
    0x00, 0x10, 0x00, 0x00, 0x00, 0x00, 0x00, 0x00,
    0x00, 0x00, 0x00, 0x00, 0x1e, 0xa0, 0x00, 0x00,
    0x00, 0x00, 0x00, 0x00, 0x00, 0x00, 0x00, 0x00,
    0x6f, 0xc0, 0x00, 0xaf, 0xff, 0xff, 0xff, 0xff,
    0xff, 0xf8, 0x00, 0x00, 0x4f, 0xb0, 0x05, 0x77,
    0x77, 0x7b, 0xf9, 0x77, 0x77, 0x30, 0x00, 0x00,
    0x5f, 0x30, 0x00, 0x00, 0x00, 0x6f, 0x20, 0x00,
    0x00, 0x00, 0x00, 0x00, 0x10, 0x00, 0x00, 0x00,
    0x06, 0xf2, 0x00, 0x00, 0x00, 0x00, 0x00, 0x00,
    0x00, 0x00, 0x00, 0x00, 0x6f, 0x20, 0x00, 0x00,
    0x04, 0x77, 0x77, 0x30, 0x00, 0x13, 0x00, 0x06,
    0xf2, 0x00, 0x00, 0x00, 0x7d, 0xde, 0xf7, 0x00,
    0x06, 0xf2, 0x00, 0x6f, 0x20, 0x00, 0x00, 0x00,
    0x00, 0x1f, 0x70, 0x00, 0x6f, 0x20, 0x06, 0xf9,
    0x77, 0x77, 0x00, 0x00, 0x01, 0xf7, 0x00, 0x06,
    0xf2, 0x00, 0x6f, 0xff, 0xff, 0xf1, 0x00, 0x00,
    0x1f, 0x70, 0x00, 0x6f, 0x20, 0x06, 0xf3, 0x00,
    0x00, 0x00, 0x00, 0x01, 0xf7, 0x00, 0x06, 0xf2,
    0x00, 0x6f, 0x20, 0x00, 0x00, 0x00, 0x00, 0x1f,
    0x70, 0x00, 0x6f, 0x20, 0x06, 0xf2, 0x00, 0x00,
    0x00, 0x00, 0x01, 0xf7, 0x00, 0x06, 0xf2, 0x00,
    0x6f, 0x20, 0x00, 0x00, 0x00, 0x00, 0x1f, 0x70,
    0x10, 0x6f, 0x20, 0x06, 0xf2, 0x00, 0x00, 0x00,
    0x00, 0x01, 0xf7, 0x4e, 0x26, 0xf2, 0x00, 0x6f,
    0x20, 0x00, 0x00, 0x00, 0x00, 0x1f, 0xdf, 0xc1,
    0x6f, 0x20, 0x06, 0xf2, 0x00, 0x00, 0x00, 0x00,
    0x05, 0xff, 0xa0, 0x06, 0xf2, 0x00, 0x6f, 0x20,
    0x00, 0x00, 0x00, 0x00, 0xdf, 0x70, 0x48, 0xbf,
    0x98, 0x8b, 0xfa, 0x88, 0x88, 0x80, 0x00, 0x1e,
    0x50, 0x08, 0xff, 0xff, 0xff, 0xff, 0xff, 0xff,
    0xff, 0x10, 0x00, 0x00, 0x00, 0x00, 0x00, 0x00,
    0x00, 0x00, 0x00, 0x00, 0x00,

    /* U+8BE5 "该" */
    0x00, 0x00, 0x00, 0x00, 0x00, 0x00, 0x00, 0x30,
    0x00, 0x00, 0x00, 0x00, 0x76, 0x00, 0x00, 0x00,
    0x00, 0x06, 0xf5, 0x00, 0x00, 0x00, 0x00, 0xbf,
    0x60, 0x00, 0x00, 0x00, 0x00, 0xed, 0x00, 0x00,
    0x00, 0x00, 0x0c, 0xf5, 0x00, 0x00, 0x00, 0x00,
    0x8f, 0x30, 0x00, 0x00, 0x00, 0x01, 0xef, 0x32,
    0xff, 0xff, 0xff, 0xff, 0xff, 0xff, 0xfc, 0x00,
    0x00, 0x3d, 0x21, 0x88, 0x88, 0x8f, 0xe8, 0x88,
    0x88, 0x86, 0x00, 0x00, 0x00, 0x00, 0x00, 0x00,
    0x8f, 0x50, 0x00, 0x00, 0x00, 0x00, 0x00, 0x00,
    0x00, 0x00, 0x04, 0xfa, 0x00, 0x00, 0x10, 0x00,
    0x9a, 0xaa, 0xa6, 0x00, 0x00, 0x1e, 0xd0, 0x00,
    0x0a, 0xf3, 0x00, 0xce, 0xee, 0xf9, 0x00, 0x01,
    0xcf, 0x20, 0x00, 0x4f, 0x90, 0x00, 0x00, 0x00,
    0xf9, 0x00, 0x6f, 0xff, 0xde, 0xff, 0xfd, 0x00,
    0x00, 0x00, 0x00, 0xf9, 0x00, 0x3e, 0xca, 0x98,
    0x9f, 0xe2, 0x00, 0x00, 0x00, 0x00, 0xf9, 0x00,
    0x00, 0x00, 0x03, 0xee, 0x20, 0x08, 0xe4, 0x00,
    0x00, 0xf9, 0x00, 0x00, 0x00, 0x5f, 0xe3, 0x00,
    0x5f, 0xc0, 0x00, 0x00, 0xf9, 0x00, 0x00, 0x19,
    0xfc, 0x10, 0x02, 0xff, 0x20, 0x00, 0x00, 0xf9,
    0x00, 0x07, 0xff, 0x80, 0x00, 0x2e, 0xf4, 0x00,
    0x00, 0x00, 0xf9, 0x00, 0xcf, 0xc3, 0x00, 0x04,
    0xff, 0x40, 0x00, 0x00, 0x00, 0xf9, 0x01, 0x55,
    0x00, 0x00, 0x6f, 0xf6, 0x00, 0x00, 0x00, 0x00,
    0xf9, 0x5e, 0x60, 0x00, 0x2c, 0xfc, 0xdf, 0x50,
    0x00, 0x00, 0x01, 0xff, 0xfb, 0x10, 0x08, 0xff,
    0x70, 0x1c, 0xf8, 0x00, 0x00, 0x07, 0xff, 0x70,
    0x28, 0xef, 0xc2, 0x00, 0x00, 0x9f, 0xb0, 0x00,
    0x0e, 0xd2, 0x0a, 0xff, 0xc4, 0x00, 0x00, 0x00,
    0x07, 0xf9, 0x00, 0x03, 0x00, 0x06, 0xa3, 0x00,
    0x00, 0x00, 0x00, 0x00, 0x50,

    /* U+8BED "语" */
    0x00, 0x30, 0x00, 0x01, 0x33, 0x33, 0x33, 0x33,
    0x33, 0x33, 0x30, 0x04, 0xf8, 0x00, 0x07, 0xff,
    0xff, 0xff, 0xff, 0xff, 0xff, 0xf1, 0x00, 0x9f,
    0x90, 0x01, 0x33, 0x33, 0xbf, 0x33, 0x33, 0x33,
    0x30, 0x00, 0x08, 0xf9, 0x00, 0x00, 0x00, 0xcd,
    0x00, 0x00, 0x00, 0x00, 0x00, 0x00, 0xac, 0x00,
    0x00, 0x00, 0xfa, 0x00, 0x00, 0x00, 0x00, 0x00,
    0x00, 0x00, 0x00, 0x9f, 0xff, 0xff, 0xff, 0xff,
    0xf7, 0x00, 0x00, 0x00, 0x00, 0x00, 0x47, 0x7b,
    0xf8, 0x77, 0x78, 0xf6, 0x00, 0x89, 0x99, 0x90,
    0x00, 0x00, 0x0b, 0xf0, 0x00, 0x03, 0xf4, 0x00,
    0xdf, 0xff, 0xf0, 0x00, 0x00, 0x0e, 0xb0, 0x00,
    0x04, 0xf3, 0x00, 0x00, 0x07, 0xf0, 0x00, 0x00,
    0x3f, 0x70, 0x00, 0x06, 0xf2, 0x00, 0x00, 0x07,
    0xf0, 0x4f, 0xff, 0xff, 0xff, 0xff, 0xff, 0xff,
    0xfe, 0x00, 0x07, 0xf0, 0x26, 0x66, 0x66, 0x66,
    0x66, 0x66, 0x66, 0x66, 0x00, 0x07, 0xf0, 0x00,
    0x00, 0x00, 0x00, 0x00, 0x00, 0x00, 0x00, 0x00,
    0x07, 0xf0, 0x00, 0x17, 0x77, 0x77, 0x77, 0x77,
    0x77, 0x20, 0x00, 0x07, 0xf0, 0x00, 0x3f, 0xff,
    0xff, 0xff, 0xff, 0xff, 0x40, 0x00, 0x07, 0xf0,
    0x00, 0x3f, 0x40, 0x00, 0x00, 0x00, 0x4f, 0x40,
    0x00, 0x07, 0xf0, 0x09, 0x6f, 0x40, 0x00, 0x00,
    0x00, 0x4f, 0x40, 0x00, 0x07, 0xf4, 0xdf, 0x7f,
    0x40, 0x00, 0x00, 0x00, 0x4f, 0x40, 0x00, 0x09,
    0xff, 0xc2, 0x3f, 0x40, 0x00, 0x00, 0x00, 0x4f,
    0x40, 0x00, 0x1e, 0xf8, 0x00, 0x3f, 0x97, 0x77,
    0x77, 0x77, 0x9f, 0x40, 0x00, 0x0c, 0x40, 0x00,
    0x3f, 0xff, 0xff, 0xff, 0xff, 0xff, 0x40, 0x00,
    0x00, 0x00, 0x00, 0x3f, 0x40, 0x00, 0x00, 0x00,
    0x4e, 0x40,

    /* U+8BEF "误" */
    0x00, 0x30, 0x00, 0x00, 0x00, 0x00, 0x00, 0x00,
    0x00, 0x00, 0x00, 0x00, 0x4f, 0x80, 0x00, 0x00,
    0xbf, 0xff, 0xff, 0xff, 0xff, 0xf5, 0x00, 0x00,
    0x9f, 0xa0, 0x00, 0x0b, 0xe6, 0x66, 0x66, 0x66,
    0x9f, 0x50, 0x00, 0x00, 0x8f, 0x90, 0x00, 0xbc,
    0x00, 0x00, 0x00, 0x03, 0xf5, 0x00, 0x00, 0x00,
    0xac, 0x00, 0x0b, 0xc0, 0x00, 0x00, 0x00, 0x3f,
    0x50, 0x00, 0x00, 0x00, 0x10, 0x00, 0xbc, 0x00,
    0x00, 0x00, 0x04, 0xf5, 0x00, 0x00, 0x00, 0x00,
    0x00, 0x0b, 0xff, 0xff, 0xff, 0xff, 0xff, 0x50,
    0x09, 0x99, 0x99, 0x00, 0x00, 0x46, 0x66, 0x66,
    0x66, 0x66, 0x62, 0x00, 0xef, 0xff, 0xf1, 0x00,
    0x00, 0x00, 0x00, 0x00, 0x00, 0x00, 0x00, 0x00,
    0x00, 0x7f, 0x10, 0x02, 0x44, 0x44, 0x44, 0x44,
    0x44, 0x44, 0x00, 0x00, 0x07, 0xf1, 0x00, 0x6f,
    0xff, 0xff, 0xff, 0xff, 0xff, 0xf0, 0x00, 0x00,
    0x7f, 0x10, 0x00, 0x22, 0x22, 0x4f, 0x82, 0x22,
    0x22, 0x00, 0x00, 0x07, 0xf1, 0x00, 0x00, 0x00,
    0x03, 0xf5, 0x00, 0x00, 0x00, 0x00, 0x00, 0x7f,
    0x10, 0x01, 0x11, 0x11, 0x6f, 0x41, 0x11, 0x11,
    0x10, 0x00, 0x07, 0xf1, 0x03, 0xff, 0xff, 0xff,
    0xff, 0xff, 0xff, 0xff, 0x00, 0x00, 0x7f, 0x10,
    0x16, 0x66, 0x66, 0xef, 0xe6, 0x66, 0x66, 0x60,
    0x00, 0x07, 0xf1, 0x08, 0x00, 0x00, 0x3f, 0xdf,
    0x40, 0x00, 0x00, 0x00, 0x00, 0x7f, 0x5d, 0xf2,
    0x00, 0x0c, 0xf1, 0xcd, 0x10, 0x00, 0x00, 0x00,
    0x0a, 0xff, 0xc2, 0x00, 0x0b, 0xf6, 0x02, 0xfd,
    0x20, 0x00, 0x00, 0x02, 0xff, 0x80, 0x00, 0x5e,
    0xf7, 0x00, 0x03, 0xff, 0x70, 0x00, 0x00, 0x0b,
    0x40, 0x08, 0xef, 0xd3, 0x00, 0x00, 0x02, 0xcf,
    0xf9, 0x00, 0x00, 0x00, 0x00, 0x5a, 0x40, 0x00,
    0x00, 0x00, 0x00, 0x4b, 0x60,

    /* U+8BF4 "说" */
    0x00, 0x00, 0x00, 0x00, 0x00, 0x00, 0x00, 0x00,
    0x00, 0x00, 0x00, 0x00, 0x02, 0x30, 0x00, 0x00,
    0x3d, 0x30, 0x00, 0x00, 0x5e, 0x40, 0x00, 0x00,
    0xbf, 0x40, 0x00, 0x00, 0xdd, 0x00, 0x00, 0x0b,
    0xf1, 0x00, 0x00, 0x01, 0xdf, 0x50, 0x00, 0x04,
    0xf7, 0x00, 0x02, 0xf9, 0x00, 0x00, 0x00, 0x01,
    0xdf, 0x40, 0x00, 0x0c, 0xe0, 0x00, 0x9f, 0x10,
    0x00, 0x00, 0x00, 0x02, 0xe6, 0x02, 0x44, 0x89,
    0x44, 0x5f, 0xc4, 0x40, 0x00, 0x00, 0x00, 0x01,
    0x00, 0x8f, 0xff, 0xff, 0xff, 0xff, 0xff, 0x00,
    0x00, 0x00, 0x00, 0x00, 0x08, 0xf3, 0x22, 0x22,
    0x22, 0x2a, 0xf0, 0x00, 0x58, 0x88, 0x84, 0x00,
    0x8f, 0x00, 0x00, 0x00, 0x00, 0x8f, 0x00, 0x0a,
    0xff, 0xff, 0x80, 0x08, 0xf0, 0x00, 0x00, 0x00,
    0x08, 0xf0, 0x00, 0x00, 0x01, 0xf8, 0x00, 0x8f,
    0x00, 0x00, 0x00, 0x00, 0x8f, 0x00, 0x00, 0x00,
    0x1f, 0x80, 0x08, 0xf4, 0x33, 0x33, 0x33, 0x3a,
    0xf0, 0x00, 0x00, 0x01, 0xf8, 0x00, 0x8f, 0xff,
    0xff, 0xff, 0xff, 0xff, 0x00, 0x00, 0x00, 0x1f,
    0x80, 0x01, 0x33, 0x9f, 0x53, 0xaf, 0x43, 0x30,
    0x00, 0x00, 0x01, 0xf8, 0x00, 0x00, 0x08, 0xf0,
    0x08, 0xf0, 0x00, 0x00, 0x00, 0x00, 0x1f, 0x80,
    0x00, 0x00, 0xae, 0x00, 0x8f, 0x00, 0x00, 0x00,
    0x00, 0x01, 0xf8, 0x00, 0x30, 0x0e, 0xc0, 0x08,
    0xf0, 0x00, 0x00, 0x00, 0x00, 0x1f, 0x83, 0xdb,
    0x03, 0xf7, 0x00, 0x8f, 0x00, 0x00, 0x00, 0x00,
    0x01, 0xfd, 0xfe, 0x40, 0x9f, 0x20, 0x08, 0xf0,
    0x00, 0x24, 0x00, 0x00, 0x5f, 0xfc, 0x10, 0x4f,
    0xb0, 0x00, 0x8f, 0x00, 0x05, 0xf2, 0x00, 0x2e,
    0xf9, 0x00, 0x2e, 0xe1, 0x00, 0x08, 0xf0, 0x00,
    0x6f, 0x00, 0x01, 0xe5, 0x00, 0x6f, 0xf3, 0x00,
    0x00, 0x7f, 0x97, 0x8d, 0xd0, 0x00, 0x01, 0x00,
    0x4f, 0xc2, 0x00, 0x00, 0x01, 0xdf, 0xff, 0xe5,
    0x00, 0x00, 0x00, 0x00, 0x20, 0x00, 0x00, 0x00,
    0x00, 0x00, 0x00, 0x00,

    /* U+8BF7 "请" */
    0x00, 0x00, 0x00, 0x00, 0x00, 0x00, 0x00, 0x21,
    0x00, 0x00, 0x00, 0x00, 0x03, 0x10, 0x00, 0x00,
    0x00, 0x00, 0x0f, 0x80, 0x00, 0x00, 0x00, 0x00,
    0xed, 0x20, 0x00, 0x12, 0x22, 0x23, 0xfa, 0x22,
    0x22, 0x21, 0x00, 0x02, 0xee, 0x20, 0x0a, 0xff,
    0xff, 0xff, 0xff, 0xff, 0xff, 0x60, 0x00, 0x02,
    0xee, 0x20, 0x00, 0x00, 0x01, 0xf9, 0x00, 0x00,
    0x00, 0x00, 0x00, 0x03, 0xd1, 0x00, 0x33, 0x33,
    0x4f, 0xa3, 0x33, 0x32, 0x00, 0x00, 0x00, 0x00,
    0x00, 0x1f, 0xff, 0xff, 0xff, 0xff, 0xff, 0xa0,
    0x00, 0x00, 0x00, 0x00, 0x00, 0x00, 0x00, 0x0f,
    0x80, 0x00, 0x00, 0x00, 0x78, 0x88, 0x83, 0x01,
    0x44, 0x44, 0x45, 0xfb, 0x44, 0x44, 0x44, 0x0d,
    0xff, 0xff, 0x70, 0x5f, 0xff, 0xff, 0xff, 0xff,
    0xff, 0xff, 0xf1, 0x00, 0x01, 0xf7, 0x00, 0x00,
    0x00, 0x00, 0x00, 0x00, 0x00, 0x00, 0x00, 0x00,
    0x1f, 0x70, 0x00, 0x35, 0x55, 0x55, 0x55, 0x55,
    0x50, 0x00, 0x00, 0x01, 0xf7, 0x00, 0x09, 0xfe,
    0xee, 0xee, 0xee, 0xff, 0x20, 0x00, 0x00, 0x1f,
    0x70, 0x00, 0x9d, 0x00, 0x00, 0x00, 0x05, 0xf2,
    0x00, 0x00, 0x01, 0xf7, 0x00, 0x09, 0xe3, 0x33,
    0x33, 0x33, 0x8f, 0x20, 0x00, 0x00, 0x1f, 0x70,
    0x00, 0x9f, 0xff, 0xff, 0xff, 0xff, 0xf2, 0x00,
    0x00, 0x01, 0xf7, 0x00, 0x09, 0xd0, 0x00, 0x00,
    0x00, 0x5f, 0x20, 0x00, 0x00, 0x1f, 0x70, 0x83,
    0x9e, 0x11, 0x11, 0x11, 0x16, 0xf2, 0x00, 0x00,
    0x01, 0xf9, 0xcf, 0x59, 0xff, 0xff, 0xff, 0xff,
    0xff, 0x20, 0x00, 0x00, 0x3f, 0xfe, 0x30, 0x9e,
    0x11, 0x11, 0x11, 0x17, 0xf2, 0x00, 0x00, 0x09,
    0xfd, 0x10, 0x09, 0xd0, 0x00, 0x00, 0x00, 0x5f,
    0x20, 0x00, 0x01, 0xeb, 0x00, 0x00, 0x9d, 0x00,
    0x00, 0x37, 0x7b, 0xf1, 0x00, 0x00, 0x03, 0x00,
    0x00, 0x09, 0xd0, 0x00, 0x03, 0xee, 0xd7, 0x00,
    0x00,

    /* U+8C03 "调" */
    0x00, 0x40, 0x00, 0x00, 0x00, 0x00, 0x00, 0x00,
    0x00, 0x00, 0x00, 0x02, 0xfc, 0x10, 0x00, 0xdf,
    0xff, 0xff, 0xff, 0xff, 0xff, 0xf4, 0x00, 0x3e,
    0xd1, 0x00, 0xdc, 0x77, 0x77, 0x77, 0x77, 0x78,
    0xf4, 0x00, 0x02, 0xed, 0x10, 0xd9, 0x00, 0x00,
    0xc6, 0x00, 0x02, 0xf4, 0x00, 0x00, 0x39, 0x00,
    0xd9, 0x00, 0x00, 0xd7, 0x00, 0x02, 0xf4, 0x00,
    0x00, 0x00, 0x00, 0xd9, 0x08, 0xee, 0xff, 0xee,
    0x32, 0xf4, 0x00, 0x00, 0x00, 0x00, 0xd9, 0x03,
    0x55, 0xea, 0x55, 0x12, 0xf4, 0xbb, 0xbb, 0xb0,
    0x00, 0xd9, 0x00, 0x00, 0xd7, 0x00, 0x02, 0xf4,
    0xdd, 0xde, 0xf1, 0x00, 0xd9, 0x00, 0x00, 0xd7,
    0x00, 0x02, 0xf4, 0x00, 0x07, 0xf1, 0x00, 0xe9,
    0x1f, 0xff, 0xff, 0xff, 0xd2, 0xf4, 0x00, 0x07,
    0xf1, 0x00, 0xe8, 0x04, 0x44, 0x44, 0x44, 0x42,
    0xf4, 0x00, 0x07, 0xf1, 0x00, 0xe8, 0x00, 0x00,
    0x00, 0x00, 0x02, 0xf4, 0x00, 0x07, 0xf1, 0x00,
    0xf8, 0x02, 0x44, 0x44, 0x44, 0x02, 0xf4, 0x00,
    0x07, 0xf1, 0x00, 0xf6, 0x08, 0xfe, 0xee, 0xfe,
    0x02, 0xf4, 0x00, 0x07, 0xf1, 0x02, 0xf5, 0x08,
    0xb0, 0x00, 0x5e, 0x02, 0xf4, 0x00, 0x07, 0xf1,
    0x05, 0xf3, 0x08, 0xb0, 0x00, 0x5e, 0x02, 0xf4,
    0x00, 0x07, 0xf1, 0x68, 0xf0, 0x08, 0xc3, 0x33,
    0x7e, 0x02, 0xf4, 0x00, 0x07, 0xfb, 0xfe, 0xc0,
    0x08, 0xff, 0xff, 0xfe, 0x02, 0xf4, 0x00, 0x0b,
    0xff, 0x7f, 0x80, 0x08, 0xc0, 0x00, 0x00, 0x02,
    0xf4, 0x00, 0x3f, 0xf4, 0x6f, 0x30, 0x03, 0x40,
    0x00, 0x00, 0x02, 0xf4, 0x00, 0x8e, 0x20, 0xdb,
    0x00, 0x00, 0x00, 0x00, 0x27, 0x79, 0xf3, 0x00,
    0x01, 0x01, 0xb3, 0x00, 0x00, 0x00, 0x00, 0x1f,
    0xfe, 0x90, 0x00, 0x00, 0x00, 0x00, 0x00, 0x00,
    0x00, 0x00, 0x00, 0x00, 0x00,

    /* U+8D8B "趋" */
    0x00, 0x00, 0x00, 0x10, 0x00, 0x00, 0x00, 0x00,
    0x00, 0x00, 0x00, 0x00, 0x00, 0x00, 0x02, 0xf5,
    0x00, 0x00, 0x00, 0x98, 0x00, 0x00, 0x00, 0x00,
    0x00, 0x00, 0x02, 0xf5, 0x00, 0x00, 0x02, 0xf7,
    0x00, 0x00, 0x00, 0x00, 0x00, 0x00, 0x02, 0xf5,
    0x00, 0x00, 0x09, 0xfe, 0xee, 0xee, 0x90, 0x00,
    0x00, 0xdf, 0xff, 0xff, 0xff, 0x90, 0x1f, 0xb6,
    0x66, 0x9f, 0x50, 0x00, 0x00, 0x78, 0x89, 0xfb,
    0x88, 0x50, 0xbf, 0x10, 0x00, 0xbe, 0x00, 0x00,
    0x00, 0x00, 0x02, 0xf5, 0x00, 0x07, 0xf7, 0x00,
    0x03, 0xf7, 0x00, 0x00, 0x00, 0x00, 0x02, 0xf5,
    0x00, 0x2f, 0xc0, 0x00, 0x0a, 0xf1, 0x00, 0x00,
    0x05, 0x77, 0x78, 0xfa, 0x77, 0x77, 0xbe, 0xee,
    0xef, 0xfe, 0xe7, 0x00, 0x0b, 0xff, 0xff, 0xff,
    0xff, 0xf2, 0x58, 0x88, 0x88, 0x89, 0xf8, 0x00,
    0x00, 0x00, 0x00, 0xbc, 0x00, 0x00, 0x00, 0x00,
    0x00, 0x00, 0xf8, 0x00, 0x00, 0x01, 0x00, 0xbc,
    0x00, 0x00, 0x00, 0x00, 0x00, 0x00, 0xf8, 0x00,
    0x00, 0x5f, 0x20, 0xbc, 0x00, 0x00, 0x4a, 0xaa,
    0xaa, 0xab, 0xf8, 0x00, 0x00, 0x6f, 0x10, 0xbe,
    0x77, 0x70, 0x4b, 0xbb, 0xbb, 0xbc, 0xf8, 0x00,
    0x00, 0x6f, 0x00, 0xbf, 0xff, 0xf1, 0x00, 0x00,
    0x00, 0x00, 0xf8, 0x00, 0x00, 0x8f, 0x20, 0xbc,
    0x00, 0x00, 0x00, 0x00, 0x00, 0x00, 0xf8, 0x00,
    0x00, 0x9f, 0x90, 0xbc, 0x00, 0x01, 0x77, 0x77,
    0x77, 0x77, 0xf8, 0x00, 0x00, 0xbe, 0xf4, 0xbc,
    0x00, 0x03, 0xff, 0xff, 0xff, 0xff, 0xf8, 0x00,
    0x00, 0xe8, 0xaf, 0xdc, 0x00, 0x00, 0x00, 0x00,
    0x00, 0x00, 0x00, 0x00, 0x02, 0xf5, 0x0b, 0xfd,
    0x30, 0x00, 0x00, 0x00, 0x00, 0x00, 0x00, 0x00,
    0x08, 0xf1, 0x00, 0x6e, 0xff, 0xb9, 0x98, 0x77,
    0x77, 0x77, 0x77, 0x70, 0x0f, 0x90, 0x00, 0x00,
    0x59, 0xce, 0xff, 0xff, 0xff, 0xff, 0xff, 0xc0,
    0x06, 0x20, 0x00, 0x00, 0x00, 0x00, 0x00, 0x00,
    0x00, 0x00, 0x00, 0x00,

    /* U+8F91 "辑" */
    0x00, 0x00, 0x00, 0x00, 0x00, 0x00, 0x00, 0x00,
    0x00, 0x00, 0x00, 0x00, 0x00, 0x06, 0xe2, 0x00,
    0x00, 0x24, 0x44, 0x44, 0x44, 0x44, 0x00, 0x00,
    0x00, 0x9f, 0x00, 0x00, 0x07, 0xff, 0xff, 0xff,
    0xff, 0xf1, 0x00, 0x11, 0x1c, 0xd1, 0x11, 0x10,
    0x7f, 0x00, 0x00, 0x00, 0x7f, 0x10, 0x0e, 0xff,
    0xff, 0xff, 0xfc, 0x07, 0xf0, 0x00, 0x00, 0x07,
    0xf1, 0x00, 0x77, 0xaf, 0x97, 0x77, 0x60, 0x7f,
    0x54, 0x44, 0x44, 0xaf, 0x10, 0x00, 0x08, 0xf0,
    0x00, 0x00, 0x06, 0xff, 0xff, 0xff, 0xff, 0xf1,
    0x00, 0x00, 0xca, 0x05, 0x10, 0x00, 0x00, 0x00,
    0x00, 0x00, 0x00, 0x00, 0x00, 0x1f, 0x52, 0xf5,
    0x00, 0xcf, 0xff, 0xff, 0xff, 0xff, 0xff, 0x90,
    0x07, 0xe0, 0x2f, 0x50, 0x05, 0x9f, 0x96, 0x66,
    0x66, 0xbf, 0x64, 0x00, 0xe9, 0x02, 0xf5, 0x00,
    0x03, 0xf4, 0x00, 0x00, 0x08, 0xe0, 0x00, 0x7f,
    0xfe, 0xef, 0xfe, 0x90, 0x3f, 0x63, 0x33, 0x33,
    0xae, 0x00, 0x04, 0xca, 0x9b, 0xfb, 0x96, 0x03,
    0xff, 0xff, 0xff, 0xff, 0xe0, 0x00, 0x00, 0x00,
    0x2f, 0x50, 0x00, 0x3f, 0x40, 0x00, 0x00, 0x8e,
    0x00, 0x00, 0x00, 0x02, 0xf5, 0x00, 0x03, 0xf4,
    0x00, 0x00, 0x08, 0xe0, 0x00, 0x00, 0x00, 0x2f,
    0x87, 0xa2, 0x3f, 0xff, 0xff, 0xff, 0xfe, 0x00,
    0x03, 0x69, 0xcf, 0xff, 0xfc, 0x23, 0xf7, 0x44,
    0x44, 0x4a, 0xe0, 0x00, 0xff, 0xfd, 0xbf, 0x70,
    0x00, 0x3f, 0x40, 0x00, 0x00, 0x8e, 0x00, 0x06,
    0x41, 0x02, 0xf5, 0x00, 0x03, 0xf4, 0x12, 0x45,
    0x6c, 0xfa, 0x80, 0x00, 0x00, 0x2f, 0x50, 0x5d,
    0xef, 0xff, 0xff, 0xff, 0xff, 0xd8, 0x00, 0x00,
    0x02, 0xf5, 0x03, 0xca, 0x98, 0x65, 0x32, 0x18,
    0xe0, 0x00, 0x00, 0x00, 0x2f, 0x50, 0x00, 0x00,
    0x00, 0x00, 0x00, 0x8e, 0x00, 0x00, 0x00, 0x02,
    0xf5, 0x00, 0x00, 0x00, 0x00, 0x00, 0x08, 0xe0,
    0x00, 0x00, 0x00, 0x00, 0x00, 0x00, 0x00, 0x00,
    0x00, 0x00, 0x01, 0x00,

    /* U+8F93 "输" */
    0x00, 0x00, 0x00, 0x00, 0x00, 0x00, 0x00, 0x00,
    0x00, 0x00, 0x00, 0x00, 0x00, 0x01, 0xf6, 0x00,
    0x00, 0x00, 0x00, 0x0b, 0xc0, 0x00, 0x00, 0x00,
    0x00, 0x03, 0xf4, 0x00, 0x00, 0x00, 0x00, 0x8f,
    0xd1, 0x00, 0x00, 0x00, 0x02, 0x37, 0xf4, 0x33,
    0x20, 0x00, 0x07, 0xf9, 0xed, 0x20, 0x00, 0x00,
    0x0e, 0xff, 0xff, 0xff, 0xa0, 0x00, 0x8f, 0x80,
    0x2e, 0xe3, 0x00, 0x00, 0x04, 0x4d, 0xb4, 0x44,
    0x30, 0x1b, 0xf7, 0x00, 0x01, 0xcf, 0xa1, 0x00,
    0x00, 0x0f, 0x60, 0x00, 0x06, 0xef, 0x72, 0x22,
    0x22, 0x2a, 0xff, 0x80, 0x00, 0x4f, 0x24, 0x30,
    0x5f, 0xbb, 0xff, 0xff, 0xff, 0xff, 0x5b, 0xa0,
    0x00, 0x8d, 0x0c, 0xa0, 0x02, 0x01, 0x22, 0x22,
    0x22, 0x22, 0x00, 0x00, 0x00, 0xd8, 0x0c, 0xa0,
    0x00, 0x11, 0x11, 0x11, 0x00, 0x00, 0x38, 0x00,
    0x02, 0xf3, 0x0c, 0xa0, 0x01, 0xff, 0xff, 0xff,
    0x14, 0xa0, 0x5e, 0x00, 0x0a, 0xfc, 0xcf, 0xec,
    0x81, 0xf6, 0x33, 0x6f, 0x15, 0xe0, 0x5e, 0x00,
    0x08, 0xcb, 0xae, 0xea, 0x71, 0xf4, 0x00, 0x4f,
    0x15, 0xe0, 0x5e, 0x00, 0x00, 0x00, 0x0c, 0xa0,
    0x01, 0xfd, 0xcc, 0xdf, 0x15, 0xe0, 0x5e, 0x00,
    0x00, 0x00, 0x0c, 0xa0, 0x01, 0xf9, 0x77, 0x9f,
    0x15, 0xe0, 0x5e, 0x00, 0x00, 0x00, 0x0c, 0xb6,
    0x51, 0xf4, 0x00, 0x4f, 0x15, 0xe0, 0x5e, 0x00,
    0x00, 0x37, 0xbf, 0xff, 0x81, 0xf8, 0x66, 0x8f,
    0x15, 0xe0, 0x5e, 0x00, 0x0e, 0xff, 0xde, 0xb0,
    0x01, 0xfe, 0xdd, 0xef, 0x15, 0xe0, 0x5e, 0x00,
    0x06, 0x51, 0x0c, 0xa0, 0x01, 0xf4, 0x00, 0x4f,
    0x15, 0xe0, 0x5e, 0x00, 0x00, 0x00, 0x0c, 0xa0,
    0x01, 0xf4, 0x00, 0x4f, 0x10, 0x00, 0x5e, 0x00,
    0x00, 0x00, 0x0c, 0xa0, 0x01, 0xf4, 0x00, 0x4f,
    0x10, 0x00, 0x5e, 0x00, 0x00, 0x00, 0x0c, 0xa0,
    0x01, 0xf4, 0x04, 0x8f, 0x10, 0x55, 0xae, 0x00,
    0x00, 0x00, 0x0c, 0xa0, 0x01, 0xf4, 0x0e, 0xfb,
    0x00, 0xcf, 0xe7, 0x00, 0x00, 0x00, 0x00, 0x00,
    0x00, 0x00, 0x00, 0x00, 0x00, 0x00, 0x00, 0x00,

    /* U+8FD0 "运" */
    0x00, 0x74, 0x00, 0x00, 0x07, 0x99, 0x99, 0x99,
    0x99, 0x99, 0x91, 0x00, 0x01, 0xdf, 0x90, 0x00,
    0x0d, 0xff, 0xff, 0xff, 0xff, 0xff, 0xf2, 0x00,
    0x00, 0x09, 0xfd, 0x20, 0x00, 0x00, 0x00, 0x00,
    0x00, 0x00, 0x00, 0x00, 0x00, 0x00, 0x5f, 0xc0,
    0x00, 0x00, 0x00, 0x00, 0x00, 0x00, 0x00, 0x00,
    0x00, 0x00, 0x03, 0x10, 0x00, 0x00, 0x00, 0x00,
    0x00, 0x00, 0x00, 0x00, 0x00, 0x00, 0x00, 0x00,
    0x00, 0x00, 0x00, 0x00, 0x00, 0x00, 0x00, 0x00,
    0x00, 0x00, 0x00, 0x06, 0xff, 0xff, 0xff, 0xff,
    0xff, 0xff, 0xff, 0xe0, 0x08, 0x88, 0x88, 0x04,
    0x99, 0x99, 0xdf, 0xb9, 0x99, 0x99, 0x99, 0x80,
    0x0e, 0xff, 0xff, 0x00, 0x00, 0x00, 0xde, 0x00,
    0x00, 0x00, 0x00, 0x00, 0x00, 0x00, 0x9f, 0x00,
    0x00, 0x05, 0xf8, 0x00, 0x3f, 0x50, 0x00, 0x00,
    0x00, 0x00, 0x9f, 0x00, 0x00, 0x0c, 0xf1, 0x00,
    0x0c, 0xe0, 0x00, 0x00, 0x00, 0x00, 0x9f, 0x00,
    0x00, 0x4f, 0x70, 0x00, 0x03, 0xf9, 0x00, 0x00,
    0x00, 0x00, 0x9f, 0x00, 0x00, 0xcd, 0x00, 0x00,
    0x00, 0x9f, 0x30, 0x00, 0x00, 0x00, 0x9f, 0x00,
    0x07, 0xf4, 0x00, 0x01, 0x23, 0x5f, 0xc0, 0x00,
    0x00, 0x00, 0x9f, 0x00, 0x4f, 0xfc, 0xde, 0xff,
    0xff, 0xff, 0xf6, 0x00, 0x00, 0x00, 0x9f, 0x00,
    0x3f, 0xfd, 0xba, 0x87, 0x64, 0x31, 0xde, 0x00,
    0x00, 0x00, 0xaf, 0x00, 0x01, 0x00, 0x00, 0x00,
    0x00, 0x00, 0x58, 0x00, 0x00, 0x09, 0xff, 0xe3,
    0x00, 0x00, 0x00, 0x00, 0x00, 0x00, 0x00, 0x00,
    0x00, 0xbf, 0x72, 0xbf, 0x91, 0x00, 0x00, 0x00,
    0x00, 0x00, 0x00, 0x00, 0x0b, 0xf7, 0x00, 0x06,
    0xff, 0xdb, 0xa9, 0x88, 0x99, 0xaa, 0xcd, 0xf0,
    0x09, 0xb0, 0x00, 0x00, 0x17, 0xbe, 0xff, 0xff,
    0xff, 0xff, 0xee, 0xa0, 0x00, 0x00, 0x00, 0x00,
    0x00, 0x00, 0x00, 0x00, 0x00, 0x00, 0x00, 0x00,

    /* U+8FD4 "返" */
    0x00, 0x00, 0x00, 0x00, 0x00, 0x00, 0x00, 0x00,
    0x01, 0x36, 0x93, 0x00, 0x00, 0xbc, 0x00, 0x00,
    0x03, 0x68, 0x9a, 0xbd, 0xef, 0xff, 0xfb, 0x00,
    0x00, 0x4f, 0xc0, 0x00, 0x0a, 0xff, 0xed, 0xba,
    0x87, 0x42, 0x00, 0x00, 0x00, 0x05, 0xfb, 0x00,
    0x0a, 0xe0, 0x00, 0x00, 0x00, 0x00, 0x00, 0x00,
    0x00, 0x00, 0x8f, 0x40, 0x0a, 0xe0, 0x00, 0x00,
    0x00, 0x00, 0x00, 0x00, 0x00, 0x00, 0x03, 0x00,
    0x0a, 0xe0, 0x00, 0x00, 0x00, 0x00, 0x00, 0x00,
    0x00, 0x00, 0x00, 0x00, 0x0a, 0xff, 0xff, 0xff,
    0xff, 0xff, 0xf4, 0x00, 0x00, 0x00, 0x00, 0x00,
    0x0a, 0xf8, 0x88, 0x88, 0x88, 0x8c, 0xf1, 0x00,
    0x00, 0x00, 0x00, 0x00, 0x0b, 0xd0, 0x00, 0x00,
    0x00, 0x0e, 0xa0, 0x00, 0x0c, 0xff, 0xfe, 0x00,
    0x0c, 0xc0, 0x72, 0x00, 0x00, 0x7f, 0x30, 0x00,
    0x06, 0x77, 0xde, 0x00, 0x0e, 0xb1, 0xdf, 0x50,
    0x01, 0xeb, 0x00, 0x00, 0x00, 0x00, 0xae, 0x00,
    0x0f, 0x80, 0x1b, 0xf8, 0x0b, 0xf1, 0x00, 0x00,
    0x00, 0x00, 0xae, 0x00, 0x4f, 0x50, 0x00, 0x8f,
    0xdf, 0x60, 0x00, 0x00, 0x00, 0x00, 0xae, 0x00,
    0x9f, 0x10, 0x00, 0x0b, 0xff, 0x20, 0x00, 0x00,
    0x00, 0x00, 0xae, 0x00, 0xeb, 0x00, 0x01, 0xbf,
    0xbf, 0xe3, 0x00, 0x00, 0x00, 0x00, 0xae, 0x08,
    0xf5, 0x00, 0x5e, 0xf6, 0x03, 0xef, 0x40, 0x00,
    0x00, 0x00, 0xae, 0x1f, 0xc0, 0x5d, 0xfd, 0x30,
    0x00, 0x2e, 0xf5, 0x00, 0x00, 0x01, 0xcf, 0x15,
    0x30, 0x6d, 0x50, 0x00, 0x00, 0x02, 0xd3, 0x00,
    0x00, 0x6f, 0xff, 0xe6, 0x10, 0x00, 0x00, 0x00,
    0x00, 0x00, 0x00, 0x00, 0x09, 0xfb, 0x01, 0x8f,
    0xfc, 0x87, 0x65, 0x55, 0x66, 0x67, 0x89, 0xa0,
    0x0b, 0xc0, 0x00, 0x01, 0x6b, 0xff, 0xff, 0xff,
    0xff, 0xff, 0xff, 0xa0, 0x01, 0x10, 0x00, 0x00,
    0x00, 0x00, 0x12, 0x22, 0x11, 0x10, 0x00, 0x00,

    /* U+8FD8 "还" */
    0x00, 0x48, 0x00, 0x00, 0x00, 0x00, 0x00, 0x00,
    0x00, 0x00, 0x00, 0x00, 0x00, 0x8f, 0xa0, 0x01,
    0x88, 0x88, 0x88, 0x88, 0x88, 0x88, 0x88, 0x20,
    0x00, 0x08, 0xfa, 0x02, 0xff, 0xff, 0xff, 0xff,
    0xff, 0xff, 0xff, 0x40, 0x00, 0x00, 0x9f, 0x80,
    0x00, 0x00, 0x00, 0x1e, 0xd0, 0x00, 0x00, 0x00,
    0x00, 0x00, 0x0c, 0xa0, 0x00, 0x00, 0x00, 0x8f,
    0x50, 0x00, 0x00, 0x00, 0x00, 0x00, 0x00, 0x00,
    0x00, 0x00, 0x02, 0xfd, 0x00, 0x00, 0x00, 0x00,
    0x00, 0x00, 0x00, 0x00, 0x00, 0x00, 0x0c, 0xf9,
    0x00, 0x00, 0x00, 0x00, 0x00, 0x00, 0x00, 0x00,
    0x00, 0x00, 0x9f, 0xf9, 0x18, 0x00, 0x00, 0x00,
    0x0e, 0xff, 0xfe, 0x00, 0x00, 0x06, 0xfc, 0xf9,
    0x5f, 0xb0, 0x00, 0x00, 0x09, 0x99, 0xee, 0x00,
    0x00, 0x6f, 0xd1, 0xf9, 0x06, 0xfb, 0x00, 0x00,
    0x00, 0x00, 0xae, 0x00, 0x06, 0xfd, 0x10, 0xf9,
    0x00, 0x6f, 0xb0, 0x00, 0x00, 0x00, 0xae, 0x00,
    0xaf, 0xd2, 0x00, 0xf9, 0x00, 0x06, 0xfb, 0x00,
    0x00, 0x00, 0xae, 0x0d, 0xfa, 0x00, 0x00, 0xf9,
    0x00, 0x00, 0x8f, 0x70, 0x00, 0x00, 0xae, 0x03,
    0x70, 0x00, 0x00, 0xf9, 0x00, 0x00, 0x07, 0x00,
    0x00, 0x00, 0xae, 0x00, 0x00, 0x00, 0x00, 0xf9,
    0x00, 0x00, 0x00, 0x00, 0x00, 0x00, 0xae, 0x00,
    0x00, 0x00, 0x00, 0xf9, 0x00, 0x00, 0x00, 0x00,
    0x00, 0x00, 0xae, 0x00, 0x00, 0x00, 0x00, 0xf9,
    0x00, 0x00, 0x00, 0x00, 0x00, 0x03, 0xdf, 0x20,
    0x00, 0x00, 0x00, 0xf9, 0x00, 0x00, 0x00, 0x00,
    0x00, 0x4f, 0xee, 0xe3, 0x00, 0x00, 0x00, 0x74,
    0x00, 0x00, 0x00, 0x00, 0x03, 0xfd, 0x10, 0xbf,
    0x81, 0x00, 0x00, 0x00, 0x00, 0x00, 0x00, 0x00,
    0x1e, 0xf2, 0x00, 0x08, 0xff, 0xca, 0x88, 0x78,
    0x89, 0x9a, 0xbd, 0xf2, 0x0c, 0x70, 0x00, 0x00,
    0x28, 0xdf, 0xff, 0xff, 0xff, 0xff, 0xff, 0xd0,
    0x01, 0x00, 0x00, 0x00, 0x00, 0x00, 0x11, 0x11,
    0x11, 0x00, 0x00, 0x00,

    /* U+8FDB "进" */
    0x00, 0x44, 0x00, 0x00, 0x00, 0x04, 0xa1, 0x00,
    0x07, 0xa0, 0x00, 0x00, 0x00, 0xcf, 0x40, 0x00,
    0x00, 0x07, 0xf1, 0x00, 0x0a, 0xe0, 0x00, 0x00,
    0x00, 0x0c, 0xf5, 0x00, 0x00, 0x07, 0xf1, 0x00,
    0x0a, 0xe0, 0x00, 0x00, 0x00, 0x00, 0xdf, 0x30,
    0x00, 0x07, 0xf1, 0x00, 0x0a, 0xe0, 0x00, 0x00,
    0x00, 0x00, 0x1e, 0x70, 0xbc, 0xce, 0xfc, 0xcc,
    0xce, 0xfc, 0xcc, 0x10, 0x00, 0x00, 0x01, 0x00,
    0xbc, 0xce, 0xfc, 0xcc, 0xce, 0xfc, 0xcc, 0x10,
    0x00, 0x00, 0x00, 0x00, 0x00, 0x07, 0xf1, 0x00,
    0x0a, 0xe0, 0x00, 0x00, 0x00, 0x00, 0x00, 0x00,
    0x00, 0x07, 0xf1, 0x00, 0x0a, 0xe0, 0x00, 0x00,
    0x07, 0x77, 0x77, 0x00, 0x00, 0x07, 0xf1, 0x00,
    0x0a, 0xe0, 0x00, 0x00, 0x0e, 0xff, 0xff, 0x10,
    0x00, 0x07, 0xf1, 0x00, 0x0a, 0xe0, 0x00, 0x00,
    0x00, 0x00, 0x8f, 0x10, 0xbb, 0xbd, 0xfc, 0xbb,
    0xbe, 0xfb, 0xbb, 0x60, 0x00, 0x00, 0x8f, 0x10,
    0xcc, 0xce, 0xfc, 0xcc, 0xce, 0xfc, 0xcc, 0x60,
    0x00, 0x00, 0x8f, 0x10, 0x00, 0x0d, 0xc0, 0x00,
    0x0a, 0xe0, 0x00, 0x00, 0x00, 0x00, 0x8f, 0x10,
    0x00, 0x2f, 0x80, 0x00, 0x0a, 0xe0, 0x00, 0x00,
    0x00, 0x00, 0x8f, 0x10, 0x00, 0x9f, 0x20, 0x00,
    0x0a, 0xe0, 0x00, 0x00, 0x00, 0x00, 0x8f, 0x10,
    0x04, 0xfb, 0x00, 0x00, 0x0a, 0xe0, 0x00, 0x00,
    0x00, 0x00, 0x8f, 0x10, 0x4f, 0xe1, 0x00, 0x00,
    0x0a, 0xe0, 0x00, 0x00, 0x00, 0x04, 0xef, 0x80,
    0x3d, 0x30, 0x00, 0x00, 0x0a, 0xe0, 0x00, 0x00,
    0x00, 0x9f, 0xc9, 0xfc, 0x30, 0x00, 0x00, 0x00,
    0x00, 0x00, 0x00, 0x00, 0x09, 0xfa, 0x00, 0x2d,
    0xfc, 0x86, 0x54, 0x44, 0x55, 0x66, 0x79, 0x90,
    0x0c, 0xb0, 0x00, 0x00, 0x5b, 0xff, 0xff, 0xff,
    0xff, 0xff, 0xff, 0xa0, 0x01, 0x10, 0x00, 0x00,
    0x00, 0x01, 0x22, 0x33, 0x22, 0x11, 0x00, 0x00,

    /* U+8FDE "连" */
    0x00, 0x37, 0x00, 0x00, 0x00, 0x00, 0x4c, 0x30,
    0x00, 0x00, 0x00, 0x00, 0x00, 0x7f, 0x70, 0x00,
    0x00, 0x00, 0xaf, 0x10, 0x00, 0x00, 0x00, 0x00,
    0x00, 0x09, 0xf6, 0x00, 0x77, 0x77, 0xfe, 0x77,
    0x77, 0x77, 0x77, 0x10, 0x00, 0x00, 0xbf, 0x30,
    0xef, 0xff, 0xff, 0xff, 0xff, 0xff, 0xff, 0x40,
    0x00, 0x00, 0x1e, 0x80, 0x00, 0x0c, 0xe0, 0x00,
    0x00, 0x00, 0x00, 0x00, 0x00, 0x00, 0x00, 0x00,
    0x00, 0x3f, 0x70, 0x0d, 0xb0, 0x00, 0x00, 0x00,
    0x00, 0x00, 0x00, 0x00, 0x00, 0xbe, 0x00, 0x0d,
    0xb0, 0x00, 0x00, 0x00, 0x01, 0x11, 0x11, 0x00,
    0x05, 0xf6, 0x00, 0x0d, 0xb0, 0x00, 0x00, 0x00,
    0x0d, 0xff, 0xfe, 0x00, 0x1f, 0xfd, 0xdd, 0xdf,
    0xfd, 0xdd, 0xd6, 0x00, 0x06, 0x77, 0xce, 0x00,
    0x0c, 0xba, 0xaa, 0xaf, 0xea, 0xaa, 0xa4, 0x00,
    0x00, 0x00, 0xae, 0x00, 0x00, 0x00, 0x00, 0x0d,
    0xb0, 0x00, 0x00, 0x00, 0x00, 0x00, 0xae, 0x00,
    0x00, 0x00, 0x00, 0x0d, 0xb0, 0x00, 0x00, 0x00,
    0x00, 0x00, 0xae, 0x00, 0x00, 0x00, 0x00, 0x0d,
    0xb0, 0x00, 0x00, 0x00, 0x00, 0x00, 0xae, 0x02,
    0xcc, 0xcc, 0xcc, 0xcf, 0xfc, 0xcc, 0xcc, 0xa0,
    0x00, 0x00, 0xae, 0x01, 0xbb, 0xbb, 0xbb, 0xbf,
    0xeb, 0xbb, 0xbb, 0x90, 0x00, 0x00, 0xae, 0x00,
    0x00, 0x00, 0x00, 0x0d, 0xb0, 0x00, 0x00, 0x00,
    0x00, 0x00, 0xae, 0x00, 0x00, 0x00, 0x00, 0x0d,
    0xb0, 0x00, 0x00, 0x00, 0x00, 0x02, 0xdf, 0x20,
    0x00, 0x00, 0x00, 0x0d, 0xb0, 0x00, 0x00, 0x00,
    0x00, 0x3f, 0xed, 0xe4, 0x00, 0x00, 0x00, 0x0d,
    0xb0, 0x00, 0x00, 0x00, 0x01, 0xee, 0x10, 0xaf,
    0x91, 0x00, 0x00, 0x02, 0x20, 0x00, 0x00, 0x22,
    0x0c, 0xf4, 0x00, 0x08, 0xff, 0xca, 0x88, 0x78,
    0x99, 0xab, 0xdf, 0xf5, 0x0a, 0x90, 0x00, 0x00,
    0x28, 0xcf, 0xff, 0xff, 0xff, 0xff, 0xff, 0xe2,
    0x00, 0x10, 0x00, 0x00, 0x00, 0x00, 0x11, 0x11,
    0x11, 0x00, 0x00, 0x00,

    /* U+8FDF "迟" */
    0x00, 0x76, 0x00, 0x00, 0x00, 0x00, 0x00, 0x00,
    0x00, 0x00, 0x00, 0x00, 0x0a, 0xf6, 0x00, 0x00,
    0x0e, 0xff, 0xff, 0xff, 0xff, 0xff, 0x10, 0x00,
    0x0b, 0xf6, 0x00, 0x00, 0xfe, 0x99, 0x99, 0x99,
    0x9d, 0xf1, 0x00, 0x00, 0x0c, 0xf3, 0x00, 0x0f,
    0xa0, 0x00, 0x00, 0x00, 0x8f, 0x10, 0x00, 0x00,
    0x1e, 0x70, 0x00, 0xfa, 0x00, 0x00, 0x00, 0x08,
    0xf1, 0x00, 0x00, 0x00, 0x00, 0x00, 0x0f, 0xa0,
    0x00, 0x00, 0x00, 0x8f, 0x10, 0x00, 0x00, 0x00,
    0x00, 0x00, 0xfa, 0x00, 0x00, 0x00, 0x08, 0xf1,
    0x00, 0x00, 0x00, 0x00, 0x00, 0x0f, 0xeb, 0xbb,
    0xbb, 0xbb, 0xef, 0x10, 0x06, 0x77, 0x77, 0x00,
    0x00, 0xfe, 0xcc, 0xcc, 0xcc, 0xcc, 0xc1, 0x00,
    0xef, 0xff, 0xf1, 0x00, 0x2f, 0x80, 0x00, 0x20,
    0x00, 0x00, 0x00, 0x00, 0x00, 0x8f, 0x10, 0x04,
    0xf6, 0x00, 0x2f, 0x90, 0x00, 0x00, 0x00, 0x00,
    0x08, 0xf1, 0x00, 0x6f, 0x40, 0x00, 0x9f, 0x80,
    0x00, 0x00, 0x00, 0x00, 0x8f, 0x10, 0x0b, 0xf1,
    0x00, 0x00, 0xaf, 0x70, 0x00, 0x00, 0x00, 0x08,
    0xf1, 0x00, 0xfd, 0x00, 0x00, 0x00, 0xbf, 0x60,
    0x00, 0x00, 0x00, 0x8f, 0x10, 0x6f, 0x70, 0x00,
    0x00, 0x00, 0xdf, 0x40, 0x00, 0x00, 0x08, 0xf1,
    0x1e, 0xf1, 0x00, 0x00, 0x00, 0x02, 0xee, 0x20,
    0x00, 0x00, 0x8f, 0x16, 0xf7, 0x00, 0x00, 0x00,
    0x00, 0x04, 0xfa, 0x00, 0x00, 0x6e, 0xf9, 0x04,
    0x00, 0x00, 0x00, 0x00, 0x00, 0x05, 0x00, 0x00,
    0xaf, 0xa7, 0xed, 0x50, 0x00, 0x00, 0x00, 0x00,
    0x00, 0x00, 0x00, 0xbf, 0x80, 0x01, 0xbf, 0xeb,
    0x98, 0x77, 0x78, 0x89, 0x9a, 0xba, 0x0b, 0xa0,
    0x00, 0x00, 0x39, 0xdf, 0xff, 0xff, 0xff, 0xff,
    0xee, 0x70, 0x10, 0x00, 0x00, 0x00, 0x00, 0x00,
    0x11, 0x10, 0x00, 0x00, 0x00,

    /* U+8FF0 "述" */
    0x00, 0x00, 0x00, 0x00, 0x00, 0x00, 0x07, 0xf1,
    0x17, 0x00, 0x00, 0x00, 0xcc, 0x00, 0x00, 0x00,
    0x00, 0x00, 0x7f, 0x15, 0xfb, 0x00, 0x00, 0x05,
    0xfb, 0x00, 0x00, 0x00, 0x00, 0x07, 0xf1, 0x03,
    0xfc, 0x10, 0x00, 0x06, 0xfa, 0x00, 0x00, 0x00,
    0x00, 0x7f, 0x10, 0x03, 0xd3, 0x00, 0x00, 0x08,
    0xf6, 0x07, 0x77, 0x77, 0x7b, 0xf8, 0x77, 0x77,
    0x75, 0x00, 0x00, 0x0a, 0x41, 0xff, 0xff, 0xff,
    0xff, 0xff, 0xff, 0xff, 0xb0, 0x00, 0x00, 0x00,
    0x01, 0x11, 0x11, 0x8f, 0xfb, 0x11, 0x11, 0x10,
    0x00, 0x00, 0x00, 0x00, 0x00, 0x00, 0x0e, 0xff,
    0xf8, 0x00, 0x00, 0x00, 0x69, 0x99, 0x94, 0x00,
    0x00, 0x06, 0xfa, 0xf8, 0xf6, 0x00, 0x00, 0x09,
    0xdd, 0xdf, 0x70, 0x00, 0x00, 0xe9, 0x7f, 0x1a,
    0xf4, 0x00, 0x00, 0x00, 0x01, 0xf7, 0x00, 0x00,
    0x8f, 0x17, 0xf1, 0x0c, 0xf2, 0x00, 0x00, 0x00,
    0x1f, 0x70, 0x00, 0x2f, 0x70, 0x7f, 0x10, 0x1e,
    0xc0, 0x00, 0x00, 0x01, 0xf7, 0x00, 0x0d, 0xe0,
    0x07, 0xf1, 0x00, 0x4f, 0x80, 0x00, 0x00, 0x1f,
    0x70, 0x0a, 0xf4, 0x00, 0x7f, 0x10, 0x00, 0xaf,
    0x30, 0x00, 0x01, 0xf7, 0x0a, 0xf8, 0x00, 0x07,
    0xf1, 0x00, 0x01, 0xe9, 0x00, 0x00, 0x1f, 0x74,
    0xf9, 0x00, 0x00, 0x7f, 0x10, 0x00, 0x02, 0x00,
    0x00, 0x01, 0xf7, 0x03, 0x00, 0x00, 0x07, 0xf1,
    0x00, 0x00, 0x00, 0x00, 0x00, 0x7f, 0xb0, 0x00,
    0x00, 0x00, 0x7f, 0x10, 0x00, 0x00, 0x00, 0x02,
    0xdf, 0xae, 0xe5, 0x00, 0x00, 0x02, 0x50, 0x00,
    0x00, 0x00, 0x03, 0xee, 0x20, 0x09, 0xff, 0xa7,
    0x65, 0x45, 0x55, 0x67, 0x89, 0xa1, 0x6e, 0x20,
    0x00, 0x01, 0x7c, 0xff, 0xff, 0xff, 0xff, 0xff,
    0xfd, 0x00, 0x20, 0x00, 0x00, 0x00, 0x00, 0x11,
    0x22, 0x11, 0x10, 0x00, 0x00,

    /* U+9000 "退" */
    0x00, 0x00, 0x00, 0x00, 0x00, 0x00, 0x00, 0x00,
    0x00, 0x00, 0x00, 0x00, 0x00, 0xac, 0x00, 0x00,
    0x0a, 0xff, 0xff, 0xff, 0xff, 0xff, 0x70, 0x00,
    0x00, 0x4f, 0xc1, 0x00, 0x0a, 0xf5, 0x55, 0x55,
    0x55, 0x6f, 0x70, 0x00, 0x00, 0x04, 0xfb, 0x00,
    0x0a, 0xf0, 0x00, 0x00, 0x00, 0x1f, 0x70, 0x00,
    0x00, 0x00, 0x6f, 0x80, 0x0a, 0xf3, 0x33, 0x33,
    0x33, 0x4f, 0x70, 0x00, 0x00, 0x00, 0x06, 0x00,
    0x0a, 0xff, 0xff, 0xff, 0xff, 0xff, 0x70, 0x00,
    0x00, 0x00, 0x00, 0x00, 0x0a, 0xf0, 0x00, 0x00,
    0x00, 0x2f, 0x70, 0x00, 0x00, 0x00, 0x00, 0x00,
    0x0a, 0xf0, 0x00, 0x00, 0x00, 0x1f, 0x70, 0x00,
    0x06, 0x88, 0x88, 0x00, 0x0a, 0xf6, 0x66, 0x66,
    0x66, 0x7f, 0x70, 0x00, 0x0c, 0xff, 0xff, 0x10,
    0x0a, 0xff, 0xff, 0xff, 0xff, 0xff, 0x70, 0x00,
    0x00, 0x00, 0x7f, 0x10, 0x0a, 0xf0, 0x00, 0x00,
    0x00, 0x00, 0x8c, 0x10, 0x00, 0x00, 0x7f, 0x10,
    0x0a, 0xf0, 0x05, 0xf6, 0x00, 0x1c, 0xf8, 0x00,
    0x00, 0x00, 0x7f, 0x10, 0x0a, 0xf0, 0x00, 0x8f,
    0xa6, 0xfd, 0x30, 0x00, 0x00, 0x00, 0x7f, 0x10,
    0x0a, 0xf0, 0x00, 0x05, 0xff, 0xa0, 0x00, 0x00,
    0x00, 0x00, 0x7f, 0x10, 0x0a, 0xf0, 0x00, 0x21,
    0x2d, 0xf4, 0x00, 0x00, 0x00, 0x00, 0x7f, 0x10,
    0x0c, 0xf5, 0x9d, 0xf4, 0x01, 0xcf, 0x50, 0x00,
    0x00, 0x00, 0x7f, 0x10, 0x5f, 0xff, 0xd8, 0x30,
    0x00, 0x0b, 0xf5, 0x00, 0x00, 0x00, 0xaf, 0x40,
    0x2d, 0x72, 0x00, 0x00, 0x00, 0x00, 0xb5, 0x00,
    0x00, 0x3d, 0xfd, 0xf9, 0x20, 0x00, 0x00, 0x00,
    0x00, 0x00, 0x00, 0x00, 0x05, 0xfd, 0x20, 0x3d,
    0xfd, 0x86, 0x54, 0x44, 0x45, 0x56, 0x78, 0x90,
    0x0b, 0xd1, 0x00, 0x00, 0x49, 0xef, 0xff, 0xff,
    0xff, 0xff, 0xff, 0xd0, 0x01, 0x10, 0x00, 0x00,
    0x00, 0x00, 0x22, 0x22, 0x22, 0x11, 0x00, 0x00,

    /* U+9009 "选" */
    0x00, 0x00, 0x00, 0x00, 0x00, 0x00, 0x01, 0x41,
    0x00, 0x00, 0x00, 0x00, 0x40, 0x00, 0x00, 0x00,
    0x18, 0x20, 0x5f, 0x40, 0x00, 0x00, 0x00, 0x2f,
    0xc1, 0x00, 0x00, 0x07, 0xf2, 0x05, 0xf4, 0x00,
    0x00, 0x00, 0x00, 0x5f, 0xd2, 0x00, 0x00, 0xdd,
    0x00, 0x5f, 0x40, 0x00, 0x00, 0x00, 0x00, 0x4f,
    0xd1, 0x00, 0x4f, 0xff, 0xff, 0xff, 0xff, 0xff,
    0xd0, 0x00, 0x00, 0x6f, 0x50, 0x0d, 0xe7, 0x77,
    0xaf, 0xa7, 0x77, 0x76, 0x00, 0x00, 0x00, 0x30,
    0x08, 0xf6, 0x00, 0x05, 0xf4, 0x00, 0x00, 0x00,
    0x00, 0x00, 0x00, 0x00, 0x5b, 0x00, 0x00, 0x5f,
    0x40, 0x00, 0x00, 0x00, 0x00, 0x00, 0x00, 0x00,
    0x00, 0x00, 0x05, 0xf4, 0x00, 0x00, 0x00, 0x00,
    0x00, 0x00, 0x01, 0xbb, 0xbb, 0xbb, 0xdf, 0xdb,
    0xbb, 0xbb, 0xb0, 0x9f, 0xff, 0xe0, 0x1b, 0xbb,
    0xbf, 0xfb, 0xbd, 0xfb, 0xbb, 0xba, 0x05, 0x88,
    0xdf, 0x00, 0x00, 0x00, 0xeb, 0x00, 0x8f, 0x10,
    0x00, 0x00, 0x00, 0x09, 0xf0, 0x00, 0x00, 0x1f,
    0x70, 0x08, 0xf1, 0x00, 0x00, 0x00, 0x00, 0x9f,
    0x00, 0x00, 0x07, 0xf4, 0x00, 0x8f, 0x10, 0x00,
    0x00, 0x00, 0x09, 0xf0, 0x00, 0x00, 0xed, 0x00,
    0x08, 0xf1, 0x00, 0x36, 0x00, 0x00, 0x9f, 0x00,
    0x00, 0xbf, 0x60, 0x00, 0x8f, 0x10, 0x06, 0xf0,
    0x00, 0x09, 0xf0, 0x02, 0xbf, 0x90, 0x00, 0x08,
    0xf2, 0x00, 0x8e, 0x00, 0x00, 0x9f, 0x08, 0xff,
    0x80, 0x00, 0x00, 0x5f, 0xff, 0xff, 0xa0, 0x00,
    0x09, 0xf2, 0x2a, 0x30, 0x00, 0x00, 0x00, 0x68,
    0x88, 0x71, 0x00, 0x06, 0xff, 0xf6, 0x00, 0x00,
    0x00, 0x00, 0x00, 0x00, 0x00, 0x00, 0x07, 0xfc,
    0x37, 0xfa, 0x10, 0x00, 0x00, 0x00, 0x00, 0x00,
    0x00, 0x06, 0xfc, 0x00, 0x04, 0xef, 0xc9, 0x87,
    0x66, 0x77, 0x89, 0xac, 0xe2, 0x7d, 0x00, 0x00,
    0x00, 0x7c, 0xff, 0xff, 0xff, 0xff, 0xff, 0xfd,
    0x00, 0x10, 0x00, 0x00, 0x00, 0x00, 0x01, 0x11,
    0x11, 0x00, 0x00, 0x00,

    /* U+9010 "逐" */
    0x01, 0x00, 0x00, 0x00, 0x00, 0x00, 0x00, 0x00,
    0x00, 0x00, 0x00, 0x2e, 0x90, 0x00, 0xdf, 0xff,
    0xff, 0xff, 0xff, 0xff, 0xff, 0xf3, 0x08, 0xf9,
    0x00, 0x66, 0x66, 0x67, 0xdf, 0x96, 0x66, 0x66,
    0x61, 0x00, 0x9f, 0x60, 0x00, 0x00, 0x0a, 0xf8,
    0x00, 0x00, 0x00, 0x00, 0x00, 0x0b, 0xf1, 0x00,
    0x01, 0xcf, 0xe0, 0x00, 0x00, 0x04, 0x00, 0x00,
    0x01, 0x50, 0x00, 0x7e, 0xe6, 0xfa, 0x00, 0x00,
    0x7f, 0x80, 0x00, 0x00, 0x00, 0x6e, 0xfb, 0x10,
    0x4f, 0x70, 0x06, 0xf9, 0x00, 0x00, 0x00, 0x01,
    0xdd, 0x40, 0x00, 0xaf, 0xe1, 0x8f, 0x80, 0x00,
    0x68, 0x88, 0x70, 0x10, 0x00, 0x2c, 0xd3, 0xfd,
    0xf5, 0x00, 0x00, 0xbf, 0xff, 0xe0, 0x00, 0x07,
    0xfa, 0x00, 0xaf, 0xc0, 0x00, 0x00, 0x00, 0x0a,
    0xe0, 0x06, 0xee, 0x60, 0x02, 0xef, 0xfd, 0x10,
    0x00, 0x00, 0x0a, 0xe0, 0x4f, 0x80, 0x00, 0x2e,
    0xcf, 0x9e, 0xe2, 0x00, 0x00, 0x0a, 0xe0, 0x00,
    0x00, 0x05, 0xfb, 0x0e, 0x82, 0xde, 0x20, 0x00,
    0x0a, 0xe0, 0x00, 0x01, 0xaf, 0x80, 0x0e, 0x90,
    0x1e, 0xe1, 0x00, 0x0a, 0xe0, 0x01, 0x8f, 0xe4,
    0x00, 0x0f, 0x80, 0x03, 0xe4, 0x00, 0x0a, 0xe0,
    0xaf, 0xf7, 0x00, 0x00, 0x3f, 0x60, 0x00, 0x00,
    0x00, 0x0a, 0xe0, 0x77, 0x00, 0x00, 0x01, 0xcf,
    0x10, 0x00, 0x00, 0x00, 0x0c, 0xf4, 0x00, 0x00,
    0x4f, 0xef, 0xf6, 0x00, 0x00, 0x00, 0x04, 0xef,
    0xcf, 0xa2, 0x00, 0x07, 0x86, 0x20, 0x00, 0x00,
    0x00, 0x5f, 0xc1, 0x03, 0xdf, 0xd8, 0x65, 0x44,
    0x45, 0x56, 0x67, 0x88, 0xad, 0x10, 0x00, 0x04,
    0x9e, 0xff, 0xff, 0xff, 0xff, 0xff, 0xf8, 0x01,
    0x00, 0x00, 0x00, 0x00, 0x02, 0x22, 0x22, 0x11,
    0x10, 0x00,

    /* U+9012 "递" */
    0x00, 0x00, 0x00, 0x00, 0x00, 0x00, 0x00, 0x00,
    0x00, 0x00, 0x00, 0x00, 0x00, 0x00, 0x00, 0x00,
    0x3f, 0x50, 0x00, 0x02, 0xf7, 0x00, 0x00, 0x09,
    0xc0, 0x00, 0x00, 0x00, 0xbf, 0x10, 0x00, 0xae,
    0x10, 0x00, 0x00, 0x5f, 0xa0, 0x00, 0x00, 0x02,
    0xe4, 0x00, 0x4f, 0x50, 0x00, 0x00, 0x00, 0x8f,
    0x60, 0x0d, 0xff, 0xff, 0xff, 0xff, 0xff, 0xff,
    0x60, 0x00, 0x00, 0xdf, 0x10, 0x55, 0x55, 0x55,
    0xcf, 0x55, 0x55, 0xf6, 0x00, 0x00, 0x03, 0x91,
    0x00, 0x00, 0x00, 0x0a, 0xe0, 0x00, 0x0f, 0x60,
    0x00, 0x00, 0x00, 0x00, 0x04, 0x44, 0x44, 0xbf,
    0x44, 0x44, 0xf6, 0x00, 0x00, 0x00, 0x00, 0x00,
    0xff, 0xff, 0xff, 0xff, 0xff, 0xff, 0x60, 0x00,
    0x00, 0x00, 0x00, 0x2f, 0x51, 0x11, 0xae, 0x11,
    0x11, 0x10, 0x00, 0xcf, 0xff, 0xf1, 0x04, 0xf1,
    0x00, 0x0a, 0xe0, 0x00, 0x00, 0x00, 0x07, 0x99,
    0xcf, 0x10, 0x7f, 0x65, 0x55, 0xcf, 0x55, 0x55,
    0x55, 0x20, 0x00, 0x07, 0xf1, 0x09, 0xff, 0xff,
    0xff, 0xff, 0xff, 0xff, 0xf5, 0x00, 0x00, 0x7f,
    0x10, 0x00, 0x00, 0x3e, 0xfe, 0x00, 0x00, 0x3f,
    0x40, 0x00, 0x07, 0xf1, 0x00, 0x00, 0x4e, 0xba,
    0xe0, 0x00, 0x05, 0xf2, 0x00, 0x00, 0x7f, 0x10,
    0x01, 0x9f, 0x90, 0xae, 0x01, 0x22, 0xbf, 0x00,
    0x00, 0x07, 0xf1, 0x18, 0xfe, 0x60, 0x0a, 0xe0,
    0x3f, 0xff, 0x80, 0x00, 0x00, 0x7f, 0x15, 0xe7,
    0x00, 0x00, 0xae, 0x00, 0x22, 0x10, 0x00, 0x00,
    0x5e, 0xfa, 0x00, 0x00, 0x00, 0x0a, 0xe0, 0x00,
    0x00, 0x00, 0x00, 0x7f, 0xa5, 0xed, 0x50, 0x00,
    0x00, 0x35, 0x00, 0x00, 0x00, 0x00, 0x5f, 0xb0,
    0x01, 0xaf, 0xea, 0x98, 0x76, 0x77, 0x78, 0x9a,
    0xbd, 0x05, 0xe1, 0x00, 0x00, 0x39, 0xdf, 0xff,
    0xff, 0xff, 0xff, 0xfe, 0xb0, 0x01, 0x00, 0x00,
    0x00, 0x00, 0x00, 0x01, 0x10, 0x00, 0x00, 0x00,
    0x00,

    /* U+901A "通" */
    0x00, 0x00, 0x00, 0x00, 0x13, 0x33, 0x33, 0x33,
    0x33, 0x33, 0x30, 0x00, 0x01, 0xd7, 0x00, 0x00,
    0x7f, 0xff, 0xff, 0xff, 0xff, 0xff, 0xfa, 0x00,
    0x00, 0x9f, 0x80, 0x00, 0x01, 0x11, 0x11, 0x11,
    0x11, 0x9f, 0xa0, 0x00, 0x00, 0x08, 0xf9, 0x00,
    0x00, 0x0c, 0xe8, 0x20, 0x4d, 0xe6, 0x00, 0x00,
    0x00, 0x00, 0x8f, 0x80, 0x00, 0x01, 0x7e, 0xfd,
    0xf9, 0x10, 0x00, 0x00, 0x00, 0x00, 0x08, 0x30,
    0x01, 0x11, 0x11, 0x7d, 0xfc, 0x41, 0x11, 0x00,
    0x00, 0x00, 0x00, 0x00, 0x6f, 0xff, 0xff, 0xff,
    0xff, 0xff, 0xff, 0x00, 0x00, 0x00, 0x00, 0x00,
    0x6f, 0x42, 0x22, 0x9f, 0x22, 0x22, 0xaf, 0x00,
    0x00, 0x00, 0x00, 0x00, 0x6f, 0x10, 0x00, 0x7f,
    0x00, 0x00, 0x9f, 0x00, 0x0e, 0xff, 0xff, 0x10,
    0x6f, 0x65, 0x55, 0xaf, 0x55, 0x55, 0xbf, 0x00,
    0x08, 0x99, 0xcf, 0x10, 0x6f, 0xed, 0xdd, 0xef,
    0xdd, 0xdd, 0xff, 0x00, 0x00, 0x00, 0x7f, 0x10,
    0x6f, 0x10, 0x00, 0x7f, 0x00, 0x00, 0x9f, 0x00,
    0x00, 0x00, 0x7f, 0x10, 0x6f, 0x10, 0x00, 0x7f,
    0x00, 0x00, 0x9f, 0x00, 0x00, 0x00, 0x7f, 0x10,
    0x6f, 0xff, 0xff, 0xff, 0xff, 0xff, 0xff, 0x00,
    0x00, 0x00, 0x7f, 0x10, 0x6f, 0x54, 0x44, 0x9f,
    0x44, 0x44, 0xbf, 0x00, 0x00, 0x00, 0x7f, 0x10,
    0x6f, 0x10, 0x00, 0x7f, 0x00, 0x00, 0x9f, 0x00,
    0x00, 0x00, 0x7f, 0x10, 0x6f, 0x10, 0x00, 0x7f,
    0x00, 0x00, 0x9f, 0x00, 0x00, 0x00, 0xbf, 0x40,
    0x6f, 0x10, 0x00, 0x7f, 0x05, 0xff, 0xfb, 0x00,
    0x00, 0x1d, 0xeb, 0xf5, 0x24, 0x00, 0x00, 0x13,
    0x00, 0x55, 0x30, 0x00, 0x00, 0xce, 0x10, 0x6f,
    0x91, 0x00, 0x00, 0x00, 0x00, 0x00, 0x00, 0x00,
    0x09, 0xf3, 0x00, 0x04, 0xdf, 0xb9, 0x76, 0x56,
    0x67, 0x78, 0x9b, 0xd1, 0x0a, 0x80, 0x00, 0x00,
    0x05, 0xad, 0xff, 0xff, 0xff, 0xff, 0xee, 0xb0,
    0x00, 0x00, 0x00, 0x00, 0x00, 0x00, 0x00, 0x00,
    0x00, 0x00, 0x00, 0x00,

    /* U+9053 "道" */
    0x00, 0x00, 0x00, 0x00, 0x00, 0x10, 0x00, 0x00,
    0x00, 0x00, 0x00, 0x00, 0x01, 0x00, 0x00, 0x00,
    0x1f, 0x80, 0x00, 0x00, 0x6f, 0x40, 0x00, 0x03,
    0xf7, 0x00, 0x00, 0x00, 0x8f, 0x30, 0x00, 0x0e,
    0xc0, 0x00, 0x00, 0x09, 0xf7, 0x00, 0x00, 0x00,
    0xe6, 0x00, 0x08, 0xf2, 0x00, 0x00, 0x00, 0x0a,
    0xf4, 0x0d, 0xff, 0xff, 0xff, 0xff, 0xff, 0xff,
    0xff, 0x50, 0x00, 0x0d, 0xe0, 0x56, 0x66, 0x66,
    0xbf, 0x86, 0x66, 0x66, 0x62, 0x00, 0x00, 0x23,
    0x00, 0x00, 0x00, 0x0b, 0xe0, 0x00, 0x00, 0x00,
    0x00, 0x00, 0x00, 0x00, 0x00, 0x44, 0x44, 0xfb,
    0x44, 0x44, 0x41, 0x00, 0x00, 0x00, 0x00, 0x00,
    0x1f, 0xff, 0xff, 0xff, 0xff, 0xff, 0x40, 0x00,
    0x67, 0x77, 0x70, 0x01, 0xf6, 0x00, 0x00, 0x00,
    0x04, 0xf4, 0x00, 0x0d, 0xee, 0xff, 0x10, 0x1f,
    0x70, 0x00, 0x00, 0x00, 0x5f, 0x40, 0x00, 0x00,
    0x07, 0xf1, 0x01, 0xff, 0xff, 0xff, 0xff, 0xff,
    0xf4, 0x00, 0x00, 0x00, 0x7f, 0x10, 0x1f, 0x71,
    0x11, 0x11, 0x11, 0x5f, 0x40, 0x00, 0x00, 0x07,
    0xf1, 0x01, 0xf6, 0x00, 0x00, 0x00, 0x04, 0xf4,
    0x00, 0x00, 0x00, 0x7f, 0x10, 0x1f, 0xff, 0xff,
    0xff, 0xff, 0xff, 0x40, 0x00, 0x00, 0x07, 0xf1,
    0x01, 0xf9, 0x33, 0x33, 0x33, 0x37, 0xf4, 0x00,
    0x00, 0x00, 0x7f, 0x10, 0x1f, 0x60, 0x00, 0x00,
    0x00, 0x4f, 0x40, 0x00, 0x00, 0x07, 0xf1, 0x01,
    0xf9, 0x44, 0x44, 0x44, 0x48, 0xf4, 0x00, 0x00,
    0x00, 0x9f, 0x20, 0x1f, 0xff, 0xff, 0xff, 0xff,
    0xff, 0x40, 0x00, 0x02, 0xcf, 0xef, 0x60, 0x00,
    0x00, 0x00, 0x00, 0x00, 0x00, 0x00, 0x04, 0xfc,
    0x10, 0x6f, 0xea, 0x54, 0x32, 0x22, 0x33, 0x45,
    0x67, 0x50, 0xcd, 0x10, 0x00, 0x16, 0xcf, 0xff,
    0xff, 0xff, 0xff, 0xff, 0xf5, 0x02, 0x10, 0x00,
    0x00, 0x00, 0x02, 0x34, 0x43, 0x33, 0x22, 0x11,
    0x00,

    /* U+91C7 "采" */
    0x00, 0x00, 0x00, 0x00, 0x00, 0x00, 0x01, 0x24,
    0x69, 0xb7, 0x00, 0x00, 0x14, 0x56, 0x78, 0x9a,
    0xbc, 0xef, 0xff, 0xff, 0xfd, 0xb2, 0x00, 0x04,
    0xff, 0xff, 0xfe, 0xdc, 0xba, 0x97, 0x54, 0x20,
    0x00, 0x00, 0x00, 0x03, 0x21, 0x00, 0x00, 0x14,
    0x00, 0x00, 0x00, 0x05, 0x30, 0x00, 0x00, 0x05,
    0x20, 0x00, 0x09, 0xf1, 0x00, 0x00, 0x01, 0xfd,
    0x00, 0x00, 0x00, 0xec, 0x00, 0x00, 0x3f, 0x80,
    0x00, 0x00, 0x8f, 0x40, 0x00, 0x00, 0x05, 0xf6,
    0x00, 0x00, 0xdd, 0x00, 0x00, 0x1f, 0xb0, 0x00,
    0x00, 0x00, 0x0c, 0xe0, 0x00, 0x09, 0xf1, 0x00,
    0x0b, 0xf1, 0x00, 0x00, 0x00, 0x00, 0x6f, 0x50,
    0x00, 0x46, 0x00, 0x05, 0xf5, 0x00, 0x00, 0x00,
    0x00, 0x00, 0x50, 0x00, 0x0a, 0xf0, 0x00, 0xaa,
    0x00, 0x00, 0x00, 0x00, 0x00, 0x00, 0x00, 0x00,
    0xaf, 0x00, 0x00, 0x00, 0x00, 0x00, 0x04, 0xff,
    0xff, 0xff, 0xff, 0xff, 0xff, 0xff, 0xff, 0xff,
    0xff, 0xb0, 0x29, 0x99, 0x99, 0x99, 0xaf, 0xff,
    0xfc, 0x99, 0x99, 0x99, 0x97, 0x00, 0x00, 0x00,
    0x00, 0x0b, 0xfe, 0xfd, 0xe2, 0x00, 0x00, 0x00,
    0x00, 0x00, 0x00, 0x00, 0x09, 0xf7, 0xaf, 0x2e,
    0xd1, 0x00, 0x00, 0x00, 0x00, 0x00, 0x00, 0x0a,
    0xf9, 0x0a, 0xf0, 0x3f, 0xe3, 0x00, 0x00, 0x00,
    0x00, 0x00, 0x1c, 0xf9, 0x00, 0xaf, 0x00, 0x3e,
    0xf5, 0x00, 0x00, 0x00, 0x00, 0x4e, 0xf8, 0x00,
    0x0a, 0xf0, 0x00, 0x2e, 0xf9, 0x00, 0x00, 0x01,
    0x9f, 0xf5, 0x00, 0x00, 0xaf, 0x00, 0x00, 0x1b,
    0xfe, 0x50, 0x07, 0xff, 0xc2, 0x00, 0x00, 0x0a,
    0xf0, 0x00, 0x00, 0x07, 0xff, 0xd1, 0x3d, 0x50,
    0x00, 0x00, 0x00, 0xaf, 0x00, 0x00, 0x00, 0x01,
    0xa9, 0x00, 0x00, 0x00, 0x00, 0x00, 0x0a, 0xf0,
    0x00, 0x00, 0x00, 0x00, 0x00,

    /* U+91CF "量" */
    0x00, 0x01, 0x11, 0x11, 0x11, 0x11, 0x11, 0x11,
    0x11, 0x10, 0x00, 0x00, 0x00, 0x8f, 0xdd, 0xdd,
    0xdd, 0xdd, 0xdd, 0xdd, 0xfe, 0x00, 0x00, 0x00,
    0x08, 0xf0, 0x00, 0x00, 0x00, 0x00, 0x00, 0x0b,
    0xe0, 0x00, 0x00, 0x00, 0x8f, 0xee, 0xee, 0xee,
    0xee, 0xee, 0xee, 0xfe, 0x00, 0x00, 0x00, 0x08,
    0xf0, 0x00, 0x00, 0x00, 0x00, 0x00, 0x0b, 0xe0,
    0x00, 0x00, 0x00, 0x8f, 0xcc, 0xcc, 0xcc, 0xcc,
    0xcc, 0xcc, 0xee, 0x00, 0x00, 0x00, 0x02, 0x44,
    0x44, 0x44, 0x44, 0x44, 0x44, 0x44, 0x30, 0x00,
    0x02, 0x44, 0x44, 0x44, 0x44, 0x44, 0x44, 0x44,
    0x44, 0x44, 0x44, 0x40, 0x8f, 0xff, 0xff, 0xff,
    0xff, 0xff, 0xff, 0xff, 0xff, 0xff, 0xfe, 0x00,
    0x00, 0x00, 0x00, 0x00, 0x00, 0x00, 0x00, 0x00,
    0x00, 0x00, 0x00, 0x00, 0x0f, 0xff, 0xff, 0xff,
    0xff, 0xff, 0xff, 0xff, 0xf9, 0x00, 0x00, 0x00,
    0xf8, 0x00, 0x00, 0x0a, 0xe0, 0x00, 0x00, 0x0f,
    0x90, 0x00, 0x00, 0x0f, 0xec, 0xcc, 0xcc, 0xef,
    0xcc, 0xcc, 0xcc, 0xf9, 0x00, 0x00, 0x00, 0xfa,
    0x33, 0x33, 0x3b, 0xf3, 0x33, 0x33, 0x3f, 0x90,
    0x00, 0x00, 0x0f, 0x91, 0x11, 0x11, 0xae, 0x11,
    0x11, 0x11, 0xf9, 0x00, 0x00, 0x00, 0xff, 0xff,
    0xff, 0xff, 0xff, 0xff, 0xff, 0xff, 0x90, 0x00,
    0x00, 0x00, 0x00, 0x00, 0x00, 0xae, 0x00, 0x00,
    0x00, 0x00, 0x00, 0x00, 0x09, 0xdd, 0xdd, 0xdd,
    0xdf, 0xfd, 0xdd, 0xdd, 0xdd, 0xd1, 0x00, 0x00,
    0x34, 0x44, 0x44, 0x44, 0xbf, 0x44, 0x44, 0x44,
    0x44, 0x00, 0x00, 0x00, 0x00, 0x00, 0x00, 0x0a,
    0xe0, 0x00, 0x00, 0x00, 0x00, 0x00, 0x24, 0x44,
    0x44, 0x44, 0x44, 0xbf, 0x44, 0x44, 0x44, 0x44,
    0x44, 0x0b, 0xff, 0xff, 0xff, 0xff, 0xff, 0xff,
    0xff, 0xff, 0xff, 0xff, 0xf0,

    /* U+9501 "锁" */
    0x00, 0x00, 0x00, 0x00, 0x00, 0x00, 0x00, 0x02,
    0x40, 0x00, 0x00, 0x00, 0x00, 0x00, 0xd8, 0x00,
    0x00, 0x01, 0x00, 0x07, 0xf0, 0x00, 0x00, 0x00,
    0x00, 0x05, 0xf4, 0x00, 0x00, 0x2f, 0x40, 0x07,
    0xf0, 0x00, 0xca, 0x00, 0x00, 0x0c, 0xf4, 0x44,
    0x44, 0x0a, 0xe1, 0x07, 0xf0, 0x03, 0xf4, 0x00,
    0x00, 0x6f, 0xff, 0xff, 0xff, 0x01, 0xf8, 0x07,
    0xf0, 0x0c, 0xb0, 0x00, 0x03, 0xfc, 0x22, 0x22,
    0x22, 0x00, 0x9f, 0x07, 0xf0, 0x6f, 0x20, 0x00,
    0x0d, 0xf2, 0x00, 0x00, 0x00, 0x00, 0x14, 0x07,
    0xf0, 0x35, 0x00, 0x00, 0x0c, 0x50, 0x00, 0x00,
    0x00, 0x08, 0x99, 0x9c, 0xf9, 0x99, 0x94, 0x00,
    0x00, 0x5f, 0xff, 0xff, 0xf6, 0x0e, 0xfe, 0xee,
    0xee, 0xee, 0xf7, 0x00, 0x00, 0x26, 0x6f, 0xa6,
    0x62, 0x0e, 0x90, 0x00, 0x00, 0x01, 0xf7, 0x00,
    0x00, 0x00, 0x0f, 0x60, 0x00, 0x0e, 0x90, 0x06,
    0xa0, 0x01, 0xf7, 0x00, 0x00, 0x00, 0x0f, 0x60,
    0x00, 0x0e, 0x90, 0x09, 0xf0, 0x01, 0xf7, 0x00,
    0x00, 0x22, 0x3f, 0x82, 0x22, 0x0e, 0x90, 0x09,
    0xf0, 0x01, 0xf7, 0x00, 0x04, 0xff, 0xff, 0xff,
    0xfc, 0x0e, 0x90, 0x09, 0xf0, 0x01, 0xf7, 0x00,
    0x01, 0x44, 0x5f, 0x94, 0x43, 0x0e, 0x90, 0x09,
    0xf0, 0x01, 0xf7, 0x00, 0x00, 0x00, 0x0f, 0x60,
    0x00, 0x0e, 0x90, 0x0b, 0xd0, 0x01, 0xf7, 0x00,
    0x00, 0x00, 0x0f, 0x60, 0x00, 0x0e, 0x90, 0x0e,
    0xc0, 0x01, 0xf7, 0x00, 0x00, 0x00, 0x0f, 0x60,
    0x00, 0x0e, 0x90, 0x4f, 0x70, 0x01, 0xf7, 0x00,
    0x00, 0x00, 0x0f, 0x60, 0x46, 0x08, 0x50, 0xdf,
    0x24, 0x00, 0x73, 0x00, 0x00, 0x00, 0x1f, 0xac,
    0xf9, 0x00, 0x1b, 0xf5, 0x8f, 0xc4, 0x00, 0x00,
    0x00, 0x00, 0x7f, 0xfc, 0x40, 0x06, 0xef, 0x50,
    0x04, 0xcf, 0xc4, 0x00, 0x00, 0x03, 0xfe, 0x60,
    0x07, 0xef, 0xb2, 0x00, 0x00, 0x04, 0xdf, 0x90,
    0x00, 0x00, 0x71, 0x00, 0x06, 0xa3, 0x00, 0x00,
    0x00, 0x00, 0x08, 0x50,

    /* U+9519 "错" */
    0x00, 0x00, 0x00, 0x00, 0x00, 0x00, 0x11, 0x00,
    0x01, 0x20, 0x00, 0x00, 0x00, 0xba, 0x00, 0x00,
    0x00, 0x0b, 0xc0, 0x00, 0x8e, 0x00, 0x00, 0x00,
    0x2f, 0x70, 0x00, 0x00, 0x00, 0xbc, 0x00, 0x08,
    0xe0, 0x00, 0x00, 0x09, 0xf5, 0x33, 0x33, 0x00,
    0x0b, 0xc0, 0x00, 0x8e, 0x00, 0x00, 0x02, 0xff,
    0xff, 0xff, 0xc1, 0xff, 0xff, 0xff, 0xff, 0xff,
    0xfc, 0x00, 0xde, 0x44, 0x44, 0x43, 0x07, 0x7d,
    0xe7, 0x77, 0xcf, 0x77, 0x60, 0x9f, 0x30, 0x00,
    0x00, 0x00, 0x00, 0xbc, 0x00, 0x08, 0xe0, 0x00,
    0x05, 0x81, 0x11, 0x11, 0x10, 0x00, 0x0b, 0xc0,
    0x00, 0x8e, 0x00, 0x00, 0x03, 0xff, 0xff, 0xff,
    0x71, 0x11, 0xbd, 0x11, 0x19, 0xe1, 0x11, 0x00,
    0x16, 0x6e, 0xc6, 0x62, 0xaf, 0xff, 0xff, 0xff,
    0xff, 0xff, 0xf5, 0x00, 0x00, 0xca, 0x00, 0x03,
    0x55, 0x55, 0x55, 0x55, 0x55, 0x55, 0x10, 0x00,
    0x0c, 0xa0, 0x00, 0x00, 0x00, 0x00, 0x00, 0x00,
    0x00, 0x00, 0x02, 0x22, 0xdb, 0x22, 0x20, 0x29,
    0x99, 0x99, 0x99, 0x99, 0x70, 0x03, 0xff, 0xff,
    0xff, 0xff, 0x04, 0xfc, 0xbb, 0xbb, 0xbb, 0xfb,
    0x00, 0x14, 0x44, 0xdb, 0x44, 0x40, 0x4f, 0x30,
    0x00, 0x00, 0x0d, 0xb0, 0x00, 0x00, 0x0c, 0xa0,
    0x00, 0x04, 0xf3, 0x00, 0x00, 0x00, 0xdb, 0x00,
    0x00, 0x00, 0xca, 0x00, 0x00, 0x4f, 0x86, 0x66,
    0x66, 0x6e, 0xb0, 0x00, 0x00, 0x0c, 0xa0, 0x00,
    0x04, 0xff, 0xff, 0xff, 0xff, 0xfb, 0x00, 0x00,
    0x00, 0xca, 0x02, 0x40, 0x4f, 0x30, 0x00, 0x00,
    0x0d, 0xb0, 0x00, 0x00, 0x0d, 0xb9, 0xfa, 0x04,
    0xf3, 0x00, 0x00, 0x00, 0xdb, 0x00, 0x00, 0x03,
    0xff, 0xe6, 0x00, 0x4f, 0x86, 0x66, 0x66, 0x6e,
    0xb0, 0x00, 0x00, 0xcf, 0x91, 0x00, 0x04, 0xff,
    0xff, 0xff, 0xff, 0xfb, 0x00, 0x00, 0x04, 0x30,
    0x00, 0x00, 0x4f, 0x30, 0x00, 0x00, 0x0c, 0xa0,
    0x00,

    /* U+952E "键" */
    0x00, 0x00, 0x00, 0x00, 0x00, 0x00, 0x00, 0x00,
    0x00, 0x00, 0x00, 0x00, 0x00, 0x07, 0xf1, 0x00,
    0x00, 0x00, 0x00, 0x00, 0x4f, 0x00, 0x00, 0x00,
    0x00, 0x0d, 0xb0, 0x00, 0x5a, 0xaa, 0xb2, 0x22,
    0x6f, 0x22, 0x21, 0x00, 0x00, 0x3f, 0xa5, 0x55,
    0x6d, 0xde, 0xf4, 0xff, 0xff, 0xff, 0xf9, 0x00,
    0x00, 0xaf, 0xff, 0xff, 0x00, 0x0c, 0x90, 0x00,
    0x5f, 0x00, 0xa9, 0x00, 0x03, 0xf8, 0x22, 0x22,
    0x00, 0x2f, 0x30, 0x00, 0x4f, 0x00, 0x99, 0x00,
    0x0d, 0xe0, 0x00, 0x00, 0x00, 0x9c, 0x0c, 0xff,
    0xff, 0xff, 0xff, 0xf0, 0x2f, 0x60, 0x00, 0x00,
    0x01, 0xf5, 0x04, 0x55, 0x8f, 0x55, 0xcb, 0x50,
    0x02, 0xdf, 0xff, 0xfe, 0x08, 0xd0, 0x00, 0x00,
    0x4f, 0x00, 0x99, 0x00, 0x00, 0x45, 0xfa, 0x55,
    0x4f, 0xda, 0xa4, 0x99, 0xbf, 0x99, 0xd9, 0x00,
    0x00, 0x00, 0xf6, 0x00, 0x8c, 0xbc, 0xf4, 0x99,
    0xbf, 0x99, 0x95, 0x00, 0x00, 0x00, 0xf6, 0x00,
    0x00, 0x04, 0xf0, 0x00, 0x4f, 0x00, 0x00, 0x00,
    0x02, 0x33, 0xf8, 0x33, 0x00, 0x06, 0xd2, 0x66,
    0x9f, 0x66, 0x66, 0x00, 0x0c, 0xff, 0xff, 0xff,
    0x4c, 0x09, 0xb4, 0xdd, 0xef, 0xdd, 0xdd, 0x00,
    0x03, 0x33, 0xf9, 0x33, 0x1f, 0x4c, 0x80, 0x00,
    0x4f, 0x00, 0x00, 0x00, 0x00, 0x00, 0xf6, 0x00,
    0x0b, 0xaf, 0x40, 0x00, 0x5f, 0x00, 0x00, 0x00,
    0x00, 0x00, 0xf6, 0x00, 0x04, 0xff, 0x0e, 0xff,
    0xff, 0xff, 0xff, 0x80, 0x00, 0x00, 0xf6, 0x00,
    0x00, 0xec, 0x03, 0x33, 0x7f, 0x33, 0x33, 0x10,
    0x00, 0x00, 0xf6, 0x3c, 0x13, 0xff, 0x60, 0x00,
    0x4f, 0x00, 0x00, 0x00, 0x00, 0x00, 0xfc, 0xfc,
    0x1b, 0xc7, 0xf4, 0x00, 0x4f, 0x00, 0x00, 0x00,
    0x00, 0x04, 0xff, 0x90, 0x5f, 0x30, 0x9f, 0x91,
    0x15, 0x00, 0x00, 0x00, 0x00, 0x0d, 0xf6, 0x04,
    0xf9, 0x00, 0x06, 0xef, 0xc8, 0x65, 0x55, 0x50,
    0x00, 0x09, 0x40, 0x0d, 0xa0, 0x00, 0x00, 0x16,
    0xad, 0xef, 0xff, 0xb0, 0x00, 0x00, 0x00, 0x02,
    0x00, 0x00, 0x00, 0x00, 0x00, 0x00, 0x00, 0x00,

    /* U+95EE "问" */
    0x05, 0x10, 0x00, 0x00, 0x00, 0x00, 0x00, 0x00,
    0x00, 0x00, 0x1e, 0xc1, 0x00, 0x48, 0x88, 0x88,
    0x88, 0x88, 0x88, 0x86, 0x02, 0xec, 0x00, 0x6f,
    0xff, 0xff, 0xff, 0xff, 0xff, 0xfa, 0x00, 0x3f,
    0xb0, 0x00, 0x00, 0x00, 0x00, 0x00, 0x00, 0xea,
    0x00, 0x05, 0xd2, 0x00, 0x00, 0x00, 0x00, 0x00,
    0x00, 0xea, 0x79, 0x00, 0x00, 0x00, 0x00, 0x00,
    0x00, 0x00, 0x00, 0xea, 0xae, 0x00, 0x00, 0x00,
    0x00, 0x00, 0x00, 0x00, 0x00, 0xea, 0xae, 0x00,
    0x02, 0xff, 0xff, 0xff, 0xff, 0x10, 0x00, 0xea,
    0xae, 0x00, 0x02, 0xfa, 0x88, 0x88, 0xcf, 0x10,
    0x00, 0xea, 0xae, 0x00, 0x02, 0xf4, 0x00, 0x00,
    0x7f, 0x10, 0x00, 0xea, 0xae, 0x00, 0x02, 0xf4,
    0x00, 0x00, 0x7f, 0x10, 0x00, 0xea, 0xae, 0x00,
    0x02, 0xf4, 0x00, 0x00, 0x7f, 0x10, 0x00, 0xea,
    0xae, 0x00, 0x02, 0xf4, 0x00, 0x00, 0x7f, 0x10,
    0x00, 0xea, 0xae, 0x00, 0x02, 0xf4, 0x00, 0x00,
    0x7f, 0x10, 0x00, 0xea, 0xae, 0x00, 0x02, 0xfa,
    0x88, 0x88, 0xcf, 0x10, 0x00, 0xea, 0xae, 0x00,
    0x02, 0xff, 0xff, 0xff, 0xff, 0x10, 0x00, 0xea,
    0xae, 0x00, 0x02, 0xf4, 0x00, 0x00, 0x00, 0x00,
    0x00, 0xea, 0xae, 0x00, 0x01, 0x62, 0x00, 0x00,
    0x00, 0x00, 0x00, 0xea, 0xae, 0x00, 0x00, 0x00,
    0x00, 0x00, 0x00, 0x00, 0x00, 0xea, 0xae, 0x00,
    0x00, 0x00, 0x00, 0x00, 0x00, 0x00, 0x00, 0xea,
    0xae, 0x00, 0x00, 0x00, 0x00, 0x00, 0x00, 0x79,
    0x9a, 0xf9, 0xae, 0x00, 0x00, 0x00, 0x00, 0x00,
    0x00, 0x6f, 0xfe, 0xb2,

    /* U+9608 "阈" */
    0x00, 0x00, 0x00, 0x00, 0x00, 0x00, 0x00, 0x00,
    0x00, 0x00, 0x04, 0xe2, 0x00, 0x13, 0x33, 0x33,
    0x33, 0x33, 0x33, 0x33, 0x01, 0xee, 0x10, 0x5f,
    0xff, 0xff, 0xff, 0xff, 0xff, 0xfe, 0x00, 0x3f,
    0xc0, 0x13, 0x33, 0x33, 0x33, 0x33, 0x33, 0xbe,
    0x00, 0x06, 0xf8, 0x00, 0x00, 0x29, 0x11, 0x00,
    0x00, 0xae, 0x35, 0x00, 0xb8, 0x00, 0x00, 0x3f,
    0x2c, 0xa0, 0x00, 0xae, 0xae, 0x00, 0x00, 0x00,
    0x00, 0x2f, 0x21, 0xd9, 0x00, 0xae, 0xae, 0x03,
    0x55, 0x55, 0x55, 0x7f, 0x85, 0x76, 0x50, 0xae,
    0xae, 0x09, 0xff, 0xff, 0xff, 0xff, 0xff, 0xff,
    0xe0, 0xae, 0xae, 0x00, 0x00, 0x00, 0x00, 0x0f,
    0x60, 0x00, 0x00, 0xae, 0xae, 0x00, 0x33, 0x33,
    0x32, 0x0d, 0x70, 0x29, 0x00, 0xae, 0xae, 0x00,
    0xfd, 0xdd, 0xe9, 0x0b, 0x90, 0x7d, 0x00, 0xae,
    0xae, 0x00, 0xf2, 0x00, 0x89, 0x09, 0xb0, 0xc8,
    0x00, 0xae, 0xae, 0x00, 0xf2, 0x00, 0x89, 0x06,
    0xe4, 0xf2, 0x00, 0xae, 0xae, 0x00, 0xfd, 0xcc,
    0xe9, 0x03, 0xfc, 0xa0, 0x00, 0xae, 0xae, 0x00,
    0x44, 0x44, 0x42, 0x00, 0xff, 0x20, 0x00, 0xae,
    0xae, 0x00, 0x00, 0x00, 0x03, 0x01, 0xeb, 0x00,
    0xa3, 0xae, 0xae, 0x02, 0x58, 0xad, 0xff, 0x1b,
    0xfe, 0x00, 0xd3, 0xae, 0xae, 0x0c, 0xfe, 0xb8,
    0x52, 0x9f, 0x4f, 0x91, 0xf1, 0xae, 0xae, 0x02,
    0x10, 0x00, 0x0a, 0xf6, 0x05, 0xff, 0xb0, 0xae,
    0xae, 0x00, 0x00, 0x00, 0x1d, 0x50, 0x00, 0x48,
    0x10, 0xae, 0xae, 0x00, 0x00, 0x00, 0x00, 0x00,
    0x00, 0x47, 0x77, 0xec, 0xae, 0x00, 0x00, 0x00,
    0x00, 0x00, 0x00, 0x5f, 0xff, 0xc4,

    /* U+9650 "限" */
    0x11, 0x11, 0x12, 0x00, 0x00, 0x00, 0x00, 0x00,
    0x00, 0x00, 0x0e, 0xff, 0xff, 0xfe, 0x09, 0xff,
    0xff, 0xff, 0xff, 0xfe, 0x00, 0xea, 0x55, 0x5e,
    0xb0, 0x9f, 0x66, 0x66, 0x66, 0x6c, 0xe0, 0x0e,
    0x80, 0x02, 0xf5, 0x09, 0xf0, 0x00, 0x00, 0x00,
    0x9e, 0x00, 0xe8, 0x00, 0x8e, 0x00, 0x9f, 0x00,
    0x00, 0x00, 0x09, 0xe0, 0x0e, 0x80, 0x0d, 0x80,
    0x09, 0xf6, 0x66, 0x66, 0x66, 0xce, 0x00, 0xe8,
    0x04, 0xf2, 0x00, 0x9f, 0xff, 0xff, 0xff, 0xff,
    0xe0, 0x0e, 0x80, 0xad, 0x00, 0x09, 0xf0, 0x00,
    0x00, 0x00, 0x9e, 0x00, 0xe8, 0x05, 0xf4, 0x00,
    0x9f, 0x00, 0x00, 0x00, 0x09, 0xe0, 0x0e, 0x80,
    0x09, 0xe0, 0x09, 0xf0, 0x00, 0x00, 0x00, 0xae,
    0x00, 0xe8, 0x00, 0x1f, 0x60, 0x9f, 0xff, 0xff,
    0xff, 0xff, 0xe0, 0x0e, 0x80, 0x00, 0xbb, 0x09,
    0xf6, 0x6a, 0xf6, 0x66, 0x66, 0x00, 0xe8, 0x00,
    0x09, 0xe0, 0x9f, 0x00, 0x2f, 0x50, 0x00, 0x16,
    0x0e, 0x80, 0x00, 0xad, 0x09, 0xf0, 0x00, 0xdb,
    0x00, 0x4e, 0xe2, 0xe8, 0x14, 0x5f, 0xa0, 0x9f,
    0x00, 0x08, 0xf2, 0x8f, 0xc2, 0x0e, 0x81, 0xff,
    0xd2, 0x09, 0xf0, 0x00, 0x1f, 0xff, 0x70, 0x00,
    0xe8, 0x02, 0x20, 0x00, 0x9f, 0x00, 0x00, 0x8f,
    0x60, 0x00, 0x0e, 0x80, 0x00, 0x00, 0x09, 0xf0,
    0x00, 0x00, 0xee, 0x20, 0x00, 0xe8, 0x00, 0x00,
    0x00, 0x9f, 0x00, 0x03, 0x23, 0xfe, 0x10, 0x0e,
    0x80, 0x00, 0x00, 0x0b, 0xf7, 0xbf, 0xf7, 0x05,
    0xff, 0x70, 0xe8, 0x00, 0x00, 0x03, 0xff, 0xfe,
    0x95, 0x00, 0x04, 0xef, 0xae, 0x80, 0x00, 0x00,
    0x0c, 0x72, 0x00, 0x00, 0x00, 0x01, 0x92,

    /* U+9762 "面" */
    0x27, 0x77, 0x77, 0x77, 0x77, 0x77, 0x77, 0x77,
    0x77, 0x77, 0x76, 0x5f, 0xff, 0xff, 0xff, 0xff,
    0xff, 0xff, 0xff, 0xff, 0xff, 0xfd, 0x00, 0x00,
    0x00, 0x00, 0x02, 0xfb, 0x00, 0x00, 0x00, 0x00,
    0x00, 0x00, 0x00, 0x00, 0x00, 0x05, 0xf6, 0x00,
    0x00, 0x00, 0x00, 0x00, 0x00, 0x00, 0x00, 0x00,
    0x09, 0xf1, 0x00, 0x00, 0x00, 0x00, 0x00, 0x03,
    0xff, 0xff, 0xff, 0xff, 0xff, 0xff, 0xff, 0xff,
    0xff, 0xa0, 0x03, 0xfb, 0x88, 0x9f, 0xc8, 0x88,
    0x8a, 0xfa, 0x88, 0x8f, 0xa0, 0x03, 0xf4, 0x00,
    0x0f, 0x60, 0x00, 0x03, 0xf3, 0x00, 0x0f, 0xa0,
    0x03, 0xf4, 0x00, 0x0f, 0x60, 0x00, 0x03, 0xf3,
    0x00, 0x0f, 0xa0, 0x03, 0xf4, 0x00, 0x0f, 0xa6,
    0x66, 0x68, 0xf3, 0x00, 0x0f, 0xa0, 0x03, 0xf4,
    0x00, 0x0f, 0xff, 0xff, 0xff, 0xf3, 0x00, 0x0f,
    0xa0, 0x03, 0xf4, 0x00, 0x0f, 0x60, 0x00, 0x03,
    0xf3, 0x00, 0x0f, 0xa0, 0x03, 0xf4, 0x00, 0x0f,
    0x60, 0x00, 0x03, 0xf3, 0x00, 0x0f, 0xa0, 0x03,
    0xf4, 0x00, 0x0f, 0x93, 0x33, 0x36, 0xf3, 0x00,
    0x0f, 0xa0, 0x03, 0xf4, 0x00, 0x0f, 0xff, 0xff,
    0xff, 0xf3, 0x00, 0x0f, 0xa0, 0x03, 0xf4, 0x00,
    0x0f, 0x71, 0x11, 0x15, 0xf3, 0x00, 0x0f, 0xa0,
    0x03, 0xf4, 0x00, 0x0f, 0x60, 0x00, 0x03, 0xf3,
    0x00, 0x0f, 0xa0, 0x03, 0xf4, 0x00, 0x0f, 0x60,
    0x00, 0x03, 0xf3, 0x00, 0x0f, 0xa0, 0x03, 0xff,
    0xff, 0xff, 0xff, 0xff, 0xff, 0xff, 0xff, 0xff,
    0xa0, 0x03, 0xfb, 0x88, 0x88, 0x88, 0x88, 0x88,
    0x88, 0x88, 0x8f, 0xa0, 0x03, 0xf4, 0x00, 0x00,
    0x00, 0x00, 0x00, 0x00, 0x00, 0x0f, 0xa0,

    /* U+9875 "页" */
    0x1f, 0xff, 0xff, 0xff, 0xff, 0xff, 0xff, 0xff,
    0xff, 0xff, 0xf8, 0x08, 0x88, 0x88, 0x88, 0x89,
    0xfe, 0x88, 0x88, 0x88, 0x88, 0x84, 0x00, 0x00,
    0x00, 0x00, 0x04, 0xf8, 0x00, 0x00, 0x00, 0x00,
    0x00, 0x00, 0x00, 0x00, 0x00, 0x0a, 0xf1, 0x00,
    0x00, 0x00, 0x00, 0x00, 0x00, 0x02, 0x33, 0x33,
    0x4f, 0xb3, 0x33, 0x33, 0x33, 0x30, 0x00, 0x00,
    0x0a, 0xff, 0xff, 0xff, 0xff, 0xff, 0xff, 0xff,
    0xf2, 0x00, 0x00, 0x0a, 0xf3, 0x33, 0x33, 0x33,
    0x33, 0x33, 0x3a, 0xf2, 0x00, 0x00, 0x0a, 0xf0,
    0x00, 0x00, 0x12, 0x00, 0x00, 0x08, 0xf2, 0x00,
    0x00, 0x0a, 0xf0, 0x00, 0x00, 0xaf, 0x00, 0x00,
    0x08, 0xf2, 0x00, 0x00, 0x0a, 0xf0, 0x00, 0x00,
    0xaf, 0x00, 0x00, 0x08, 0xf2, 0x00, 0x00, 0x0a,
    0xf0, 0x00, 0x00, 0xaf, 0x00, 0x00, 0x08, 0xf2,
    0x00, 0x00, 0x0a, 0xf0, 0x00, 0x00, 0xaf, 0x00,
    0x00, 0x08, 0xf2, 0x00, 0x00, 0x0a, 0xf0, 0x00,
    0x00, 0xbf, 0x00, 0x00, 0x08, 0xf2, 0x00, 0x00,
    0x0a, 0xf0, 0x00, 0x00, 0xdd, 0x00, 0x00, 0x08,
    0xf2, 0x00, 0x00, 0x0a, 0xf0, 0x00, 0x01, 0xfa,
    0x00, 0x00, 0x08, 0xf2, 0x00, 0x00, 0x0a, 0xf0,
    0x00, 0x0a, 0xf4, 0x29, 0x20, 0x08, 0xe2, 0x00,
    0x00, 0x00, 0x00, 0x00, 0xaf, 0x90, 0x5e, 0xfa,
    0x20, 0x00, 0x00, 0x00, 0x00, 0x00, 0x5d, 0xf9,
    0x00, 0x00, 0x7e, 0xfa, 0x20, 0x00, 0x00, 0x03,
    0x8e, 0xfd, 0x40, 0x00, 0x00, 0x00, 0x8f, 0xf8,
    0x00, 0x3b, 0xef, 0xfa, 0x40, 0x00, 0x00, 0x00,
    0x00, 0x01, 0xaf, 0xd2, 0x1b, 0x94, 0x00, 0x00,
    0x00, 0x00, 0x00, 0x00, 0x00, 0x05, 0xa0,

    /* U+9876 "顶" */
    0x00, 0x00, 0x00, 0x00, 0x01, 0x22, 0x22, 0x22,
    0x22, 0x22, 0x22, 0x06, 0x77, 0x77, 0x77, 0x77,
    0x8f, 0xff, 0xff, 0xff, 0xff, 0xff, 0xf0, 0xdf,
    0xff, 0xff, 0xff, 0xf2, 0x44, 0x44, 0x9f, 0x84,
    0x44, 0x44, 0x00, 0x00, 0x0e, 0xb0, 0x00, 0x00,
    0x00, 0x0a, 0xf0, 0x00, 0x00, 0x00, 0x00, 0x00,
    0xea, 0x00, 0x00, 0x00, 0x00, 0xea, 0x00, 0x00,
    0x00, 0x00, 0x00, 0x0e, 0xa0, 0x00, 0x07, 0xff,
    0xff, 0xff, 0xff, 0xff, 0x00, 0x00, 0x00, 0xea,
    0x00, 0x00, 0x7f, 0x77, 0x77, 0x77, 0x7b, 0xf0,
    0x00, 0x00, 0x0e, 0xa0, 0x00, 0x07, 0xf0, 0x00,
    0x00, 0x00, 0x7f, 0x00, 0x00, 0x00, 0xea, 0x00,
    0x00, 0x7f, 0x00, 0x0f, 0x80, 0x07, 0xf0, 0x00,
    0x00, 0x0e, 0xa0, 0x00, 0x07, 0xf0, 0x00, 0xf8,
    0x00, 0x7f, 0x00, 0x00, 0x00, 0xea, 0x00, 0x00,
    0x7f, 0x00, 0x0f, 0x80, 0x07, 0xf0, 0x00, 0x00,
    0x0e, 0xa0, 0x00, 0x07, 0xf0, 0x00, 0xf8, 0x00,
    0x7f, 0x00, 0x00, 0x00, 0xea, 0x00, 0x00, 0x7f,
    0x00, 0x0f, 0x80, 0x07, 0xf0, 0x00, 0x00, 0x0e,
    0xa0, 0x00, 0x07, 0xf0, 0x01, 0xf8, 0x00, 0x7f,
    0x00, 0x00, 0x00, 0xea, 0x00, 0x00, 0x7f, 0x00,
    0x2f, 0x60, 0x07, 0xf0, 0x00, 0x00, 0x0e, 0xa0,
    0x00, 0x07, 0xf0, 0x06, 0xf3, 0x00, 0x7f, 0x00,
    0x00, 0x00, 0xea, 0x00, 0x00, 0x13, 0x00, 0xcd,
    0x01, 0x01, 0x30, 0x00, 0x00, 0x0e, 0xa0, 0x00,
    0x00, 0x00, 0x5f, 0x6b, 0xe3, 0x00, 0x00, 0x00,
    0x00, 0xea, 0x00, 0x00, 0x00, 0x5f, 0xb0, 0x3d,
    0xf8, 0x00, 0x05, 0x99, 0xaf, 0x80, 0x00, 0x02,
    0xaf, 0xb0, 0x00, 0x1b, 0xfb, 0x00, 0x3f, 0xfe,
    0xa1, 0x00, 0x1b, 0xff, 0x60, 0x00, 0x00, 0x08,
    0xfb, 0x00, 0x00, 0x00, 0x00, 0x00, 0x97, 0x10,
    0x00, 0x00, 0x00, 0x07, 0x50,

    /* U+9970 "饰" */
    0x00, 0x00, 0x00, 0x00, 0x00, 0x00, 0x00, 0x00,
    0x00, 0x00, 0x00, 0x00, 0x00, 0x7e, 0x00, 0x00,
    0x00, 0x09, 0xe0, 0x00, 0x00, 0x00, 0x00, 0x00,
    0x0b, 0xd0, 0x00, 0x00, 0x00, 0xeb, 0x00, 0x00,
    0x00, 0x00, 0x00, 0x00, 0xea, 0x00, 0x00, 0x00,
    0x4f, 0x60, 0x00, 0x00, 0x00, 0x00, 0x00, 0x2f,
    0xa4, 0x44, 0x51, 0x09, 0xff, 0xee, 0xee, 0xee,
    0xee, 0x70, 0x05, 0xff, 0xff, 0xff, 0x91, 0xfc,
    0x99, 0xdf, 0x99, 0x99, 0x95, 0x00, 0x9e, 0x11,
    0x16, 0xf3, 0xaf, 0x20, 0x0a, 0xe0, 0x00, 0x00,
    0x00, 0x0f, 0x90, 0x00, 0xad, 0x5f, 0x80, 0x00,
    0xae, 0x00, 0x00, 0x00, 0x05, 0xf3, 0x00, 0x1f,
    0x62, 0x90, 0x00, 0x0a, 0xe0, 0x00, 0x00, 0x00,
    0xdc, 0x08, 0x53, 0xc0, 0x00, 0x11, 0x11, 0xbe,
    0x11, 0x11, 0x10, 0x1d, 0x40, 0xe8, 0x00, 0x00,
    0x9f, 0xff, 0xff, 0xff, 0xff, 0xff, 0x00, 0x00,
    0x0e, 0x80, 0x00, 0x09, 0xf5, 0x55, 0xcf, 0x55,
    0x5b, 0xf0, 0x00, 0x00, 0xe8, 0x00, 0x00, 0x9e,
    0x00, 0x0a, 0xe0, 0x00, 0x8f, 0x00, 0x00, 0x0e,
    0x80, 0x00, 0x09, 0xe0, 0x00, 0xae, 0x00, 0x08,
    0xf0, 0x00, 0x00, 0xe8, 0x00, 0x00, 0x9e, 0x00,
    0x0a, 0xe0, 0x00, 0x8f, 0x00, 0x00, 0x0e, 0x80,
    0x00, 0x09, 0xe0, 0x00, 0xae, 0x00, 0x08, 0xf0,
    0x00, 0x00, 0xe8, 0x00, 0x00, 0x9e, 0x00, 0x0a,
    0xe0, 0x00, 0x8f, 0x00, 0x00, 0x0e, 0x80, 0x17,
    0x09, 0xe0, 0x00, 0xae, 0x01, 0x09, 0xf0, 0x00,
    0x00, 0xe8, 0x5e, 0xe0, 0x9e, 0x00, 0x0a, 0xe0,
    0xdf, 0xfc, 0x00, 0x00, 0x0f, 0xef, 0xb1, 0x05,
    0x70, 0x00, 0xae, 0x04, 0x65, 0x10, 0x00, 0x03,
    0xff, 0x80, 0x00, 0x00, 0x00, 0x0a, 0xe0, 0x00,
    0x00, 0x00, 0x00, 0xbf, 0x40, 0x00, 0x00, 0x00,
    0x00, 0xae, 0x00, 0x00, 0x00, 0x00, 0x03, 0x30,
    0x00, 0x00, 0x00, 0x00, 0x0a, 0xe0, 0x00, 0x00,
    0x00,

    /* U+9A8C "验" */
    0x00, 0x00, 0x00, 0x00, 0x00, 0x00, 0x00, 0x00,
    0x00, 0x00, 0x00, 0x00, 0x00, 0x00, 0x00, 0x00,
    0x00, 0x00, 0x00, 0x03, 0xe3, 0x00, 0x00, 0x00,
    0x05, 0xff, 0xff, 0xff, 0xd0, 0x00, 0x00, 0x0c,
    0xf1, 0x00, 0x00, 0x00, 0x02, 0x66, 0x66, 0x6c,
    0xc0, 0x00, 0x00, 0x5f, 0xeb, 0x00, 0x00, 0x00,
    0x00, 0x00, 0x00, 0x0a, 0xa0, 0x00, 0x01, 0xe8,
    0x2f, 0x80, 0x00, 0x00, 0x00, 0x5c, 0x00, 0x0c,
    0x90, 0x00, 0x0c, 0xc0, 0x04, 0xf6, 0x00, 0x00,
    0x00, 0x7e, 0x00, 0x0d, 0x80, 0x00, 0xbe, 0x10,
    0x00, 0x7f, 0x60, 0x00, 0x00, 0x8d, 0x00, 0x0e,
    0x60, 0x0b, 0xf4, 0x00, 0x00, 0x09, 0xf8, 0x00,
    0x00, 0x9c, 0x00, 0x0f, 0x52, 0xde, 0x47, 0x77,
    0x77, 0x77, 0x9f, 0xb1, 0x00, 0xba, 0x00, 0x2f,
    0x4a, 0xd2, 0x2f, 0xff, 0xff, 0xfe, 0x08, 0xe1,
    0x00, 0xc9, 0x00, 0x4f, 0x20, 0x10, 0x00, 0x00,
    0x00, 0x00, 0x00, 0x10, 0x00, 0xe7, 0x00, 0x5f,
    0x00, 0x00, 0x00, 0x02, 0x60, 0x00, 0x01, 0x00,
    0x00, 0xff, 0xff, 0xff, 0xfd, 0x08, 0xb0, 0x05,
    0xf0, 0x00, 0x4f, 0x30, 0x00, 0x66, 0x66, 0x66,
    0xcc, 0x05, 0xf1, 0x02, 0xf3, 0x00, 0xbd, 0x00,
    0x00, 0x00, 0x00, 0x00, 0xbb, 0x00, 0xf6, 0x00,
    0xe6, 0x01, 0xf6, 0x00, 0x00, 0x00, 0x00, 0x00,
    0xca, 0x00, 0xba, 0x00, 0xc9, 0x07, 0xf0, 0x00,
    0x00, 0x04, 0x8c, 0xf4, 0xd9, 0x00, 0x7e, 0x00,
    0xab, 0x0d, 0x80, 0x00, 0x1c, 0xff, 0xc8, 0x30,
    0xf7, 0x00, 0x3b, 0x00, 0x21, 0x5f, 0x10, 0x00,
    0x09, 0x51, 0x00, 0x01, 0xf5, 0x00, 0x00, 0x00,
    0x00, 0xc9, 0x00, 0x00, 0x00, 0x00, 0x00, 0x03,
    0xf3, 0x00, 0x00, 0x00, 0x05, 0xf1, 0x00, 0x00,
    0x00, 0x00, 0x00, 0x07, 0xf0, 0x8f, 0xff, 0xff,
    0xff, 0xff, 0xff, 0x90, 0x00, 0x03, 0x65, 0x6e,
    0xb0, 0x47, 0x77, 0x77, 0x77, 0x77, 0x77, 0x40,
    0x00, 0x03, 0xff, 0xfd, 0x20, 0x00, 0x00, 0x00,
    0x00, 0x00, 0x00, 0x00, 0x00, 0x00, 0x00, 0x00,
    0x00, 0x00, 0x00, 0x00, 0x00, 0x00, 0x00, 0x00,

    /* U+9AD8 "高" */
    0x00, 0x00, 0x00, 0x00, 0x00, 0x00, 0x00, 0x00,
    0x00, 0x00, 0x00, 0x00, 0x00, 0x00, 0x00, 0x05,
    0xf2, 0x00, 0x00, 0x00, 0x00, 0x00, 0x00, 0x00,
    0x00, 0x00, 0x02, 0xf8, 0x00, 0x00, 0x00, 0x00,
    0x00, 0x57, 0x77, 0x77, 0x77, 0x77, 0xfe, 0x77,
    0x77, 0x77, 0x77, 0x71, 0xbf, 0xff, 0xff, 0xff,
    0xff, 0xff, 0xff, 0xff, 0xff, 0xff, 0xf4, 0x00,
    0x00, 0x00, 0x00, 0x00, 0x00, 0x00, 0x00, 0x00,
    0x00, 0x00, 0x00, 0x00, 0xff, 0xff, 0xff, 0xff,
    0xff, 0xff, 0xfb, 0x00, 0x00, 0x00, 0x00, 0xfa,
    0x44, 0x44, 0x44, 0x44, 0x44, 0xec, 0x00, 0x00,
    0x00, 0x00, 0xf8, 0x00, 0x00, 0x00, 0x00, 0x00,
    0xdc, 0x00, 0x00, 0x00, 0x00, 0xfa, 0x22, 0x22,
    0x22, 0x22, 0x22, 0xec, 0x00, 0x00, 0x00, 0x00,
    0xff, 0xff, 0xff, 0xff, 0xff, 0xff, 0xfc, 0x00,
    0x00, 0x00, 0x00, 0x00, 0x00, 0x00, 0x00, 0x00,
    0x00, 0x00, 0x00, 0x00, 0x06, 0x66, 0x66, 0x66,
    0x66, 0x66, 0x66, 0x66, 0x66, 0x66, 0x30, 0x0d,
    0xff, 0xff, 0xff, 0xff, 0xff, 0xff, 0xff, 0xff,
    0xff, 0x70, 0x0d, 0xa0, 0x00, 0x00, 0x00, 0x00,
    0x00, 0x00, 0x00, 0x2f, 0x70, 0x0d, 0xa0, 0x05,
    0xdd, 0xdd, 0xdd, 0xdd, 0xd9, 0x00, 0x2f, 0x70,
    0x0d, 0xa0, 0x06, 0xf6, 0x55, 0x55, 0x55, 0xda,
    0x00, 0x2f, 0x70, 0x0d, 0xa0, 0x06, 0xf1, 0x00,
    0x00, 0x00, 0xca, 0x00, 0x2f, 0x70, 0x0d, 0xa0,
    0x06, 0xf1, 0x00, 0x00, 0x00, 0xca, 0x00, 0x2f,
    0x70, 0x0d, 0xa0, 0x06, 0xff, 0xff, 0xff, 0xff,
    0xfa, 0x00, 0x2f, 0x70, 0x0d, 0xa0, 0x06, 0xf4,
    0x33, 0x33, 0x33, 0x32, 0x00, 0x2f, 0x70, 0x0d,
    0xa0, 0x01, 0x30, 0x00, 0x00, 0x00, 0x00, 0x55,
    0x8f, 0x60, 0x0d, 0xa0, 0x00, 0x00, 0x00, 0x00,
    0x00, 0x00, 0x8d, 0xc9, 0x10,

    /* U+FF08 "（" */
    0x00, 0x00, 0x04, 0x10, 0x00, 0x04, 0xf9, 0x00,
    0x02, 0xec, 0x00, 0x00, 0xbe, 0x10, 0x00, 0x4f,
    0x60, 0x00, 0x0d, 0xd0, 0x00, 0x02, 0xf6, 0x00,
    0x00, 0x7f, 0x10, 0x00, 0x0c, 0xc0, 0x00, 0x00,
    0xea, 0x00, 0x00, 0x0f, 0x80, 0x00, 0x02, 0xf6,
    0x00, 0x00, 0x1f, 0x70, 0x00, 0x00, 0xf8, 0x00,
    0x00, 0x0e, 0xa0, 0x00, 0x00, 0xbd, 0x00, 0x00,
    0x06, 0xf3, 0x00, 0x00, 0x1f, 0x80, 0x00, 0x00,
    0xbe, 0x10, 0x00, 0x02, 0xf8, 0x00, 0x00, 0x09,
    0xf3, 0x00, 0x00, 0x0d, 0xe1, 0x00, 0x00, 0x2e,
    0x90, 0x00, 0x00, 0x10,

    /* U+FF09 "）" */
    0x14, 0x00, 0x00, 0x09, 0xf4, 0x00, 0x00, 0x0c,
    0xe2, 0x00, 0x00, 0x1e, 0xb0, 0x00, 0x00, 0x6f,
    0x40, 0x00, 0x00, 0xdd, 0x00, 0x00, 0x06, 0xf2,
    0x00, 0x00, 0x1f, 0x70, 0x00, 0x00, 0xcc, 0x00,
    0x00, 0x0a, 0xe0, 0x00, 0x00, 0x8f, 0x00, 0x00,
    0x06, 0xf2, 0x00, 0x00, 0x7f, 0x10, 0x00, 0x08,
    0xf0, 0x00, 0x00, 0xae, 0x00, 0x00, 0x0e, 0xb0,
    0x00, 0x03, 0xf6, 0x00, 0x00, 0x8f, 0x10, 0x00,
    0x1e, 0xb0, 0x00, 0x08, 0xf2, 0x00, 0x03, 0xf9,
    0x00, 0x01, 0xed, 0x00, 0x00, 0x9e, 0x20, 0x00,
    0x00, 0x10, 0x00, 0x00,

    /* U+FF0C "，" */
    0x00, 0x53, 0x00, 0xcf, 0xf3, 0x0e, 0xff, 0x90,
    0x5c, 0xf9, 0x00, 0x0f, 0x70, 0x06, 0xf2, 0x05,
    0xf8, 0x09, 0xf8, 0x00, 0x42, 0x00, 0x00,

    /* U+FF1A "：" */
    0x00, 0x00, 0x5f, 0xe4, 0xbf, 0xfa, 0x6f, 0xf5,
    0x01, 0x10, 0x00, 0x00, 0x00, 0x00, 0x00, 0x00,
    0x00, 0x00, 0x00, 0x00, 0x00, 0x00, 0x00, 0x00,
    0x02, 0x20, 0x7f, 0xf6, 0xbf, 0xfa, 0x4e, 0xd4,
    0x00, 0x00
};

/*---------------------
 *  GLYPH DESCRIPTION
 *--------------------*/

static const lv_font_fmt_txt_glyph_dsc_t glyph_dsc[] = {
    {.bitmap_index = 0, .adv_w = 0, .box_w = 0, .box_h = 0, .ofs_x = 0, .ofs_y = 0} /* id = 0 reserved */,
    {.bitmap_index = 0, .adv_w = 86, .box_w = 0, .box_h = 0, .ofs_x = 0, .ofs_y = 0},
    {.bitmap_index = 0, .adv_w = 121, .box_w = 4, .box_h = 17, .ofs_x = 2, .ofs_y = 0},
    {.bitmap_index = 34, .adv_w = 175, .box_w = 7, .box_h = 7, .ofs_x = 2, .ofs_y = 11},
    {.bitmap_index = 59, .adv_w = 211, .box_w = 13, .box_h = 17, .ofs_x = 0, .ofs_y = 0},
    {.bitmap_index = 170, .adv_w = 211, .box_w = 11, .box_h = 23, .ofs_x = 1, .ofs_y = -3},
    {.bitmap_index = 297, .adv_w = 351, .box_w = 21, .box_h = 17, .ofs_x = 0, .ofs_y = 0},
    {.bitmap_index = 476, .adv_w = 257, .box_w = 16, .box_h = 17, .ofs_x = 0, .ofs_y = 0},
    {.bitmap_index = 612, .adv_w = 103, .box_w = 3, .box_h = 7, .ofs_x = 2, .ofs_y = 11},
    {.bitmap_index = 623, .adv_w = 127, .box_w = 5, .box_h = 25, .ofs_x = 2, .ofs_y = -5},
    {.bitmap_index = 686, .adv_w = 127, .box_w = 6, .box_h = 25, .ofs_x = 0, .ofs_y = -5},
    {.bitmap_index = 761, .adv_w = 177, .box_w = 9, .box_h = 8, .ofs_x = 1, .ofs_y = 10},
    {.bitmap_index = 797, .adv_w = 211, .box_w = 13, .box_h = 12, .ofs_x = 0, .ofs_y = 3},
    {.bitmap_index = 875, .adv_w = 103, .box_w = 5, .box_h = 8, .ofs_x = 1, .ofs_y = -5},
    {.bitmap_index = 895, .adv_w = 132, .box_w = 7, .box_h = 2, .ofs_x = 1, .ofs_y = 6},
    {.bitmap_index = 902, .adv_w = 103, .box_w = 4, .box_h = 4, .ofs_x = 1, .ofs_y = 0},
    {.bitmap_index = 910, .adv_w = 151, .box_w = 10, .box_h = 23, .ofs_x = 0, .ofs_y = -5},
    {.bitmap_index = 1025, .adv_w = 211, .box_w = 11, .box_h = 17, .ofs_x = 1, .ofs_y = 0},
    {.bitmap_index = 1119, .adv_w = 211, .box_w = 10, .box_h = 17, .ofs_x = 2, .ofs_y = 0},
    {.bitmap_index = 1204, .adv_w = 211, .box_w = 12, .box_h = 17, .ofs_x = 0, .ofs_y = 0},
    {.bitmap_index = 1306, .adv_w = 211, .box_w = 12, .box_h = 17, .ofs_x = 0, .ofs_y = 0},
    {.bitmap_index = 1408, .adv_w = 211, .box_w = 13, .box_h = 17, .ofs_x = 0, .ofs_y = 0},
    {.bitmap_index = 1519, .adv_w = 211, .box_w = 12, .box_h = 17, .ofs_x = 0, .ofs_y = 0},
    {.bitmap_index = 1621, .adv_w = 211, .box_w = 12, .box_h = 17, .ofs_x = 1, .ofs_y = 0},
    {.bitmap_index = 1723, .adv_w = 211, .box_w = 12, .box_h = 17, .ofs_x = 1, .ofs_y = 0},
    {.bitmap_index = 1825, .adv_w = 211, .box_w = 12, .box_h = 17, .ofs_x = 1, .ofs_y = 0},
    {.bitmap_index = 1927, .adv_w = 211, .box_w = 11, .box_h = 17, .ofs_x = 1, .ofs_y = 0},
    {.bitmap_index = 2021, .adv_w = 103, .box_w = 4, .box_h = 13, .ofs_x = 1, .ofs_y = 0},
    {.bitmap_index = 2047, .adv_w = 103, .box_w = 5, .box_h = 18, .ofs_x = 1, .ofs_y = -5},
    {.bitmap_index = 2092, .adv_w = 211, .box_w = 13, .box_h = 11, .ofs_x = 0, .ofs_y = 3},
    {.bitmap_index = 2164, .adv_w = 211, .box_w = 13, .box_h = 9, .ofs_x = 0, .ofs_y = 4},
    {.bitmap_index = 2223, .adv_w = 211, .box_w = 13, .box_h = 11, .ofs_x = 0, .ofs_y = 3},
    {.bitmap_index = 2295, .adv_w = 179, .box_w = 9, .box_h = 17, .ofs_x = 1, .ofs_y = 0},
    {.bitmap_index = 2372, .adv_w = 359, .box_w = 21, .box_h = 22, .ofs_x = 1, .ofs_y = -5},
    {.bitmap_index = 2603, .adv_w = 231, .box_w = 15, .box_h = 17, .ofs_x = 0, .ofs_y = 0},
    {.bitmap_index = 2731, .adv_w = 250, .box_w = 13, .box_h = 17, .ofs_x = 2, .ofs_y = 0},
    {.bitmap_index = 2842, .adv_w = 243, .box_w = 14, .box_h = 17, .ofs_x = 1, .ofs_y = 0},
    {.bitmap_index = 2961, .adv_w = 262, .box_w = 13, .box_h = 17, .ofs_x = 2, .ofs_y = 0},
    {.bitmap_index = 3072, .adv_w = 224, .box_w = 11, .box_h = 17, .ofs_x = 2, .ofs_y = 0},
    {.bitmap_index = 3166, .adv_w = 210, .box_w = 11, .box_h = 17, .ofs_x = 2, .ofs_y = 0},
    {.bitmap_index = 3260, .adv_w = 263, .box_w = 14, .box_h = 17, .ofs_x = 1, .ofs_y = 0},
    {.bitmap_index = 3379, .adv_w = 277, .box_w = 13, .box_h = 17, .ofs_x = 2, .ofs_y = 0},
    {.bitmap_index = 3490, .adv_w = 110, .box_w = 3, .box_h = 17, .ofs_x = 2, .ofs_y = 0},
    {.bitmap_index = 3516, .adv_w = 204, .box_w = 11, .box_h = 17, .ofs_x = 0, .ofs_y = 0},
    {.bitmap_index = 3610, .adv_w = 245, .box_w = 14, .box_h = 17, .ofs_x = 2, .ofs_y = 0},
    {.bitmap_index = 3729, .adv_w = 206, .box_w = 11, .box_h = 17, .ofs_x = 2, .ofs_y = 0},
    {.bitmap_index = 3823, .adv_w = 309, .box_w = 15, .box_h = 17, .ofs_x = 2, .ofs_y = 0},
    {.bitmap_index = 3951, .adv_w = 276, .box_w = 13, .box_h = 17, .ofs_x = 2, .ofs_y = 0},
    {.bitmap_index = 4062, .adv_w = 283, .box_w = 16, .box_h = 17, .ofs_x = 1, .ofs_y = 0},
    {.bitmap_index = 4198, .adv_w = 240, .box_w = 12, .box_h = 17, .ofs_x = 2, .ofs_y = 0},
    {.bitmap_index = 4300, .adv_w = 283, .box_w = 16, .box_h = 22, .ofs_x = 1, .ofs_y = -5},
    {.bitmap_index = 4476, .adv_w = 241, .box_w = 13, .box_h = 17, .ofs_x = 2, .ofs_y = 0},
    {.bitmap_index = 4587, .adv_w = 227, .box_w = 13, .box_h = 17, .ofs_x = 1, .ofs_y = 0},
    {.bitmap_index = 4698, .adv_w = 228, .box_w = 14, .box_h = 17, .ofs_x = 0, .ofs_y = 0},
    {.bitmap_index = 4817, .adv_w = 275, .box_w = 13, .box_h = 17, .ofs_x = 2, .ofs_y = 0},
    {.bitmap_index = 4928, .adv_w = 218, .box_w = 14, .box_h = 17, .ofs_x = 0, .ofs_y = 0},
    {.bitmap_index = 5047, .adv_w = 335, .box_w = 21, .box_h = 17, .ofs_x = 0, .ofs_y = 0},
    {.bitmap_index = 5226, .adv_w = 216, .box_w = 14, .box_h = 17, .ofs_x = 0, .ofs_y = 0},
    {.bitmap_index = 5345, .adv_w = 200, .box_w = 13, .box_h = 17, .ofs_x = 0, .ofs_y = 0},
    {.bitmap_index = 5456, .adv_w = 231, .box_w = 13, .box_h = 17, .ofs_x = 1, .ofs_y = 0},
    {.bitmap_index = 5567, .adv_w = 127, .box_w = 6, .box_h = 23, .ofs_x = 2, .ofs_y = -5},
    {.bitmap_index = 5636, .adv_w = 151, .box_w = 10, .box_h = 23, .ofs_x = 0, .ofs_y = -5},
    {.bitmap_index = 5751, .adv_w = 127, .box_w = 6, .box_h = 23, .ofs_x = 0, .ofs_y = -5},
    {.bitmap_index = 5820, .adv_w = 211, .box_w = 11, .box_h = 10, .ofs_x = 1, .ofs_y = 7},
    {.bitmap_index = 5875, .adv_w = 214, .box_w = 14, .box_h = 3, .ofs_x = 0, .ofs_y = -4},
    {.bitmap_index = 5896, .adv_w = 231, .box_w = 6, .box_h = 6, .ofs_x = 3, .ofs_y = 15},
    {.bitmap_index = 5914, .adv_w = 214, .box_w = 11, .box_h = 13, .ofs_x = 1, .ofs_y = 0},
    {.bitmap_index = 5986, .adv_w = 236, .box_w = 12, .box_h = 18, .ofs_x = 2, .ofs_y = 0},
    {.bitmap_index = 6094, .adv_w = 194, .box_w = 11, .box_h = 13, .ofs_x = 1, .ofs_y = 0},
    {.bitmap_index = 6166, .adv_w = 236, .box_w = 12, .box_h = 18, .ofs_x = 1, .ofs_y = 0},
    {.bitmap_index = 6274, .adv_w = 211, .box_w = 12, .box_h = 13, .ofs_x = 1, .ofs_y = 0},
    {.bitmap_index = 6352, .adv_w = 122, .box_w = 9, .box_h = 19, .ofs_x = 0, .ofs_y = 0},
    {.bitmap_index = 6438, .adv_w = 214, .box_w = 13, .box_h = 18, .ofs_x = 1, .ofs_y = -5},
    {.bitmap_index = 6555, .adv_w = 231, .box_w = 11, .box_h = 18, .ofs_x = 2, .ofs_y = 0},
    {.bitmap_index = 6654, .adv_w = 103, .box_w = 4, .box_h = 18, .ofs_x = 1, .ofs_y = 0},
    {.bitmap_index = 6690, .adv_w = 104, .box_w = 7, .box_h = 23, .ofs_x = -2, .ofs_y = -5},
    {.bitmap_index = 6771, .adv_w = 208, .box_w = 11, .box_h = 18, .ofs_x = 2, .ofs_y = 0},
    {.bitmap_index = 6870, .adv_w = 107, .box_w = 4, .box_h = 18, .ofs_x = 2, .ofs_y = 0},
    {.bitmap_index = 6906, .adv_w = 353, .box_w = 18, .box_h = 13, .ofs_x = 2, .ofs_y = 0},
    {.bitmap_index = 7023, .adv_w = 232, .box_w = 11, .box_h = 13, .ofs_x = 2, .ofs_y = 0},
    {.bitmap_index = 7095, .adv_w = 231, .box_w = 13, .box_h = 13, .ofs_x = 1, .ofs_y = 0},
    {.bitmap_index = 7180, .adv_w = 236, .box_w = 12, .box_h = 18, .ofs_x = 2, .ofs_y = -5},
    {.bitmap_index = 7288, .adv_w = 236, .box_w = 12, .box_h = 18, .ofs_x = 1, .ofs_y = -5},
    {.bitmap_index = 7396, .adv_w = 146, .box_w = 8, .box_h = 13, .ofs_x = 2, .ofs_y = 0},
    {.bitmap_index = 7448, .adv_w = 178, .box_w = 11, .box_h = 13, .ofs_x = 0, .ofs_y = 0},
    {.bitmap_index = 7520, .adv_w = 142, .box_w = 9, .box_h = 17, .ofs_x = 0, .ofs_y = 0},
    {.bitmap_index = 7597, .adv_w = 231, .box_w = 11, .box_h = 13, .ofs_x = 2, .ofs_y = 0},
    {.bitmap_index = 7669, .adv_w = 196, .box_w = 12, .box_h = 13, .ofs_x = 0, .ofs_y = 0},
    {.bitmap_index = 7747, .adv_w = 304, .box_w = 19, .box_h = 13, .ofs_x = 0, .ofs_y = 0},
    {.bitmap_index = 7871, .adv_w = 187, .box_w = 12, .box_h = 13, .ofs_x = 0, .ofs_y = 0},
    {.bitmap_index = 7949, .adv_w = 197, .box_w = 12, .box_h = 18, .ofs_x = 0, .ofs_y = -5},
    {.bitmap_index = 8057, .adv_w = 180, .box_w = 11, .box_h = 13, .ofs_x = 0, .ofs_y = 0},
    {.bitmap_index = 8129, .adv_w = 127, .box_w = 8, .box_h = 23, .ofs_x = 0, .ofs_y = -5},
    {.bitmap_index = 8221, .adv_w = 102, .box_w = 2, .box_h = 26, .ofs_x = 2, .ofs_y = -7},
    {.bitmap_index = 8247, .adv_w = 127, .box_w = 8, .box_h = 23, .ofs_x = 0, .ofs_y = -5},
    {.bitmap_index = 8339, .adv_w = 211, .box_w = 12, .box_h = 5, .ofs_x = 1, .ofs_y = 6},
    {.bitmap_index = 8369, .adv_w = 140, .box_w = 7, .box_h = 7, .ofs_x = 1, .ofs_y = 10},
    {.bitmap_index = 8394, .adv_w = 384, .box_w = 6, .box_h = 5, .ofs_x = 9, .ofs_y = 7},
    {.bitmap_index = 8409, .adv_w = 205, .box_w = 11, .box_h = 3, .ofs_x = 1, .ofs_y = 5},
    {.bitmap_index = 8426, .adv_w = 343, .box_w = 20, .box_h = 3, .ofs_x = 1, .ofs_y = 5},
    {.bitmap_index = 8456, .adv_w = 384, .box_w = 22, .box_h = 20, .ofs_x = 1, .ofs_y = -1},
    {.bitmap_index = 8676, .adv_w = 211, .box_w = 13, .box_h = 2, .ofs_x = 0, .ofs_y = 8},
    {.bitmap_index = 8689, .adv_w = 384, .box_w = 24, .box_h = 20, .ofs_x = 0, .ofs_y = 0},
    {.bitmap_index = 8929, .adv_w = 384, .box_w = 24, .box_h = 20, .ofs_x = 0, .ofs_y = -2},
    {.bitmap_index = 9169, .adv_w = 384, .box_w = 22, .box_h = 22, .ofs_x = 1, .ofs_y = -2},
    {.bitmap_index = 9411, .adv_w = 384, .box_w = 23, .box_h = 3, .ofs_x = 1, .ofs_y = 8},
    {.bitmap_index = 9446, .adv_w = 384, .box_w = 22, .box_h = 21, .ofs_x = 1, .ofs_y = -1},
    {.bitmap_index = 9677, .adv_w = 384, .box_w = 22, .box_h = 21, .ofs_x = 1, .ofs_y = -2},
    {.bitmap_index = 9908, .adv_w = 384, .box_w = 21, .box_h = 23, .ofs_x = 1, .ofs_y = -3},
    {.bitmap_index = 10150, .adv_w = 384, .box_w = 22, .box_h = 21, .ofs_x = 1, .ofs_y = -2},
    {.bitmap_index = 10381, .adv_w = 384, .box_w = 24, .box_h = 22, .ofs_x = 0, .ofs_y = -2},
    {.bitmap_index = 10645, .adv_w = 384, .box_w = 20, .box_h = 22, .ofs_x = 2, .ofs_y = -2},
    {.bitmap_index = 10865, .adv_w = 384, .box_w = 20, .box_h = 22, .ofs_x = 2, .ofs_y = -2},
    {.bitmap_index = 11085, .adv_w = 384, .box_w = 22, .box_h = 17, .ofs_x = 1, .ofs_y = 0},
    {.bitmap_index = 11272, .adv_w = 384, .box_w = 22, .box_h = 24, .ofs_x = 1, .ofs_y = -3},
    {.bitmap_index = 11536, .adv_w = 384, .box_w = 24, .box_h = 23, .ofs_x = 0, .ofs_y = -3},
    {.bitmap_index = 11812, .adv_w = 384, .box_w = 23, .box_h = 24, .ofs_x = 0, .ofs_y = -3},
    {.bitmap_index = 12088, .adv_w = 384, .box_w = 23, .box_h = 23, .ofs_x = 0, .ofs_y = -2},
    {.bitmap_index = 12353, .adv_w = 384, .box_w = 24, .box_h = 24, .ofs_x = 0, .ofs_y = -3},
    {.bitmap_index = 12641, .adv_w = 384, .box_w = 24, .box_h = 22, .ofs_x = 0, .ofs_y = -2},
    {.bitmap_index = 12905, .adv_w = 384, .box_w = 24, .box_h = 23, .ofs_x = 0, .ofs_y = -2},
    {.bitmap_index = 13181, .adv_w = 384, .box_w = 24, .box_h = 23, .ofs_x = 0, .ofs_y = -2},
    {.bitmap_index = 13457, .adv_w = 384, .box_w = 23, .box_h = 24, .ofs_x = 0, .ofs_y = -3},
    {.bitmap_index = 13733, .adv_w = 384, .box_w = 24, .box_h = 23, .ofs_x = 0, .ofs_y = -2},
    {.bitmap_index = 14009, .adv_w = 384, .box_w = 23, .box_h = 22, .ofs_x = 0, .ofs_y = -2},
    {.bitmap_index = 14262, .adv_w = 384, .box_w = 23, .box_h = 24, .ofs_x = 1, .ofs_y = -3},
    {.bitmap_index = 14538, .adv_w = 384, .box_w = 23, .box_h = 22, .ofs_x = 1, .ofs_y = -2},
    {.bitmap_index = 14791, .adv_w = 384, .box_w = 22, .box_h = 22, .ofs_x = 1, .ofs_y = -3},
    {.bitmap_index = 15033, .adv_w = 384, .box_w = 22, .box_h = 23, .ofs_x = 1, .ofs_y = -2},
    {.bitmap_index = 15286, .adv_w = 384, .box_w = 24, .box_h = 24, .ofs_x = 0, .ofs_y = -3},
    {.bitmap_index = 15574, .adv_w = 384, .box_w = 20, .box_h = 22, .ofs_x = 2, .ofs_y = -2},
    {.bitmap_index = 15794, .adv_w = 384, .box_w = 22, .box_h = 23, .ofs_x = 0, .ofs_y = -2},
    {.bitmap_index = 16047, .adv_w = 384, .box_w = 21, .box_h = 23, .ofs_x = 1, .ofs_y = -3},
    {.bitmap_index = 16289, .adv_w = 384, .box_w = 22, .box_h = 24, .ofs_x = 1, .ofs_y = -3},
    {.bitmap_index = 16553, .adv_w = 384, .box_w = 22, .box_h = 23, .ofs_x = 0, .ofs_y = -3},
    {.bitmap_index = 16806, .adv_w = 384, .box_w = 23, .box_h = 23, .ofs_x = 0, .ofs_y = -3},
    {.bitmap_index = 17071, .adv_w = 384, .box_w = 23, .box_h = 23, .ofs_x = 1, .ofs_y = -3},
    {.bitmap_index = 17336, .adv_w = 384, .box_w = 23, .box_h = 22, .ofs_x = 1, .ofs_y = -2},
    {.bitmap_index = 17589, .adv_w = 384, .box_w = 22, .box_h = 23, .ofs_x = 1, .ofs_y = -2},
    {.bitmap_index = 17842, .adv_w = 384, .box_w = 23, .box_h = 21, .ofs_x = 0, .ofs_y = -2},
    {.bitmap_index = 18084, .adv_w = 384, .box_w = 23, .box_h = 23, .ofs_x = 1, .ofs_y = -2},
    {.bitmap_index = 18349, .adv_w = 384, .box_w = 24, .box_h = 23, .ofs_x = 0, .ofs_y = -3},
    {.bitmap_index = 18625, .adv_w = 384, .box_w = 22, .box_h = 23, .ofs_x = 1, .ofs_y = -2},
    {.bitmap_index = 18878, .adv_w = 384, .box_w = 22, .box_h = 23, .ofs_x = 1, .ofs_y = -3},
    {.bitmap_index = 19131, .adv_w = 384, .box_w = 20, .box_h = 23, .ofs_x = 1, .ofs_y = -2},
    {.bitmap_index = 19361, .adv_w = 384, .box_w = 22, .box_h = 22, .ofs_x = 0, .ofs_y = -3},
    {.bitmap_index = 19603, .adv_w = 384, .box_w = 24, .box_h = 22, .ofs_x = 0, .ofs_y = -2},
    {.bitmap_index = 19867, .adv_w = 384, .box_w = 23, .box_h = 23, .ofs_x = 1, .ofs_y = -3},
    {.bitmap_index = 20132, .adv_w = 384, .box_w = 21, .box_h = 22, .ofs_x = 2, .ofs_y = -2},
    {.bitmap_index = 20363, .adv_w = 384, .box_w = 21, .box_h = 22, .ofs_x = 2, .ofs_y = -2},
    {.bitmap_index = 20594, .adv_w = 384, .box_w = 22, .box_h = 22, .ofs_x = 1, .ofs_y = -2},
    {.bitmap_index = 20836, .adv_w = 384, .box_w = 21, .box_h = 23, .ofs_x = 1, .ofs_y = -2},
    {.bitmap_index = 21078, .adv_w = 384, .box_w = 24, .box_h = 23, .ofs_x = 0, .ofs_y = -2},
    {.bitmap_index = 21354, .adv_w = 384, .box_w = 23, .box_h = 22, .ofs_x = 1, .ofs_y = -2},
    {.bitmap_index = 21607, .adv_w = 384, .box_w = 22, .box_h = 22, .ofs_x = 1, .ofs_y = -2},
    {.bitmap_index = 21849, .adv_w = 384, .box_w = 22, .box_h = 21, .ofs_x = 1, .ofs_y = -2},
    {.bitmap_index = 22080, .adv_w = 384, .box_w = 22, .box_h = 23, .ofs_x = 1, .ofs_y = -2},
    {.bitmap_index = 22333, .adv_w = 384, .box_w = 23, .box_h = 23, .ofs_x = 1, .ofs_y = -2},
    {.bitmap_index = 22598, .adv_w = 384, .box_w = 24, .box_h = 24, .ofs_x = 0, .ofs_y = -3},
    {.bitmap_index = 22886, .adv_w = 384, .box_w = 22, .box_h = 23, .ofs_x = 1, .ofs_y = -2},
    {.bitmap_index = 23139, .adv_w = 384, .box_w = 23, .box_h = 23, .ofs_x = 0, .ofs_y = -2},
    {.bitmap_index = 23404, .adv_w = 384, .box_w = 24, .box_h = 23, .ofs_x = 0, .ofs_y = -2},
    {.bitmap_index = 23680, .adv_w = 384, .box_w = 22, .box_h = 21, .ofs_x = 0, .ofs_y = -2},
    {.bitmap_index = 23911, .adv_w = 384, .box_w = 23, .box_h = 22, .ofs_x = 0, .ofs_y = -3},
    {.bitmap_index = 24164, .adv_w = 384, .box_w = 23, .box_h = 22, .ofs_x = 0, .ofs_y = -2},
    {.bitmap_index = 24417, .adv_w = 384, .box_w = 21, .box_h = 21, .ofs_x = 2, .ofs_y = -2},
    {.bitmap_index = 24638, .adv_w = 384, .box_w = 22, .box_h = 23, .ofs_x = 1, .ofs_y = -2},
    {.bitmap_index = 24891, .adv_w = 384, .box_w = 20, .box_h = 23, .ofs_x = 2, .ofs_y = -2},
    {.bitmap_index = 25121, .adv_w = 384, .box_w = 23, .box_h = 24, .ofs_x = 0, .ofs_y = -3},
    {.bitmap_index = 25397, .adv_w = 384, .box_w = 24, .box_h = 23, .ofs_x = 0, .ofs_y = -2},
    {.bitmap_index = 25673, .adv_w = 384, .box_w = 24, .box_h = 23, .ofs_x = 0, .ofs_y = -3},
    {.bitmap_index = 25949, .adv_w = 384, .box_w = 24, .box_h = 24, .ofs_x = 0, .ofs_y = -3},
    {.bitmap_index = 26237, .adv_w = 384, .box_w = 23, .box_h = 24, .ofs_x = 0, .ofs_y = -3},
    {.bitmap_index = 26513, .adv_w = 384, .box_w = 23, .box_h = 23, .ofs_x = 1, .ofs_y = -2},
    {.bitmap_index = 26778, .adv_w = 384, .box_w = 20, .box_h = 23, .ofs_x = 2, .ofs_y = -2},
    {.bitmap_index = 27008, .adv_w = 384, .box_w = 23, .box_h = 21, .ofs_x = 1, .ofs_y = -2},
    {.bitmap_index = 27250, .adv_w = 384, .box_w = 24, .box_h = 24, .ofs_x = 0, .ofs_y = -3},
    {.bitmap_index = 27538, .adv_w = 384, .box_w = 24, .box_h = 24, .ofs_x = 0, .ofs_y = -3},
    {.bitmap_index = 27826, .adv_w = 384, .box_w = 23, .box_h = 22, .ofs_x = 1, .ofs_y = -2},
    {.bitmap_index = 28079, .adv_w = 384, .box_w = 22, .box_h = 23, .ofs_x = 1, .ofs_y = -2},
    {.bitmap_index = 28332, .adv_w = 384, .box_w = 22, .box_h = 23, .ofs_x = 1, .ofs_y = -2},
    {.bitmap_index = 28585, .adv_w = 384, .box_w = 22, .box_h = 22, .ofs_x = 1, .ofs_y = -2},
    {.bitmap_index = 28827, .adv_w = 384, .box_w = 23, .box_h = 24, .ofs_x = 0, .ofs_y = -3},
    {.bitmap_index = 29103, .adv_w = 384, .box_w = 23, .box_h = 24, .ofs_x = 0, .ofs_y = -3},
    {.bitmap_index = 29379, .adv_w = 384, .box_w = 24, .box_h = 22, .ofs_x = 0, .ofs_y = -2},
    {.bitmap_index = 29643, .adv_w = 384, .box_w = 23, .box_h = 23, .ofs_x = 0, .ofs_y = -2},
    {.bitmap_index = 29908, .adv_w = 384, .box_w = 23, .box_h = 24, .ofs_x = 0, .ofs_y = -3},
    {.bitmap_index = 30184, .adv_w = 384, .box_w = 24, .box_h = 24, .ofs_x = 0, .ofs_y = -3},
    {.bitmap_index = 30472, .adv_w = 384, .box_w = 23, .box_h = 22, .ofs_x = 0, .ofs_y = -2},
    {.bitmap_index = 30725, .adv_w = 384, .box_w = 23, .box_h = 22, .ofs_x = 0, .ofs_y = -2},
    {.bitmap_index = 30978, .adv_w = 384, .box_w = 24, .box_h = 23, .ofs_x = 0, .ofs_y = -3},
    {.bitmap_index = 31254, .adv_w = 384, .box_w = 24, .box_h = 23, .ofs_x = 0, .ofs_y = -3},
    {.bitmap_index = 31530, .adv_w = 384, .box_w = 24, .box_h = 23, .ofs_x = 0, .ofs_y = -2},
    {.bitmap_index = 31806, .adv_w = 384, .box_w = 23, .box_h = 23, .ofs_x = 1, .ofs_y = -2},
    {.bitmap_index = 32071, .adv_w = 384, .box_w = 24, .box_h = 24, .ofs_x = 0, .ofs_y = -3},
    {.bitmap_index = 32359, .adv_w = 384, .box_w = 24, .box_h = 23, .ofs_x = 0, .ofs_y = -2},
    {.bitmap_index = 32635, .adv_w = 384, .box_w = 24, .box_h = 22, .ofs_x = 0, .ofs_y = -2},
    {.bitmap_index = 32899, .adv_w = 384, .box_w = 24, .box_h = 23, .ofs_x = 0, .ofs_y = -2},
    {.bitmap_index = 33175, .adv_w = 384, .box_w = 22, .box_h = 22, .ofs_x = 1, .ofs_y = -3},
    {.bitmap_index = 33417, .adv_w = 384, .box_w = 23, .box_h = 23, .ofs_x = 1, .ofs_y = -2},
    {.bitmap_index = 33682, .adv_w = 384, .box_w = 22, .box_h = 22, .ofs_x = 1, .ofs_y = -2},
    {.bitmap_index = 33924, .adv_w = 384, .box_w = 23, .box_h = 23, .ofs_x = 0, .ofs_y = -3},
    {.bitmap_index = 34189, .adv_w = 384, .box_w = 24, .box_h = 23, .ofs_x = 0, .ofs_y = -3},
    {.bitmap_index = 34465, .adv_w = 384, .box_w = 23, .box_h = 23, .ofs_x = 0, .ofs_y = -2},
    {.bitmap_index = 34730, .adv_w = 384, .box_w = 24, .box_h = 22, .ofs_x = 0, .ofs_y = -2},
    {.bitmap_index = 34994, .adv_w = 384, .box_w = 23, .box_h = 22, .ofs_x = 0, .ofs_y = -2},
    {.bitmap_index = 35247, .adv_w = 384, .box_w = 24, .box_h = 24, .ofs_x = 0, .ofs_y = -3},
    {.bitmap_index = 35535, .adv_w = 384, .box_w = 23, .box_h = 23, .ofs_x = 0, .ofs_y = -2},
    {.bitmap_index = 35800, .adv_w = 384, .box_w = 24, .box_h = 23, .ofs_x = 0, .ofs_y = -3},
    {.bitmap_index = 36076, .adv_w = 384, .box_w = 23, .box_h = 23, .ofs_x = 0, .ofs_y = -2},
    {.bitmap_index = 36341, .adv_w = 384, .box_w = 23, .box_h = 23, .ofs_x = 0, .ofs_y = -3},
    {.bitmap_index = 36606, .adv_w = 384, .box_w = 22, .box_h = 23, .ofs_x = 1, .ofs_y = -2},
    {.bitmap_index = 36859, .adv_w = 384, .box_w = 22, .box_h = 20, .ofs_x = 1, .ofs_y = -1},
    {.bitmap_index = 37079, .adv_w = 384, .box_w = 22, .box_h = 22, .ofs_x = 1, .ofs_y = -2},
    {.bitmap_index = 37321, .adv_w = 384, .box_w = 24, .box_h = 23, .ofs_x = 0, .ofs_y = -2},
    {.bitmap_index = 37597, .adv_w = 384, .box_w = 22, .box_h = 23, .ofs_x = 1, .ofs_y = -2},
    {.bitmap_index = 37850, .adv_w = 384, .box_w = 24, .box_h = 23, .ofs_x = 0, .ofs_y = -2},
    {.bitmap_index = 38126, .adv_w = 384, .box_w = 22, .box_h = 24, .ofs_x = 1, .ofs_y = -3},
    {.bitmap_index = 38390, .adv_w = 384, .box_w = 23, .box_h = 23, .ofs_x = 1, .ofs_y = -2},
    {.bitmap_index = 38655, .adv_w = 384, .box_w = 22, .box_h = 23, .ofs_x = 1, .ofs_y = -3},
    {.bitmap_index = 38908, .adv_w = 384, .box_w = 22, .box_h = 24, .ofs_x = 1, .ofs_y = -3},
    {.bitmap_index = 39172, .adv_w = 384, .box_w = 23, .box_h = 22, .ofs_x = 0, .ofs_y = -2},
    {.bitmap_index = 39425, .adv_w = 384, .box_w = 22, .box_h = 24, .ofs_x = 1, .ofs_y = -3},
    {.bitmap_index = 39689, .adv_w = 384, .box_w = 24, .box_h = 24, .ofs_x = 0, .ofs_y = -3},
    {.bitmap_index = 39977, .adv_w = 384, .box_w = 24, .box_h = 23, .ofs_x = 0, .ofs_y = -3},
    {.bitmap_index = 40253, .adv_w = 384, .box_w = 19, .box_h = 21, .ofs_x = 3, .ofs_y = -2},
    {.bitmap_index = 40453, .adv_w = 384, .box_w = 22, .box_h = 23, .ofs_x = 1, .ofs_y = -3},
    {.bitmap_index = 40706, .adv_w = 384, .box_w = 23, .box_h = 22, .ofs_x = 0, .ofs_y = -3},
    {.bitmap_index = 40959, .adv_w = 384, .box_w = 23, .box_h = 24, .ofs_x = 0, .ofs_y = -3},
    {.bitmap_index = 41235, .adv_w = 384, .box_w = 22, .box_h = 24, .ofs_x = 0, .ofs_y = -3},
    {.bitmap_index = 41499, .adv_w = 384, .box_w = 24, .box_h = 23, .ofs_x = 0, .ofs_y = -2},
    {.bitmap_index = 41775, .adv_w = 384, .box_w = 22, .box_h = 21, .ofs_x = 1, .ofs_y = -2},
    {.bitmap_index = 42006, .adv_w = 384, .box_w = 23, .box_h = 22, .ofs_x = 0, .ofs_y = -2},
    {.bitmap_index = 42259, .adv_w = 384, .box_w = 23, .box_h = 24, .ofs_x = 0, .ofs_y = -3},
    {.bitmap_index = 42535, .adv_w = 384, .box_w = 23, .box_h = 24, .ofs_x = 0, .ofs_y = -3},
    {.bitmap_index = 42811, .adv_w = 384, .box_w = 23, .box_h = 23, .ofs_x = 0, .ofs_y = -2},
    {.bitmap_index = 43076, .adv_w = 384, .box_w = 23, .box_h = 23, .ofs_x = 1, .ofs_y = -2},
    {.bitmap_index = 43341, .adv_w = 384, .box_w = 22, .box_h = 24, .ofs_x = 1, .ofs_y = -3},
    {.bitmap_index = 43605, .adv_w = 384, .box_w = 23, .box_h = 23, .ofs_x = 1, .ofs_y = -2},
    {.bitmap_index = 43870, .adv_w = 384, .box_w = 22, .box_h = 22, .ofs_x = 1, .ofs_y = -2},
    {.bitmap_index = 44112, .adv_w = 384, .box_w = 24, .box_h = 24, .ofs_x = 0, .ofs_y = -3},
    {.bitmap_index = 44400, .adv_w = 384, .box_w = 23, .box_h = 22, .ofs_x = 0, .ofs_y = -1},
    {.bitmap_index = 44653, .adv_w = 384, .box_w = 23, .box_h = 23, .ofs_x = 0, .ofs_y = -2},
    {.bitmap_index = 44918, .adv_w = 384, .box_w = 23, .box_h = 24, .ofs_x = 0, .ofs_y = -3},
    {.bitmap_index = 45194, .adv_w = 384, .box_w = 22, .box_h = 22, .ofs_x = 1, .ofs_y = -2},
    {.bitmap_index = 45436, .adv_w = 384, .box_w = 22, .box_h = 24, .ofs_x = 1, .ofs_y = -3},
    {.bitmap_index = 45700, .adv_w = 384, .box_w = 23, .box_h = 24, .ofs_x = 0, .ofs_y = -3},
    {.bitmap_index = 45976, .adv_w = 384, .box_w = 23, .box_h = 24, .ofs_x = 1, .ofs_y = -3},
    {.bitmap_index = 46252, .adv_w = 384, .box_w = 23, .box_h = 23, .ofs_x = 1, .ofs_y = -2},
    {.bitmap_index = 46517, .adv_w = 384, .box_w = 23, .box_h = 24, .ofs_x = 0, .ofs_y = -3},
    {.bitmap_index = 46793, .adv_w = 384, .box_w = 23, .box_h = 24, .ofs_x = 0, .ofs_y = -3},
    {.bitmap_index = 47069, .adv_w = 384, .box_w = 23, .box_h = 23, .ofs_x = 1, .ofs_y = -2},
    {.bitmap_index = 47334, .adv_w = 384, .box_w = 22, .box_h = 24, .ofs_x = 1, .ofs_y = -3},
    {.bitmap_index = 47598, .adv_w = 384, .box_w = 22, .box_h = 23, .ofs_x = 1, .ofs_y = -2},
    {.bitmap_index = 47851, .adv_w = 384, .box_w = 24, .box_h = 23, .ofs_x = 0, .ofs_y = -2},
    {.bitmap_index = 48127, .adv_w = 384, .box_w = 23, .box_h = 23, .ofs_x = 1, .ofs_y = -2},
    {.bitmap_index = 48392, .adv_w = 384, .box_w = 23, .box_h = 22, .ofs_x = 1, .ofs_y = -2},
    {.bitmap_index = 48645, .adv_w = 384, .box_w = 23, .box_h = 22, .ofs_x = 1, .ofs_y = -2},
    {.bitmap_index = 48898, .adv_w = 384, .box_w = 22, .box_h = 24, .ofs_x = 1, .ofs_y = -3},
    {.bitmap_index = 49162, .adv_w = 384, .box_w = 23, .box_h = 22, .ofs_x = 1, .ofs_y = -2},
    {.bitmap_index = 49415, .adv_w = 384, .box_w = 22, .box_h = 23, .ofs_x = 1, .ofs_y = -2},
    {.bitmap_index = 49668, .adv_w = 384, .box_w = 22, .box_h = 22, .ofs_x = 1, .ofs_y = -2},
    {.bitmap_index = 49910, .adv_w = 384, .box_w = 23, .box_h = 22, .ofs_x = 1, .ofs_y = -2},
    {.bitmap_index = 50163, .adv_w = 384, .box_w = 23, .box_h = 24, .ofs_x = 1, .ofs_y = -3},
    {.bitmap_index = 50439, .adv_w = 384, .box_w = 23, .box_h = 23, .ofs_x = 1, .ofs_y = -2},
    {.bitmap_index = 50704, .adv_w = 384, .box_w = 22, .box_h = 23, .ofs_x = 1, .ofs_y = -3},
    {.bitmap_index = 50957, .adv_w = 384, .box_w = 24, .box_h = 23, .ofs_x = 0, .ofs_y = -2},
    {.bitmap_index = 51233, .adv_w = 384, .box_w = 23, .box_h = 24, .ofs_x = 0, .ofs_y = -3},
    {.bitmap_index = 51509, .adv_w = 384, .box_w = 24, .box_h = 24, .ofs_x = 0, .ofs_y = -3},
    {.bitmap_index = 51797, .adv_w = 384, .box_w = 24, .box_h = 22, .ofs_x = 0, .ofs_y = -3},
    {.bitmap_index = 52061, .adv_w = 384, .box_w = 24, .box_h = 22, .ofs_x = 0, .ofs_y = -2},
    {.bitmap_index = 52325, .adv_w = 384, .box_w = 24, .box_h = 23, .ofs_x = 0, .ofs_y = -3},
    {.bitmap_index = 52601, .adv_w = 384, .box_w = 24, .box_h = 22, .ofs_x = 0, .ofs_y = -2},
    {.bitmap_index = 52865, .adv_w = 384, .box_w = 24, .box_h = 23, .ofs_x = 0, .ofs_y = -3},
    {.bitmap_index = 53141, .adv_w = 384, .box_w = 23, .box_h = 22, .ofs_x = 0, .ofs_y = -2},
    {.bitmap_index = 53394, .adv_w = 384, .box_w = 23, .box_h = 22, .ofs_x = 1, .ofs_y = -2},
    {.bitmap_index = 53647, .adv_w = 384, .box_w = 24, .box_h = 22, .ofs_x = 0, .ofs_y = -2},
    {.bitmap_index = 53911, .adv_w = 384, .box_w = 23, .box_h = 24, .ofs_x = 1, .ofs_y = -3},
    {.bitmap_index = 54187, .adv_w = 384, .box_w = 22, .box_h = 22, .ofs_x = 1, .ofs_y = -2},
    {.bitmap_index = 54429, .adv_w = 384, .box_w = 23, .box_h = 23, .ofs_x = 1, .ofs_y = -2},
    {.bitmap_index = 54694, .adv_w = 384, .box_w = 24, .box_h = 23, .ofs_x = 0, .ofs_y = -3},
    {.bitmap_index = 54970, .adv_w = 384, .box_w = 23, .box_h = 23, .ofs_x = 0, .ofs_y = -2},
    {.bitmap_index = 55235, .adv_w = 384, .box_w = 23, .box_h = 22, .ofs_x = 1, .ofs_y = -2},
    {.bitmap_index = 55488, .adv_w = 384, .box_w = 23, .box_h = 22, .ofs_x = 1, .ofs_y = -2},
    {.bitmap_index = 55741, .adv_w = 384, .box_w = 24, .box_h = 23, .ofs_x = 0, .ofs_y = -2},
    {.bitmap_index = 56017, .adv_w = 384, .box_w = 23, .box_h = 23, .ofs_x = 1, .ofs_y = -2},
    {.bitmap_index = 56282, .adv_w = 384, .box_w = 24, .box_h = 24, .ofs_x = 0, .ofs_y = -3},
    {.bitmap_index = 56570, .adv_w = 384, .box_w = 20, .box_h = 22, .ofs_x = 2, .ofs_y = -2},
    {.bitmap_index = 56790, .adv_w = 384, .box_w = 20, .box_h = 23, .ofs_x = 2, .ofs_y = -2},
    {.bitmap_index = 57020, .adv_w = 384, .box_w = 21, .box_h = 22, .ofs_x = 2, .ofs_y = -2},
    {.bitmap_index = 57251, .adv_w = 384, .box_w = 22, .box_h = 21, .ofs_x = 1, .ofs_y = -2},
    {.bitmap_index = 57482, .adv_w = 384, .box_w = 22, .box_h = 21, .ofs_x = 1, .ofs_y = -2},
    {.bitmap_index = 57713, .adv_w = 384, .box_w = 23, .box_h = 22, .ofs_x = 1, .ofs_y = -2},
    {.bitmap_index = 57966, .adv_w = 384, .box_w = 23, .box_h = 23, .ofs_x = 0, .ofs_y = -2},
    {.bitmap_index = 58231, .adv_w = 384, .box_w = 24, .box_h = 24, .ofs_x = 0, .ofs_y = -3},
    {.bitmap_index = 58519, .adv_w = 384, .box_w = 22, .box_h = 23, .ofs_x = 1, .ofs_y = -2},
    {.bitmap_index = 58772, .adv_w = 384, .box_w = 7, .box_h = 24, .ofs_x = 16, .ofs_y = -3},
    {.bitmap_index = 58856, .adv_w = 384, .box_w = 7, .box_h = 24, .ofs_x = 1, .ofs_y = -3},
    {.bitmap_index = 58940, .adv_w = 384, .box_w = 5, .box_h = 9, .ofs_x = 3, .ofs_y = -3},
    {.bitmap_index = 58963, .adv_w = 384, .box_w = 4, .box_h = 17, .ofs_x = 4, .ofs_y = -1}
};

/*---------------------
 *  CHARACTER MAPPING
 *--------------------*/

static const uint16_t unicode_list_1[] = {
    0x00, 0x07, 0x1f63, 0x1f64, 0x2053, 0x2162, 0x2502, 0x250c,
    0x251f, 0x4d50, 0x4d5a, 0x4d5b, 0x4d5e, 0x4d74, 0x4d7a, 0x4d7d,
    0x4d82, 0x4ddc, 0x4dfe, 0x4e3a, 0x4e70, 0x4e9d, 0x4e9e, 0x4ea3,
    0x4eac, 0x4f2d, 0x4f31, 0x4f3e, 0x4f8c, 0x5099, 0x50b5, 0x50e9,
    0x5116, 0x511f, 0x514a, 0x516b, 0x5180, 0x519d, 0x51b9, 0x51ef,
    0x520f, 0x5266, 0x52a5, 0x52ef, 0x5312, 0x5326, 0x5343, 0x5347,
    0x535d, 0x53b8, 0x55b8, 0x561a, 0x562e, 0x5644, 0x56db, 0x57ee,
    0x5857, 0x5877, 0x5884, 0x5aa0, 0x5aa7, 0x5aa8, 0x5aea, 0x5aee,
    0x5b16, 0x5b54, 0x5b90, 0x5b92, 0x5d36, 0x5d42, 0x5d53, 0x5d88,
    0x5ddf, 0x5df6, 0x5e46, 0x5e4a, 0x5e53, 0x5e5f, 0x5ea3, 0x5ea5,
    0x5ed5, 0x5f0d, 0x5f51, 0x5fbf, 0x605f, 0x606f, 0x6160, 0x61f5,
    0x6239, 0x6251, 0x6259, 0x62b2, 0x62be, 0x631f, 0x6320, 0x641d,
    0x647f, 0x6489, 0x648e, 0x64c0, 0x64c4, 0x64d7, 0x655e, 0x6570,
    0x6650, 0x666f, 0x668a, 0x66b1, 0x6757, 0x675f, 0x6771, 0x6787,
    0x678c, 0x6810, 0x6971, 0x6a71, 0x6ab3, 0x6ab5, 0x6b64, 0x6b72,
    0x6b77, 0x6b7e, 0x6c38, 0x6c9b, 0x6c9f, 0x6cd8, 0x7009, 0x7047,
    0x7206, 0x7482, 0x749c, 0x7751, 0x77bb, 0x77be, 0x7803, 0x788a,
    0x791d, 0x794b, 0x7a76, 0x7a99, 0x7ace, 0x7afd, 0x7bcb, 0x7c4b,
    0x7e2f, 0x7e37, 0x7e3d, 0x7e66, 0x7ebe, 0x801c, 0x8046, 0x8253,
    0x832c, 0x879c, 0x87b8, 0x8815, 0x8918, 0x8950, 0x8ab6, 0x8af4,
    0x8b00, 0x8b0e, 0x8b0f, 0x8b11, 0x8b35, 0x8b3d, 0x8b3f, 0x8b44,
    0x8b47, 0x8b53, 0x8cdb, 0x8ee1, 0x8ee3, 0x8f20, 0x8f24, 0x8f28,
    0x8f2b, 0x8f2e, 0x8f2f, 0x8f40, 0x8f50, 0x8f59, 0x8f60, 0x8f62,
    0x8f6a, 0x8fa3, 0x9117, 0x911f, 0x9451, 0x9469, 0x947e, 0x953e,
    0x9558, 0x95a0, 0x96b2, 0x97c5, 0x97c6, 0x98c0, 0x99dc, 0x9a28,
    0xfe58, 0xfe59, 0xfe5c, 0xfe6a
};

/*Collect the unicode lists and glyph_id offsets*/
static const lv_font_fmt_txt_cmap_t cmaps[] =
{
    {
        .range_start = 32, .range_length = 95, .glyph_id_start = 1,
        .unicode_list = NULL, .glyph_id_ofs_list = NULL, .list_length = 0, .type = LV_FONT_FMT_TXT_CMAP_FORMAT0_TINY
    },
    {
        .range_start = 176, .range_length = 65131, .glyph_id_start = 96,
        .unicode_list = unicode_list_1, .glyph_id_ofs_list = NULL, .list_length = 204, .type = LV_FONT_FMT_TXT_CMAP_SPARSE_TINY
    }
};

/*-----------------
 *    KERNING
 *----------------*/

/*Map glyph_ids to kern left classes*/
static const uint8_t kern_left_class_mapping[] =
{
    0, 0, 0, 1, 0, 0, 0, 0,
    1, 2, 0, 0, 0, 3, 4, 3,
    5, 0, 0, 0, 0, 0, 0, 0,
    0, 0, 0, 6, 6, 0, 0, 0,
    0, 0, 7, 8, 9, 10, 11, 12,
    13, 0, 0, 14, 15, 16, 0, 0,
    10, 17, 10, 18, 19, 20, 21, 22,
    23, 24, 25, 26, 2, 27, 0, 0,
    0, 0, 28, 29, 30, 0, 31, 32,
    33, 34, 0, 0, 35, 36, 34, 34,
    29, 29, 37, 38, 39, 40, 37, 41,
    42, 43, 44, 45, 2, 0, 0, 0,
    0, 0, 4, 4, 0, 0, 0, 0,
    0, 0, 0, 0, 0, 0, 0, 0,
    0, 0, 0, 0, 0, 0, 0, 0,
    0, 0, 0, 0, 0, 0, 0, 0,
    0, 0, 0, 0, 0, 0, 0, 0,
    0, 0, 0, 0, 0, 0, 0, 0,
    0, 0, 0, 0, 0, 0, 0, 0,
    0, 0, 0, 0, 0, 0, 0, 0,
    0, 0, 0, 0, 0, 0, 0, 0,
    0, 0, 0, 0, 0, 0, 0, 0,
    0, 0, 0, 0, 0, 0, 0, 0,
    0, 0, 0, 0, 0, 0, 0, 0,
    0, 0, 0, 0, 0, 0, 0, 0,
    0, 0, 0, 0, 0, 0, 0, 0,
    0, 0, 0, 0, 0, 0, 0, 0,
    0, 0, 0, 0, 0, 0, 0, 0,
    0, 0, 0, 0, 0, 0, 0, 0,
    0, 0, 0, 0, 0, 0, 0, 0,
    0, 0, 0, 0, 0, 0, 0, 0,
    0, 0, 0, 0, 0, 0, 0, 0,
    0, 0, 0, 0, 0, 0, 0, 0,
    0, 0, 0, 0, 0, 0, 0, 0,
    0, 0, 0, 0, 0, 0, 0, 0,
    0, 0, 0, 0, 0, 0, 0, 0,
    0, 0, 0, 0, 0, 0, 0, 0,
    0, 0, 0, 0
};

/*Map glyph_ids to kern right classes*/
static const uint8_t kern_right_class_mapping[] =
{
    0, 0, 1, 2, 0, 0, 0, 0,
    2, 0, 3, 4, 0, 5, 6, 7,
    8, 0, 0, 0, 0, 0, 0, 0,
    0, 0, 0, 9, 10, 0, 0, 0,
    11, 0, 12, 0, 13, 0, 0, 0,
    13, 0, 0, 14, 0, 0, 0, 0,
    13, 0, 13, 0, 15, 16, 17, 18,
    19, 20, 21, 22, 0, 23, 3, 0,
    0, 0, 24, 0, 25, 25, 25, 26,
    27, 0, 28, 29, 0, 0, 30, 30,
    25, 30, 25, 30, 31, 32, 33, 34,
    35, 36, 37, 38, 0, 0, 3, 0,
    0, 0, 6, 6, 0, 0, 0, 0,
    0, 0, 0, 0, 0, 0, 0, 0,
    0, 0, 0, 0, 0, 0, 0, 0,
    0, 0, 0, 0, 0, 0, 0, 0,
    0, 0, 0, 0, 0, 0, 0, 0,
    0, 0, 0, 0, 0, 0, 0, 0,
    0, 0, 0, 0, 0, 0, 0, 0,
    0, 0, 0, 0, 0, 0, 0, 0,
    0, 0, 0, 0, 0, 0, 0, 0,
    0, 0, 0, 0, 0, 0, 0, 0,
    0, 0, 0, 0, 0, 0, 0, 0,
    0, 0, 0, 0, 0, 0, 0, 0,
    0, 0, 0, 0, 0, 0, 0, 0,
    0, 0, 0, 0, 0, 0, 0, 0,
    0, 0, 0, 0, 0, 0, 0, 0,
    0, 0, 0, 0, 0, 0, 0, 0,
    0, 0, 0, 0, 0, 0, 0, 0,
    0, 0, 0, 0, 0, 0, 0, 0,
    0, 0, 0, 0, 0, 0, 0, 0,
    0, 0, 0, 0, 0, 0, 0, 0,
    0, 0, 0, 0, 0, 0, 0, 0,
    0, 0, 0, 0, 0, 0, 0, 0,
    0, 0, 0, 0, 0, 0, 0, 0,
    0, 0, 0, 0, 0, 0, 0, 0,
    0, 0, 0, 0, 0, 0, 0, 0,
    0, 0, 0, 0
};

/*Kern values between classes*/
static const int8_t kern_class_values[] =
{
    0, 0, 0, 0, -48, 0, -48, 0,
    0, 0, 0, -22, 0, -40, -4, 0,
    0, 0, 0, -4, 0, 0, 0, 0,
    -13, 0, 0, 0, 0, 0, -8, 0,
    0, 0, 0, 0, 0, 0, 0, 0,
    0, 0, 0, 0, 0, 0, 0, 0,
    0, 0, 0, -8, 0, 0, 0, 0,
    0, 0, 0, 0, 0, 0, 0, 0,
    0, 0, 34, 0, 0, 0, 0, 0,
    0, 0, 0, 0, 0, -39, 0, -57,
    0, 0, 0, 0, 0, 0, 0, 0,
    0, 0, 0, -42, -8, -27, -14, 0,
    -38, 0, 0, 0, -5, 0, 0, 0,
    11, 0, 0, -18, 0, -13, -9, 0,
    -8, 0, 0, 0, 0, 0, 0, 0,
    0, 0, 0, 0, 0, 0, 0, -8,
    -7, -20, 0, -8, -4, -11, -28, -8,
    0, 0, 0, 0, 0, 0, 0, 0,
    0, -12, 0, -3, 0, -6, 0, 0,
    0, 0, 0, 0, 0, 0, 0, 0,
    0, 0, 0, -17, -4, -34, 0, 0,
    0, 0, 0, 0, 0, 0, 0, -10,
    -14, 0, -4, 12, 12, 0, 0, 5,
    -8, 0, 0, 0, 0, 0, 0, 0,
    0, -22, 0, 0, 0, 0, 0, 0,
    0, 0, 0, 0, 0, 0, 0, 0,
    0, 0, -11, 0, 0, 0, 0, 0,
    0, 0, 2, 0, 0, 0, 0, 0,
    0, 0, 0, 0, 0, -22, 0, -41,
    0, 0, 0, 0, 0, 0, -11, -3,
    -4, 0, 0, -22, -7, -6, 0, 2,
    -6, -3, -17, 10, 0, -4, 0, 0,
    0, 0, 10, -6, -3, -3, -2, -2,
    -3, 0, 0, 0, 0, -13, 0, 0,
    0, 0, 0, 0, 0, 0, 0, -7,
    -6, -10, 0, -2, -2, -2, -6, -2,
    0, 0, 0, 0, 0, 0, 0, 0,
    0, -4, 0, -6, -4, -4, -6, 0,
    0, 0, 0, 0, 0, -11, 0, 0,
    0, 0, 0, 0, -12, -4, -10, -8,
    -6, -2, -2, -2, -3, -4, 0, 0,
    0, 0, -8, 0, 0, 0, 0, -11,
    -4, -6, -4, 0, -6, 0, 0, 0,
    0, -15, 0, 0, 0, -8, 0, 0,
    0, -4, 0, -16, 0, -10, 0, -4,
    -3, -7, -8, -8, 0, 0, 0, 0,
    0, 0, 0, 0, 0, 0, 0, 0,
    0, -6, 0, -3, 0, 0, 0, 0,
    0, 0, 0, 0, 0, 0, 0, 0,
    0, 0, 0, 0, 0, 0, 0, 0,
    0, 0, 0, 0, -4, 0, 0, 0,
    0, 0, 0, -10, 0, -4, 0, -12,
    -4, 0, 0, 0, 0, 0, -30, 0,
    -30, -31, 0, 0, 0, -16, -4, -60,
    -8, 0, 0, 2, 2, -10, 2, -13,
    0, -14, -6, 0, -10, 0, 0, -8,
    -8, -4, -7, -8, -7, -11, -7, -11,
    0, 0, 0, -12, 0, 0, 0, 0,
    0, 0, 0, -2, 0, 0, 0, -8,
    0, -6, -2, 0, 0, 0, 0, 0,
    0, 0, 0, 0, 0, 0, 0, 0,
    0, 0, 0, 0, 0, 0, 0, 0,
    0, 0, -10, 0, -10, 0, 0, 0,
    0, 0, 0, -17, 0, 0, 0, 0,
    0, 0, 0, 0, 0, 0, 0, 0,
    0, 0, 0, 0, 0, 0, 0, 0,
    0, 0, 0, 0, 0, -8, 0, -17,
    0, -11, 0, 0, 0, 0, -3, -4,
    -8, 0, -3, -7, -6, -5, -4, 0,
    -7, 0, 0, 0, -3, 0, 0, 0,
    -4, 0, 0, -13, -6, -8, -7, -7,
    -8, -6, 0, -35, 0, -64, 0, -24,
    0, 0, 0, 0, -13, 2, -11, 0,
    -9, -51, -12, -32, -24, 0, -32, 0,
    -34, 0, -5, -6, -2, 0, 0, 0,
    0, -8, -4, -14, -14, 0, -14, 0,
    0, 0, 0, 0, -47, -15, -47, -34,
    0, 0, 0, -22, 0, -63, -4, -11,
    0, 0, 0, -10, -4, -35, 0, -19,
    -10, 0, -14, 0, 0, 0, -4, 0,
    0, 0, 0, -6, 0, -8, 0, 0,
    0, -4, 0, -13, 0, 0, 0, 0,
    0, -2, 0, -8, -6, -6, 0, 3,
    3, -2, 0, -4, 0, -2, -4, 0,
    -2, 0, 0, 0, 0, 0, 0, 0,
    0, -3, 0, -3, 0, 0, 0, -7,
    0, 6, 0, 0, 0, 0, 0, 0,
    0, -6, -6, -8, 0, 0, 0, 0,
    -6, 0, 0, 0, 0, 0, 0, 0,
    0, 0, 0, -10, 0, 0, 0, 0,
    0, 0, 0, 0, 0, 0, -45, -31,
    -45, -40, -8, -8, 0, -17, -10, -55,
    -18, 0, 0, 0, 0, -8, -6, -24,
    0, -31, -28, -8, -31, 0, 0, -20,
    -25, -8, -20, -15, -15, -18, -15, -33,
    0, 0, 0, 0, -7, 0, -7, -14,
    0, 0, 0, -7, 0, -20, -4, 0,
    0, -2, 0, -4, -6, 0, 0, -2,
    0, 0, -4, 0, 0, 0, -2, 0,
    0, 0, 0, -3, 0, 0, 0, 0,
    0, 0, -27, -8, -27, -21, 0, 0,
    0, -6, -4, -31, -4, 0, -4, 4,
    0, 0, 0, -8, 0, -9, -6, 0,
    -9, 0, 0, -8, -5, 0, -13, -4,
    -4, -6, -4, -11, 0, 0, 0, 0,
    -14, -4, -14, -14, 0, 0, 0, 0,
    -3, -29, -3, 0, 0, 0, 0, 0,
    0, -3, 0, -7, 0, 0, -6, 0,
    0, 0, 0, 0, 0, 0, 0, 0,
    0, -4, 0, -4, 0, -4, 0, -11,
    0, 0, 0, 0, 0, 2, -7, 0,
    -6, -8, -4, 0, 0, 0, 0, 0,
    0, -4, -3, -7, 0, 0, 0, 0,
    0, -7, -4, -7, -6, -4, -7, -6,
    0, 0, 0, 0, -38, -28, -38, -30,
    -10, -10, -3, -6, -6, -43, -7, -6,
    -4, 0, 0, 0, 0, -12, 0, -28,
    -17, 0, -26, 0, 0, -17, -17, -11,
    -14, -6, -10, -14, -6, -20, 0, 0,
    0, 0, 0, -15, 0, 0, 0, 0,
    0, -3, -8, -15, -13, 0, -4, -3,
    -3, 0, -6, -7, 0, -7, -10, -8,
    -6, 0, 0, 0, 0, -6, -10, -7,
    -7, -10, -7, 0, 0, 0, 0, 0,
    0, 0, 0, 0, 0, 0, 0, 0,
    0, 0, 0, -38, -13, -23, -13, 0,
    -31, 0, 0, 0, 0, 0, 15, 0,
    31, 0, 0, 0, 0, -8, -4, 0,
    6, 0, 0, 0, 0, -24, 0, 0,
    0, 0, 0, 0, -4, 0, 0, 0,
    0, -10, 0, -7, -2, 0, -10, 0,
    0, 0, 0, 0, 0, 0, 0, 0,
    0, -6, 0, 0, 0, 0, 0, 0,
    0, -13, 0, -12, -4, 3, -4, 0,
    0, 0, -4, 0, 0, 0, 0, -25,
    0, -8, 0, -2, -19, 0, -11, -6,
    0, 0, 0, 0, 0, 0, 0, -7,
    0, -2, -2, -7, -2, -2, 0, 0,
    0, 0, 0, -8, 0, 0, 0, 0,
    0, 0, 0, 0, 0, -8, 0, -6,
    0, 0, -10, 0, 0, -4, -9, 0,
    -4, 0, 0, 0, 0, -4, 0, 3,
    3, 4, 3, 0, 0, 0, 0, -15,
    0, 4, 0, 0, 0, 0, -3, 0,
    0, -8, -8, -10, 0, -7, -4, 0,
    -11, 0, -8, -6, 0, 0, -4, 0,
    0, 0, 0, -4, 0, 3, 3, -3,
    3, 0, 7, 17, 22, 0, -20, -6,
    -20, -7, 0, 0, 12, 0, 0, 0,
    0, 20, 0, 29, 20, 15, 26, 0,
    28, -8, -4, 0, -6, 0, -4, 0,
    -2, 0, 0, 6, 0, -2, 0, -6,
    0, 0, 7, -15, 0, 0, 0, 22,
    0, 0, -15, 0, 0, 0, 0, -11,
    0, 0, 0, 0, -6, 0, 0, -7,
    -6, 0, 0, 0, 15, 0, 0, 0,
    0, -2, -2, 0, 7, -6, 0, 0,
    0, -15, 0, 0, 0, 0, 0, 0,
    -3, 0, 0, 0, 0, -10, 0, -4,
    0, 0, -7, 0, 0, 0, 0, 0,
    0, 0, 0, 0, 0, 0, 0, 0,
    0, 0, 0, 0, 0, 0, 0, -9,
    6, -17, 6, 0, 6, 6, -4, 0,
    0, 0, 0, -14, 0, 0, 0, 0,
    -5, 0, 0, -4, -7, 0, -4, 0,
    -4, 0, 0, -8, -6, 0, 0, -3,
    0, -3, 0, 0, 0, 0, 0, 0,
    0, 0, 0, 0, 0, 0, 0, 0,
    0, 0, 0, 0, 0, 0, 0, 0,
    0, 0, 0, 0, 0, 0, 3, 0,
    0, 0, 0, 0, 0, 0, 0, 0,
    0, 0, 0, -11, 0, 0, 0, 0,
    0, 0, 0, 0, 0, 0, 0, -8,
    0, -6, 0, 0, -13, 0, 0, 0,
    0, 0, 0, 0, 0, 0, 0, 0,
    0, 0, 0, 0, 0, 0, 0, 0,
    0, 0, -22, -10, -22, -15, 12, 12,
    0, -6, 0, -22, 0, 0, 0, 0,
    0, 0, 0, -4, 6, -10, -4, 0,
    -4, 0, 0, 0, -2, 0, 0, 12,
    9, 0, 12, -2, 0, 0, 0, -22,
    0, 4, 0, 0, 0, 0, -4, 0,
    0, 0, 0, -10, 0, -4, 0, 0,
    -8, 0, 0, 0, 0, 0, 0, 0,
    0, 0, 0, -8, 0, 0, 0, 0,
    0, 0, 0, 0, 0, 0, 4, -11,
    4, 5, 7, 7, -11, 0, 0, 0,
    0, -6, 0, 0, 0, 0, -2, 0,
    0, -9, -6, 0, -4, 0, 0, 0,
    -4, -8, 0, 0, 0, -7, 0, 0,
    0, 0, 0, -5, -13, -3, -13, -8,
    0, 0, 0, -5, 0, -17, 0, -8,
    0, -4, 0, 0, -6, -4, 0, -8,
    -2, 0, 0, 0, -4, 0, 0, 0,
    0, 0, 0, 0, 0, -10, 0, 0,
    0, -5, -15, 0, -15, -3, 0, 0,
    0, -2, 0, -13, 0, -10, 0, -4,
    0, -6, -10, 0, 0, -4, -2, 0,
    0, 0, -4, 0, 0, 0, 0, 0,
    0, 0, 0, -7, -6, 0, 0, -10,
    3, -6, -3, 0, 0, 3, 0, 0,
    -4, 0, -2, -15, 0, -6, 0, -4,
    -14, 0, 0, -4, -7, 0, 0, 0,
    0, 0, 0, -10, 0, 0, 0, 0,
    0, 0, 0, 0, 0, 0, -13, 0,
    -13, -7, 0, 0, 0, 0, 0, -17,
    0, -8, 0, -2, 0, -2, -3, 0,
    0, -8, -2, 0, 0, 0, -4, 0,
    0, 0, 0, 0, 0, -6, 0, -10,
    0, 0, 0, 0, 0, -7, 0, 0,
    0, 0, 0, 0, 0, 0, 0, -12,
    0, 0, 0, 0, -13, 0, 0, -10,
    -4, 0, -3, 0, 0, 0, 0, 0,
    -4, -2, 0, 0, -2, 0
};

/*Collect the kern class' data in one place*/
static const lv_font_fmt_txt_kern_classes_t kern_classes =
{
    .class_pair_values   = kern_class_values,
    .left_class_mapping  = kern_left_class_mapping,
    .right_class_mapping = kern_right_class_mapping,
    .left_class_cnt      = 45,
    .right_class_cnt     = 38,
};

/*--------------------
 *  ALL CUSTOM DATA
 *--------------------*/

#if LVGL_VERSION_MAJOR == 8
/*Store all the custom data of the font*/
static  lv_font_fmt_txt_glyph_cache_t cache;
#endif

#if LVGL_VERSION_MAJOR >= 8
static const lv_font_fmt_txt_dsc_t font_dsc = {
#else
static lv_font_fmt_txt_dsc_t font_dsc = {
#endif
    .glyph_bitmap = glyph_bitmap,
    .glyph_dsc = glyph_dsc,
    .cmaps = cmaps,
    .kern_dsc = &kern_classes,
    .kern_scale = 16,
    .cmap_num = 2,
    .bpp = 4,
    .kern_classes = 1,
    .bitmap_format = 0,
#if LVGL_VERSION_MAJOR == 8
    .cache = &cache
#endif

};



/*-----------------
 *  PUBLIC FONT
 *----------------*/

/*Initialize a public general font descriptor*/
#if LVGL_VERSION_MAJOR >= 8
const lv_font_t ui_font_CJK_24 = {
#else
lv_font_t ui_font_CJK_24 = {
#endif
    .get_glyph_dsc = lv_font_get_glyph_dsc_fmt_txt,    /*Function pointer to get glyph's data*/
    .get_glyph_bitmap = lv_font_get_bitmap_fmt_txt,    /*Function pointer to get glyph's bitmap*/
    .line_height = 28,          /*The maximum line height required by the font*/
    .base_line = 7,             /*Baseline measured from the bottom of the line*/
#if LV_VERSION_CHECK(9, 6, 0) || LVGL_VERSION_MAJOR >= 10
    /* .cap_height = 18, */           /*Cap height of the font*/
    /* .x_height = 13, */               /*x-height of the font*/
#endif
#if !(LVGL_VERSION_MAJOR == 6 && LVGL_VERSION_MINOR == 0)
    .subpx = LV_FONT_SUBPX_NONE,
#endif
#if LV_VERSION_CHECK(7, 4, 0) || LVGL_VERSION_MAJOR >= 8
    .underline_position = -3,
    .underline_thickness = 1,
#endif

#if LV_VERSION_CHECK(9, 3, 0)
    .static_bitmap = 1,    /*Bitmaps are stored as const so they are always static if not compressed */
#endif

    .dsc = &font_dsc,          /*The custom font data. Will be accessed by `get_glyph_bitmap/dsc` */
#if LV_VERSION_CHECK(8, 2, 0) || LVGL_VERSION_MAJOR >= 9
    .fallback = NULL,
#endif
    .user_data = NULL,
};



#endif /*#if UI_FONT_CJK_24*/
